path	bytes	sha256
LICENSE	35149	3972dc9744f6499f0f9b2dbf76696f2ae7ad8af9b23dde66d6af86c9dfb36986
MODEL_CHECKPOINT.sha256	108	b00b276a419e3370f5c10e74567110dbea3859a73bb44c43670eced5432dd424
ARCHIVE_README.md	3236	695628d2964dc128376ea456a9b7bbdb79b0b4750ac40556f4b1b50647b7664a
RESTORE_MAP.tsv	313961	71343fcba1485d6c351235ad5c1e93e25c44621a6e1affa437a53536245b79ca
code/configs/ghost_experiment_vehicle.json	679	156f28234078b66c4871b3b286e52984d98701907a1a1eb8250ffb187156f3ee
code/experiments/ghost_probe/agg_cloud_sweep.py	7864	a5b7adce92171af9b5d177303892097018b93b7a14258cdd1c67aa518911edb8
code/experiments/ghost_probe/agg_five_system_matched.py	14575	a001524e0cbe0a26deb5e1f708135d62c58f31e966acaa25e2b7a7e6e47b2f5f
code/experiments/ghost_probe/agg_strict650.py	15453	b22ed82b2cb41b969279479e3161d83e55449b5b8e047dae092e5bd80acc60e5
code/experiments/ghost_probe/build_cloud_sweep_manifest.py	7827	f5279e59b017c82dbaeadc3ddcdec88a6946eb512ab9bfc497ac9c5ee1a48d3b
code/experiments/ghost_probe/run_cloud_sweep_queue.py	5901	cac59bb0dd5738666f518aa1088cc6b677ac8a1d7825f69e29a1546bac4fc0b7
code/experiments/ghost_probe/run_ghost_experiment.py	40769	5d57b734f156ab507cdd2ba6c81c9860b9448383d1c34418cff466fe3a1127a3
code/experiments/ghost_probe/run_jsonl_our_system_videos.py	10785	47dda6ad2e8cc3df30c34510b533fdb791658428b6914a092262da65488fa1e2
code/experiments/ghost_probe/run_no_ghost_jsonl_efficiency.py	16910	e744e9229284b823270e3234319a4c75ae86cb78868c9e0bd41e2fb89058e2f7
code/experiments/ghost_probe/verify_run_records.py	3807	f9e741cbb26727d1054e7965257b6850b63b263211781d89a14c9b946cd4afc3
code/paper/tits_pa_loi/scripts/compute_candidate_pool_audit.py	7893	bb605d11e6413b3e27a477b042d97e9bf9430c0ad9ad63e645d21f93a9b5c95c
code/paper/tits_pa_loi/scripts/compute_param_paired_stats.py	6820	5fe6b3302d4f21ddefaf5e8375c440b05702b2f22ef961fe4dd07fe188817005
code/paper/tits_pa_loi/scripts/compute_statistics.py	9476	c1ff6ee9234a83466a0315b62debca41bf821cc2bbfc6cba2d85cc2b42ed1813
code/paper/tits_pa_loi/scripts/figure_mechanism_case.py	6374	1f67427c22fc9e6e749b393dd9a821449b74c5d23f4a56125c719b8c55268cbc
code/paper/tits_pa_loi/scripts/generate_figures_tables.py	55505	04290f70db1a840fa3805a1310797e3467798f7e6c7e918ad0bce347b91534b6
code/paper/tits_pa_loi/scripts/generate_sweep_tables.py	10788	ec3d3fb09607c74b97718f9aa9765acb43aea35b3507716266970947c1d4640d
code/paper/tits_pa_loi/scripts/validate_results.py	4597	fdffa3dfb28f3320a04173cb9545a0fd49bb56ef714ebb57771ab143fee72552
code/planners/ilqr/potential.py	14454	89face5fe391eb877ef31a9bbf597d507ba085746dd3dfecd5ba17b203f36ba5
code/planners/mind/baselines.py	10417	b0c6bd7f787f3badd9f3cf73112064367846ffd049309430934ae7da5a9822e1
code/planners/mind/configs/demo_2.json	214	8844e4e0063bcdbf73d7202f846d0cfecad2bd3dcc6cb3a01abd9c7f29dbe2d1
code/planners/mind/configs/networks/net_cfg.py	839	21847613635afb732bb00c631635ed3f9d2c2b55f103ff1a84c318ad1fc9b803
code/planners/mind/configs/planning/demo_2.py	3224	6610b1214646016c0712eade0bbff4d0186a363aefbd5b82782ac11fd3f25584
code/planners/mind/data_logger.py	11254	07b27469be70de0d145ffd493c0c6fe0b897f04ff480aada5a4d004d3771dcc8
code/planners/mind/planner.py	32904	73304906ec286655d3cedc2d0f56034fe134e4b18101e5e773aa8b212782113b
code/planners/mind/utils.py	41517	a594e4d91f8fc12374ab901a0bc01deff9a67812f15277de7f7d46ec3f648546
code/requirements.txt	1138	7c2242ee9ab2891c6269b604748248ef003993597b8986af63a1bf5ed6f23e07
code/simulator.py	14671	bb185f5c14c3404d5156de8f7df49684a07d610604f76f21767ce750cea904fa
geometry/ghost_injection_clean81_clean21_plus_new60_20260607.jsonl	126862	33da7acd5c00990b098e3878cd052dab871e9af5d7639c438e20234ecdde8eac
geometry/ghost_injection_clean81_rep30_speed_sensitivity_d5p5_20260607.jsonl	50867	58a8b7faa183f693de33b5cd672a50b6982bcdffc3c95c89ced9378a8ab354bb
geometry/ghost_injection_new90_le3_candidate_20260606.jsonl	126965	a6b729942e76afddf42f2b7b164e4dbdf0879b2bb6ea571b18819745dc59a71b
geometry/ghost_injection_new90_le3_clean60_strict_20260607.jsonl	87872	989b2cedcea7c5a41e888a708a8e2572ff4354bcc11b9117ca2bcac8ff3329b7
records/baseline_runs/ghost_scene01_f4eaa49a_d3_reachset/summary.json	2053	987e7056c28adfc9f219fe8557fff31bb3c1a70d556d7e8dd19eb18ec3e0215a
records/baseline_runs/ghost_scene01_f4eaa49a_d3_shadow/summary.json	2039	41155060bf6a179e9c3717c10f4e481384fe540fddc078d090bb4164a01c92eb
records/baseline_runs/ghost_scene01_f4eaa49a_d3p5_reachset/summary.json	2060	95699b1b8e8385bc759a76864a95250093105fbdf1748add5815b5d5712c6b25
records/baseline_runs/ghost_scene01_f4eaa49a_d3p5_shadow/summary.json	2046	18887f0b9317a8b90a065c82469498236af4aaff4c3c6d1a814a2ddfcf833757
records/baseline_runs/ghost_scene01_f4eaa49a_d4_reachset/summary.json	2054	aab1f6e9280e2534f4517345f881fd1a05ab0c1cd3d52c2fb8912bc101d5dfef
records/baseline_runs/ghost_scene01_f4eaa49a_d4_shadow/summary.json	2040	69f5c63a79631cf527cc76d348bbccfea967843b107f315725f43a5e12adfb4c
records/baseline_runs/ghost_scene01_f4eaa49a_d4p5_reachset/summary.json	2059	c7f42cdf400ef2cea3974055f10efea809e67b736e232d89e2b303b89a0f1ba7
records/baseline_runs/ghost_scene01_f4eaa49a_d4p5_shadow/summary.json	2046	3bb1960a5d21d48dd9f29a78b27f53d717bf292147522f972145f677964b8453
records/baseline_runs/ghost_scene01_f4eaa49a_d5_reachset/summary.json	2054	a29ec23e5b88fad033c9f05a49c6b01149a331ed565ffb8640224861be6eb1e9
records/baseline_runs/ghost_scene01_f4eaa49a_d5_shadow/summary.json	2040	bd0c853b0e07492ce043a00defd5890ebe206e4d5395f17d82f8019e2940d355
records/baseline_runs/ghost_scene01_f4eaa49a_d5p5_reachset/summary.json	2058	0c15f862d24f608e5dafbb29bdf25faa7408669444dd9bfabecde1eb2fca57ad
records/baseline_runs/ghost_scene01_f4eaa49a_d5p5_shadow/summary.json	2045	c6e98b27fba1c6d0e4e4ef18100f2db8aacf76f930e24623485c3f430a631ebc
records/baseline_runs/ghost_scene02_5c7f8c2a_d3_reachset/summary.json	980	cee0754938a08e246a3d9e0e93cb041fbd9a72c85a3e6fd3f2d255ba565dd575
records/baseline_runs/ghost_scene02_5c7f8c2a_d3_shadow/summary.json	966	e04906e334458cebc123f287fd88242ab11438a59b8fdeb2d5b904cdbe43af70
records/baseline_runs/ghost_scene02_5c7f8c2a_d3p5_reachset/summary.json	986	de31459b2fdf654e5d2cffe11e3f13a1e5d98e30de66a22b293bdd2998dffec0
records/baseline_runs/ghost_scene02_5c7f8c2a_d3p5_shadow/summary.json	972	b542bce01fbb4f2c78b103e6ece707a0cca43e821dbbf374a98f15a4c8308dde
records/baseline_runs/ghost_scene02_5c7f8c2a_d4_reachset/summary.json	980	9c13ca0a32e7899a85a8aea86947a0a5e20fd2d1032c7ebe871b1c4ec15d7b42
records/baseline_runs/ghost_scene02_5c7f8c2a_d4_shadow/summary.json	966	7626777e490f68af87da405edaf7548475b674046172fec7811666c6c77f5a45
records/baseline_runs/ghost_scene02_5c7f8c2a_d4p5_reachset/summary.json	986	280b839232ee977ec22484df9af4387fec11efe511c51e5d7b51af500f444d67
records/baseline_runs/ghost_scene02_5c7f8c2a_d4p5_shadow/summary.json	972	e4ec7cb121be132b30199c140495617b3ab6defa8120f515bb78ef9856b08239
records/baseline_runs/ghost_scene02_5c7f8c2a_d5_reachset/summary.json	980	fa062a1243554a26ff64da9dc6a15fb223e849638ac0d5253d20504300320056
records/baseline_runs/ghost_scene02_5c7f8c2a_d5_shadow/summary.json	966	2988806e798fc101fb31fcea5cd3fdbae56f9b5b0d1c077b7f76542d97f8fc15
records/baseline_runs/ghost_scene02_5c7f8c2a_d5p5_reachset/summary.json	986	0f5da4248eaee9940ead3028f8efe28d74e1262776c226c4c2d9753d495b00e2
records/baseline_runs/ghost_scene02_5c7f8c2a_d5p5_shadow/summary.json	972	5806bf07239cf7111ab134fe1d4a28ee19df6bd01c04e3a37a97c3a6a3d7365d
records/baseline_runs/ghost_scene03_beac9976_d3_reachset/summary.json	980	3dc65542a3e1ef3689c4a8644e1787c8b6269845cd025ef42bb4aac286305b4c
records/baseline_runs/ghost_scene03_beac9976_d3_shadow/summary.json	966	661c367f2423f4259bef9718c1d4a596dea629fe63fb3b6acdc7c06b5155277e
records/baseline_runs/ghost_scene03_beac9976_d3p5_reachset/summary.json	986	5a07f5960e34b673cd3db2568e2732221aecfea8cfd0482a47423484847f6377
records/baseline_runs/ghost_scene03_beac9976_d3p5_shadow/summary.json	972	9c88de0abd7761f90b547bfe7b7b1c8d70d29e72de0e7b965a88a537a2c1fa48
records/baseline_runs/ghost_scene03_beac9976_d4_reachset/summary.json	980	7862f70e7095a66406a346151125c4cb2b33e7a63f841c44b013f5f73990f159
records/baseline_runs/ghost_scene03_beac9976_d4_shadow/summary.json	966	3d00b8b845391310a2acce3fe9dc700ff0ff105e448c215924e1826d91936a12
records/baseline_runs/ghost_scene03_beac9976_d4p5_reachset/summary.json	986	c2b6c2fdcd0542f63a14f98b5d890a1a5d8c9121465c0ba2a1f21fb28e13dd13
records/baseline_runs/ghost_scene03_beac9976_d4p5_shadow/summary.json	972	c68c9c9ddf0db8485803a643342413263d58f80983c7d5e04419a0ccee71dbbc
records/baseline_runs/ghost_scene03_beac9976_d5_reachset/summary.json	980	8e530007ac4ed19e520a1fca0f5ec75ac6a7ab1289f1af48074670387318b35a
records/baseline_runs/ghost_scene03_beac9976_d5_shadow/summary.json	966	911e3d2e6a66175b113af034430561ea02b7bd1836d24dd51747c44e3b461788
records/baseline_runs/ghost_scene03_beac9976_d5p5_reachset/summary.json	986	fc94742c1824e55cd1c0761edf9e3286570ee6cfa15df996cc0c30c8a272dd05
records/baseline_runs/ghost_scene03_beac9976_d5p5_shadow/summary.json	972	3b7b3af5cf01b396c762f8e240d6b06d8997672023aaf9e0520123740099be03
records/baseline_runs/ghost_scene04_34222e09_d3_reachset/summary.json	2066	119d15d0dbd761d4faa5d9836a902ee54bdfd9b80c76ce8d435a6878b9c3c16d
records/baseline_runs/ghost_scene04_34222e09_d3_shadow/summary.json	2052	0e72fbc5c75a59b36afdcc23b84437f5f7dd16c9d1cb3419dafcf05c0f7c2d7b
records/baseline_runs/ghost_scene04_34222e09_d3p5_reachset/summary.json	2070	2589770f5c6586f86c923957b5d3cf1c4d9ace42b1256a37f5042af6a537a6b5
records/baseline_runs/ghost_scene04_34222e09_d3p5_shadow/summary.json	2056	c6a87f3965d6bc47169cf35b4098356c520552e325c4f224f395f5ed5217cc52
records/baseline_runs/ghost_scene04_34222e09_d4_reachset/summary.json	2072	0e1848a1433b86cffc11e138c48c8f162b593b6bffdace830f74c9461ed3b75a
records/baseline_runs/ghost_scene04_34222e09_d4_shadow/summary.json	2058	e41ff656f087e9b58d832e1323338fa2f79b52db87a08f58486a076ad16b4e80
records/baseline_runs/ghost_scene04_34222e09_d4p5_reachset/summary.json	2080	437f995654c01af2131cb383be6c3e21fbcdb39356d7b14553616a39ed75b7ae
records/baseline_runs/ghost_scene04_34222e09_d4p5_shadow/summary.json	2066	579bf8ca9849d3a2c17875dc2dd513dc3c2fa23aaaa9636b1905798844bfd28f
records/baseline_runs/ghost_scene04_34222e09_d5_reachset/summary.json	2074	37b0a2c0b8b366eaab6d4d33b115dcc0351b70227a4d281f5894ec1d62c7f3a9
records/baseline_runs/ghost_scene04_34222e09_d5_shadow/summary.json	2060	aa33cefe22ee670ab8e0b54130445ce4c238fa1924f4c46723899eddde2a1882
records/baseline_runs/ghost_scene04_34222e09_d5p5_reachset/summary.json	998	ea2c4fa7c7578d1a3d37730688083773b73b9633d499b5a6dc2c34967173eef9
records/baseline_runs/ghost_scene04_34222e09_d5p5_shadow/summary.json	984	94a73337673dcffe19723f0f7683ff1f4ae7142694b22b53b1b4fd99f28238fc
records/baseline_runs/ghost_scene05_074d4f6b_d3_reachset/summary.json	979	01f94e0504ec7dfb608d159c806493582935e527c120beb82f8771618436c21c
records/baseline_runs/ghost_scene05_074d4f6b_d3_shadow/summary.json	965	6e83c5e401f0f0a5fb1ffddfb72bfbebd65d49773a781d6a87d5b36affe18189
records/baseline_runs/ghost_scene05_074d4f6b_d3p5_reachset/summary.json	985	12d5890be7a7c754064ea907edc8cd271781bbf7937cef9041f7a13237441388
records/baseline_runs/ghost_scene05_074d4f6b_d3p5_shadow/summary.json	971	221b1f0310eaac198531211624715b6b24cbe66bdf160db710cd3f1278893ab9
records/baseline_runs/ghost_scene05_074d4f6b_d4_reachset/summary.json	979	acc9ca7834001da7fd8a56ed9c0285bb2160108ececa0d6b073a6da39a233967
records/baseline_runs/ghost_scene05_074d4f6b_d4_shadow/summary.json	965	b371663f755a3d643c0c33a96e078a02d164b8bb63eca21c675c462d57d678a8
records/baseline_runs/ghost_scene05_074d4f6b_d4p5_reachset/summary.json	985	412c2bc05a8915c823289b56c4654b7f49d12fdba4c01c629c0a3cc03c811be2
records/baseline_runs/ghost_scene05_074d4f6b_d4p5_shadow/summary.json	972	31c12bcb6f848445ba94cbf1e07cae8f184f9a2e7f051260f3ebb7eb92ae1ab8
records/baseline_runs/ghost_scene05_074d4f6b_d5_reachset/summary.json	979	e39d1ab336c9ac83f71fbb542a2f42998e1f458e81a26e37fde3092fd3d9367e
records/baseline_runs/ghost_scene05_074d4f6b_d5_shadow/summary.json	965	b8181f66a9c95fbb0f33614579675e80076aa8eb4b18e29edc4de726590dcd98
records/baseline_runs/ghost_scene05_074d4f6b_d5p5_reachset/summary.json	985	f73128711cb82020ab255e9894cae18d207e7126f0c187f8647c07f525dfa345
records/baseline_runs/ghost_scene05_074d4f6b_d5p5_shadow/summary.json	971	4201b3550c9e69c4703c115f8fb2285a36f29e90dd6f9672cb0348abec457ccb
records/baseline_runs/ghost_scene06_c4dccd80_d3_reachset/summary.json	1001	39c56d91255f26308bfd3e6fdd8b2a985f68b023100e7d042ccfc2f9051a1936
records/baseline_runs/ghost_scene06_c4dccd80_d3_shadow/summary.json	987	7335b54b3eaa12b27af95470e1e62eda2a7dbcf5f6142f39f8ba3fccde20c785
records/baseline_runs/ghost_scene06_c4dccd80_d3p5_reachset/summary.json	1007	c9695c871ff99f3209340cc4fd2fe33159dbe65262677599a67317b0bac1ec89
records/baseline_runs/ghost_scene06_c4dccd80_d3p5_shadow/summary.json	993	a72f528a99c827f02823b0dfed7e222b30ad5d5fb4333ef7f44828acc16cfdb7
records/baseline_runs/ghost_scene06_c4dccd80_d4_reachset/summary.json	1001	a4b52935b74e50cd5b7d71dc462b891b3ce135119a913948ceb7e19bda8f7752
records/baseline_runs/ghost_scene06_c4dccd80_d4_shadow/summary.json	987	86f62a7e02141f8872e521d3d9b6e252a17e614085439e597c4ccb645e8b7dd6
records/baseline_runs/ghost_scene06_c4dccd80_d4p5_reachset/summary.json	1007	0521bfe61f8eac762a20e337676b0ca2cb65438079e90afb030096b34c3c7847
records/baseline_runs/ghost_scene06_c4dccd80_d4p5_shadow/summary.json	993	23f774e2ae598265986d11cdcf4d90a10f75d37a456928faeb9d19fe1b425212
records/baseline_runs/ghost_scene06_c4dccd80_d5_reachset/summary.json	1001	7864ab7319695d455b80af6b3730af00fa3a8f1d95884e5acdabee805e2043a4
records/baseline_runs/ghost_scene06_c4dccd80_d5_shadow/summary.json	987	f63e8ece5b5051a9d404a126d1231dea03cbacbd5d26bc9c05dfb6a1871450c9
records/baseline_runs/ghost_scene06_c4dccd80_d5p5_reachset/summary.json	1007	786e700b3e007d47795a5593a54a599096ae5e4e96efe2cd390f8fa473180ac9
records/baseline_runs/ghost_scene06_c4dccd80_d5p5_shadow/summary.json	993	65d9bec04537b77c69364f2c4db59ed0561b759b5186819d3d269944bedd7ab9
records/baseline_runs/ghost_scene07_50b08823_d3_reachset/summary.json	1000	222c1b790c24281f1f7b05d7a940ef1f50d9fd0c5878dce17eacd1258a784e6f
records/baseline_runs/ghost_scene07_50b08823_d3_shadow/summary.json	986	373f8b8d61fb108789ba05c808086f6b49026e84ac27bb20ffa6375d965a32f4
records/baseline_runs/ghost_scene07_50b08823_d3p5_reachset/summary.json	1006	30236d5e184a54386e9259dc3a75784d3223be9340eb6c094fd435be4b73332e
records/baseline_runs/ghost_scene07_50b08823_d3p5_shadow/summary.json	992	f6244cc84fd2549c29b456db47fb437c01edb4649c4f2096ba76deebe2eaf49e
records/baseline_runs/ghost_scene07_50b08823_d4_reachset/summary.json	1000	4ebc8d58e17e2e81dbac1dd22984121890b0bb6bd4ca2e01c9510c8894e3dc16
records/baseline_runs/ghost_scene07_50b08823_d4_shadow/summary.json	986	4a854ae8827eff1e984f6ae5a4264c8579d3b550c31d3449ec1108d6eeac1229
records/baseline_runs/ghost_scene07_50b08823_d4p5_reachset/summary.json	1006	e7825b0dcefa89febf6df6e5cdb78ac87ad1635f57dfea3fd857252c86f311ef
records/baseline_runs/ghost_scene07_50b08823_d4p5_shadow/summary.json	992	d1f2d486b4e2daad78aea1b037d55cb2d1fdedc9ab1fc8b39e8d0c6926e46bb4
records/baseline_runs/ghost_scene07_50b08823_d5_reachset/summary.json	1000	babd4a2710db28dbce9dd864b9a73e6605a0411db769db41770ea7d73a932599
records/baseline_runs/ghost_scene07_50b08823_d5_shadow/summary.json	986	e9c884e5ca3222d242a500657944658fe93f594c262a34dede5b57c587e7886d
records/baseline_runs/ghost_scene07_50b08823_d5p5_reachset/summary.json	1006	a58bbec8b78808b01f2d78a75f5374cb30f0026a5910735f88b1ef4d6934de57
records/baseline_runs/ghost_scene07_50b08823_d5p5_shadow/summary.json	992	d4e7200f616ba8c3a4d072868785e727f38b174346287ba70f89607dca9d5c40
records/baseline_runs/ghost_scene08_63911c23_d3_reachset/summary.json	2081	d8cb47d58d5c9bc0c143370682c21a0e7be25562ea64e99d7157c5ca398ac388
records/baseline_runs/ghost_scene08_63911c23_d3_shadow/summary.json	2066	ceaafff9bba1c4af8dc800a1d284e114a823b228021b593616c22d074ae43d95
records/baseline_runs/ghost_scene08_63911c23_d3p5_reachset/summary.json	2087	fafae12987a1d75a877afaae5a889a657770fff6b200b79e2901bc8b92ee06b1
records/baseline_runs/ghost_scene08_63911c23_d3p5_shadow/summary.json	2073	08659fd0479b1015ffa3489cacd38fcd0de20c114c5d77800184b2f566fbb1ed
records/baseline_runs/ghost_scene08_63911c23_d4_reachset/summary.json	2081	059c526fb52edb771f14676467f95c32a633ae82d17d83d4f7545fc327e0cf4c
records/baseline_runs/ghost_scene08_63911c23_d4_shadow/summary.json	2067	05937f7f09d95ba649f1d018809a1a40fb2d9eccf3fcbadfd13bb93ab2f4c30e
records/baseline_runs/ghost_scene08_63911c23_d4p5_reachset/summary.json	2087	db0fb965b27b98b02739e400152481e839ff768df5d3fb0698fc75c51d5cb809
records/baseline_runs/ghost_scene08_63911c23_d4p5_shadow/summary.json	2073	302e4adf35356f4fd9e5f06480af1fd6540ee37f18fdc8687334aea12bb3e924
records/baseline_runs/ghost_scene08_63911c23_d5_reachset/summary.json	2081	941eba6c8dbbca828bb789d00556367c470ada593eb78a587ac02a553a3bb409
records/baseline_runs/ghost_scene08_63911c23_d5_shadow/summary.json	2067	d5263fbabe8e85646ea19482035a75cec552861adaf0702a6feb6adb1f7fb0b2
records/baseline_runs/ghost_scene08_63911c23_d5p5_reachset/summary.json	2087	d5cf019da0320c9ada766f012808fd916b86b15df77a1b56969bd3b4e4348af2
records/baseline_runs/ghost_scene08_63911c23_d5p5_shadow/summary.json	2073	bae2ff50cb487172dbe74cafdc7bbb19dcfaa79b88728ecaeefbb6620c9f18c8
records/baseline_runs/ghost_scene09_9a0ab3f9_d3_reachset/summary.json	2072	75a6caa3b076328c463db24e62d8ce818c0596f8fc0e661f581d18b725cad7e7
records/baseline_runs/ghost_scene09_9a0ab3f9_d3_shadow/summary.json	2058	d4580f74b22faacdf0a788493f9a488855d75beec52927e192478d043e8e2f4b
records/baseline_runs/ghost_scene09_9a0ab3f9_d3p5_reachset/summary.json	2077	442c407d36a548268dd1f68fbf5007c3b108df5d24b732de65eeba75ca4e4af3
records/baseline_runs/ghost_scene09_9a0ab3f9_d3p5_shadow/summary.json	2063	b3fc67ded8483317f047cc98cf218fadb2aacad2dbf1feda50b121c3f6c20778
records/baseline_runs/ghost_scene09_9a0ab3f9_d4_reachset/summary.json	2075	0859788642be3f8476f85f80f9ca31d762582745caf00384da41e89d83a34f2d
records/baseline_runs/ghost_scene09_9a0ab3f9_d4_shadow/summary.json	2061	aa04dfc3e9afae69669e275a9d1c0a18a6074b2ca94968c30137780649a69bd8
records/baseline_runs/ghost_scene09_9a0ab3f9_d4p5_reachset/summary.json	2084	4bce8bbf970794e810e85541f44348fe332635300cd071f5c96500bbf92583fc
records/baseline_runs/ghost_scene09_9a0ab3f9_d4p5_shadow/summary.json	2070	b5dea3855bf9bb3b4b6c1457b86ba99050c6008f0f2d6b12c2bc96f5ffa763f5
records/baseline_runs/ghost_scene09_9a0ab3f9_d5_reachset/summary.json	2077	3a55ee0cb230fbfc3414ce8cf781be77072a77ef1316bddcca2296f55e5e9375
records/baseline_runs/ghost_scene09_9a0ab3f9_d5_shadow/summary.json	2063	9b690173a12c746464d6c8c6829ec25f8cd0422fd6ec137348e765e5b00fbb22
records/baseline_runs/ghost_scene09_9a0ab3f9_d5p5_reachset/summary.json	2085	a31f51a5abb2834466558f0ace5eb04357a3a861d7398df2eab68e56856d45a7
records/baseline_runs/ghost_scene09_9a0ab3f9_d5p5_shadow/summary.json	2071	9dcb4072985084d2e63eef996ff49c5ac880c91976b79e18ea654aa075ac0196
records/baseline_runs/ghost_scene10_6e7a829c_d3_reachset/summary.json	2080	837ff5dce41d40e5a9064f5aa8e062b5c9912ce6f3dc51531458615b90986d84
records/baseline_runs/ghost_scene10_6e7a829c_d3_shadow/summary.json	2066	900e2cd2bec13939cdb3ca95c2a2aa16cb3c9e403409b115c8bbc99d5cb5ee9e
records/baseline_runs/ghost_scene10_6e7a829c_d3p5_reachset/summary.json	2094	50bdf5840fb4055613b2a02623223dcc9ef6b116ebd38673f424bb696cec9402
records/baseline_runs/ghost_scene10_6e7a829c_d3p5_shadow/summary.json	2080	c6fd3285739e6e41a143020a5f4ee7035e6902fb8b9b4241dc87173c91cee400
records/baseline_runs/ghost_scene10_6e7a829c_d4_reachset/summary.json	2080	e44e5e0e0f26e6069029ca6b29885ea3a0ac77ecae3970685d5c9f5ec83a86c6
records/baseline_runs/ghost_scene10_6e7a829c_d4_shadow/summary.json	2066	46791bf4fb6d6666eb6ab9e0a5781122d9b29c6d5a2eaf19c61af408854d33f7
records/baseline_runs/ghost_scene10_6e7a829c_d4p5_reachset/summary.json	2088	7fe2e54c7b83fb3e2e7133fc6d91b703dd0606f529e96ee18f134bd4ce0781ed
records/baseline_runs/ghost_scene10_6e7a829c_d4p5_shadow/summary.json	2074	f21d00a6110b06fa79b741e4da4a6ab1087519249c290ab7ea8800818eaf6303
records/baseline_runs/ghost_scene10_6e7a829c_d5_reachset/summary.json	1012	a56bd69127437b8e751a7e34bc0d0a0b828f8adeebc222085eb3e3bbecfe94bc
records/baseline_runs/ghost_scene10_6e7a829c_d5_shadow/summary.json	998	a0987dbc8b8a5a38643d83050b7729b15864b5cd41b657b97ff8166cea52ac07
records/baseline_runs/ghost_scene10_6e7a829c_d5p5_reachset/summary.json	2094	b4c2cfc548aaa3f81de4f3781539532ed246fa0ef52e9a67127a4ed209d04869
records/baseline_runs/ghost_scene10_6e7a829c_d5p5_shadow/summary.json	1004	c7f2bb9b1ba6b55715184a1aef54089c1640aa601d533340e7aa828c625559ec
records/baseline_runs/ghost_scene11_ab97bc44_d3_reachset/summary.json	2079	6cd9ea13b9e5fcc278719af3f0f40ecb106f7e07a1f577ac495efb913b01d3f7
records/baseline_runs/ghost_scene11_ab97bc44_d3_shadow/summary.json	2065	2c3d5f806cba90979fcaa50f3fc84652ac42eb0edf56bd0b8b2b53586d670d21
records/baseline_runs/ghost_scene11_ab97bc44_d3p5_reachset/summary.json	2087	14ecb177571f5bbc0529a0998a6831127c9d4ffe93503ec95c2fca3ea95c9729
records/baseline_runs/ghost_scene11_ab97bc44_d3p5_shadow/summary.json	2073	5ae8caf64984793a02b0a0274ab033aa7038e5c81eaf878c85d6d28405e63cc7
records/baseline_runs/ghost_scene11_ab97bc44_d4_reachset/summary.json	2079	023c13d2b760007a33580de77c54de7d01479b655c46d6f3f8f290d31f6c73cb
records/baseline_runs/ghost_scene11_ab97bc44_d4_shadow/summary.json	2065	86733fbc806f1cf8bc225cee05441994814c82b25fa3703c49a46f2edf1650e1
records/baseline_runs/ghost_scene11_ab97bc44_d4p5_reachset/summary.json	2082	455cbf0ecd7b332d6227710d88e4e53399fd75c2f3eaa21c8c44cd7dce97f775
records/baseline_runs/ghost_scene11_ab97bc44_d4p5_shadow/summary.json	2068	6721748c9bdad536325f32d80f25cf51ed02959618a74384bdb2ded37fb2cd51
records/baseline_runs/ghost_scene11_ab97bc44_d5_reachset/summary.json	2075	c9fc5c103700e4f0fee7028b691bb02334ba78bf2249c93273b8711e21f8f274
records/baseline_runs/ghost_scene11_ab97bc44_d5_shadow/summary.json	2061	c9307ee4b71127e0a5af897a396a712c733455cf8207bcdc35902859bb96f2e3
records/baseline_runs/ghost_scene11_ab97bc44_d5p5_reachset/summary.json	2089	4b4006b9928e0e5ab835949e159f3257911f8832a44a9ad5a145831276716692
records/baseline_runs/ghost_scene11_ab97bc44_d5p5_shadow/summary.json	2071	0d2053935bc5574641ecea18124b6e535edbb6da02754cecb2db6f2c3cb6628a
records/baseline_runs/ghost_scene12_e8a81b3c_d3_reachset/summary.json	1000	7ac75e52f5e6252aaef1c73b81f1c10e6ba9c2d0b31bf9a07e463efae5bbbef7
records/baseline_runs/ghost_scene12_e8a81b3c_d3_shadow/summary.json	986	57e6f1c46bb83c4e08e64dd00ef7fe61d200804e450587c84c98e21ef9a35515
records/baseline_runs/ghost_scene12_e8a81b3c_d3p5_reachset/summary.json	1006	6976c261b28d07a098b9110eac2f68c3bc59ecc7d7b52d0be69c8b0c3f1352ac
records/baseline_runs/ghost_scene12_e8a81b3c_d3p5_shadow/summary.json	992	82450f20804c5e9ff91191a118bb3ea032ee136f42793660b3936d79155604d3
records/baseline_runs/ghost_scene12_e8a81b3c_d4_reachset/summary.json	1000	a943025e5ba70903d7e91a6881b206186defb5197ab5e7757b44add0d646dc34
records/baseline_runs/ghost_scene12_e8a81b3c_d4_shadow/summary.json	986	ab94bc73df0dad3b0e2dff61e48faedf35195df4494872c07aba354065bcac8c
records/baseline_runs/ghost_scene12_e8a81b3c_d4p5_reachset/summary.json	1006	f0a70f11d8dc4f418a62df4a5866f22d321f52d0e3eb1859d715459e4c373360
records/baseline_runs/ghost_scene12_e8a81b3c_d4p5_shadow/summary.json	992	84d7093a357e20040848cff210a146bf2efa035ed6e60f2da80cba1a5c4dc3c8
records/baseline_runs/ghost_scene12_e8a81b3c_d5_reachset/summary.json	1000	f46ea37ee5a0eba57f651b8356080afef9196e651021a0c035e6342b4a1d10b6
records/baseline_runs/ghost_scene12_e8a81b3c_d5_shadow/summary.json	986	e6e05f0369401b8c409f82963a54337a0da60ae7d627639188751616d3279ede
records/baseline_runs/ghost_scene12_e8a81b3c_d5p5_reachset/summary.json	1006	d6a8a38cc1dd2667629229b487e8bca33de3a011053827bc9bb9da7e33b0b286
records/baseline_runs/ghost_scene12_e8a81b3c_d5p5_shadow/summary.json	992	92841a4280f20b5f23ff6d2c89a1e2820239564862be6cc8a28b9d3ca27daeb7
records/baseline_runs/ghost_scene13_f8e2ad51_d3_reachset/summary.json	1000	7c83b87712d05c4fb1cd894929d17820333f978da233be4ac0257a18f12f3512
records/baseline_runs/ghost_scene13_f8e2ad51_d3_shadow/summary.json	986	0907d58e350825f409ead19c5ea39a62f9bcb08e13ea5897407c6244cd7c8627
records/baseline_runs/ghost_scene13_f8e2ad51_d3p5_reachset/summary.json	1006	03b6c624b1082574b495ce857db43fdeec44d9999f4565e9f70ec4a9b38b6f55
records/baseline_runs/ghost_scene13_f8e2ad51_d3p5_shadow/summary.json	992	44aee63dc32bbaa87c95078654b7d63c8c4d3802b3326d619577189e00d766cc
records/baseline_runs/ghost_scene13_f8e2ad51_d4_reachset/summary.json	1000	6be3d9746b22b5dd1f944e0653d8af713573eb4e37376e591cf8b7ec45e27808
records/baseline_runs/ghost_scene13_f8e2ad51_d4_shadow/summary.json	986	0baec18c963513dbc7a5a58cf004faa7d70c4cd3ee3d6d3f9a4fc484c559a17f
records/baseline_runs/ghost_scene13_f8e2ad51_d4p5_reachset/summary.json	1006	c08bb820653c53b6ae12a904def6426a594980806cea3577ab68a8db337ee9c7
records/baseline_runs/ghost_scene13_f8e2ad51_d4p5_shadow/summary.json	992	fe319b71048a01d053a8179fffaf98bd0745e3731f0f57a9a117c54bc2f81693
records/baseline_runs/ghost_scene13_f8e2ad51_d5_reachset/summary.json	1000	a305ae4442c7636018528cabfe2582faa9c4f53c6c3e35ddaabc28acf76b754e
records/baseline_runs/ghost_scene13_f8e2ad51_d5_shadow/summary.json	986	f6abca51afafe0b051cfbdc89b82c5712dbd6d029c963dc528f4b946004bbaa0
records/baseline_runs/ghost_scene13_f8e2ad51_d5p5_reachset/summary.json	1006	bf936a8a46d250c5d87d3552d2c8051c1097a38481c285537eea7a2b464731d8
records/baseline_runs/ghost_scene13_f8e2ad51_d5p5_shadow/summary.json	992	2781d929c3854db0edfab67e4a2bbf37f1d14efac310f43649855c234d9224fb
records/baseline_runs/ghost_scene14_2e1a3df9_d3_reachset/summary.json	1001	6aaae0b1d235b42ea765d6b58f061c28427dba45dc15429e1a55dd12febad746
records/baseline_runs/ghost_scene14_2e1a3df9_d3_shadow/summary.json	986	f0a0ee9d30bed503015ff25869b90b706f4e62c0842654bc057b3fb579d7f2b8
records/baseline_runs/ghost_scene14_2e1a3df9_d3p5_reachset/summary.json	1007	83b3ee2aeba1f498617cfd9a07077e0868660515d765e843c459bb975673c9c3
records/baseline_runs/ghost_scene14_2e1a3df9_d3p5_shadow/summary.json	993	fc9fc72da0001f2b786cb1610e9abf99e412d5d7a9662927368bef17a255c62b
records/baseline_runs/ghost_scene14_2e1a3df9_d4_reachset/summary.json	1001	c01898d5bf1568f23c16c49082a76911851c0d005b512c12a3af7a9cc9c7db8b
records/baseline_runs/ghost_scene14_2e1a3df9_d4_shadow/summary.json	987	9d25d820c98cdb30f5d902de5a0d5821347e6b78bf6deda45e6425814f803b73
records/baseline_runs/ghost_scene14_2e1a3df9_d4p5_reachset/summary.json	1007	365b5f039f7672fcf5661b6cb855f7f3c3e7ed0acc310b2e0d6876ba0d4c20b4
records/baseline_runs/ghost_scene14_2e1a3df9_d4p5_shadow/summary.json	993	b7b66b1414a1fb75745f1e1289d2ccf529f8b66373582e8e8bce76905162a12d
records/baseline_runs/ghost_scene14_2e1a3df9_d5_reachset/summary.json	1001	721ccd39236bcde9be65bfa4df08737f6176c67a753cf237043234856c4183b5
records/baseline_runs/ghost_scene14_2e1a3df9_d5_shadow/summary.json	987	ae3aa3b46ea1a252fe31739710f4e96626dcceef001e424b27adc4cf32529e63
records/baseline_runs/ghost_scene14_2e1a3df9_d5p5_reachset/summary.json	1007	3753ae6a09d304d4d13816b1270c92c21cdbf1df777329d26b492d851ac18f91
records/baseline_runs/ghost_scene14_2e1a3df9_d5p5_shadow/summary.json	993	f119dce179162393ede2a3397a7d2070e4690b0afb6835dbe231aff19900b8b4
records/baseline_runs/ghost_scene15_e61d64bc_d3_reachset/summary.json	2085	2a4927264fe5005dc656c2a97388ab393e4638ca56b0dd8ffc1a540aad783a92
records/baseline_runs/ghost_scene15_e61d64bc_d3_shadow/summary.json	2071	61174a3b9ee4100544223268a76610c484419f556c20eca33e4247c2b8ebab82
records/baseline_runs/ghost_scene15_e61d64bc_d3p5_reachset/summary.json	2094	49cf62041b2d7b84a01c4dee28b620ea5e77aeb4a89efe8f7708dd16134c97c4
records/baseline_runs/ghost_scene15_e61d64bc_d3p5_shadow/summary.json	2080	6cf9f6b4447e74dd8cb7af814f0a916ada09cc99d09a6c8208794ce5add7ce1b
records/baseline_runs/ghost_scene15_e61d64bc_d4_reachset/summary.json	2081	eab3ad960ab2d685eba30b6199bfd3e05efb09fba09bd1cc1bf6a6e2ca533c04
records/baseline_runs/ghost_scene15_e61d64bc_d4_shadow/summary.json	2067	6c5f8de7a6d3e3e157c38e1996da9d28c2fcee9dc230e7efee12261708855da1
records/baseline_runs/ghost_scene15_e61d64bc_d4p5_reachset/summary.json	2091	ea70c9c64258c878e292a37701c72c2a7eeac3c3a3f09c7db3493642a3321c47
records/baseline_runs/ghost_scene15_e61d64bc_d4p5_shadow/summary.json	2077	ac75337620373baadfaaf092dcc973f3965535611e2c853b04e8bfe1be46d03a
records/baseline_runs/ghost_scene15_e61d64bc_d5_reachset/summary.json	2083	9807023cb8299fcb549d228f9d6465b3e071d0079b853c5241630521418149b9
records/baseline_runs/ghost_scene15_e61d64bc_d5_shadow/summary.json	2069	36e147ebf10bad07f52021c22cc9dbc6e2ff88e48e43a9be717c595bec834872
records/baseline_runs/ghost_scene15_e61d64bc_d5p5_reachset/summary.json	2085	a6391a4488982663641c2c2e577e725348846a82b762bcbfbf5313f89f66d32b
records/baseline_runs/ghost_scene15_e61d64bc_d5p5_shadow/summary.json	2071	329c74e2408f097cdae2c4d94d9b10f86871133f7f904fc5e948b57eccbc3a03
records/baseline_runs/ghost_scene16_46b85132_d3_reachset/summary.json	1001	f0b23033ccfd4e62b73e775cbac3923c87b11d2e8f899eefa60669e456679512
records/baseline_runs/ghost_scene16_46b85132_d3_shadow/summary.json	986	cc721b7a8ce1e79845b4a9a92c6c371e87762d62b7a92dc15bfc88f7731021ad
records/baseline_runs/ghost_scene16_46b85132_d3p5_reachset/summary.json	1007	a2ef575f217d8e260b5701eb391026c521e84d08d43c9ec579804ee09d25758c
records/baseline_runs/ghost_scene16_46b85132_d3p5_shadow/summary.json	993	0723fc0de2e6b1e7ef894ae028cedc7f56a9c0d8e2b674795726ae9803c1a388
records/baseline_runs/ghost_scene16_46b85132_d4_reachset/summary.json	1001	f455daedb5ae3586336090072f1a4be07380bd029b0a17bcfbefc02596148232
records/baseline_runs/ghost_scene16_46b85132_d4_shadow/summary.json	987	877d1b47e131c16256d302937483f7b0592ea5aec33fd8c8072394f696b41b15
records/baseline_runs/ghost_scene16_46b85132_d4p5_reachset/summary.json	1007	a2c55027876fea2a2c60059f0149088253ce58b63c2134e8490cac2b545b0049
records/baseline_runs/ghost_scene16_46b85132_d4p5_shadow/summary.json	993	ad61850b84d1a6e204f34993b75c07c8973079f708442a0c2685d8f9ec0cd858
records/baseline_runs/ghost_scene16_46b85132_d5_reachset/summary.json	1001	b2b113a7fb10f4fd750d722056713b615d219d8dfaa4eec63e45424ccbe71ded
records/baseline_runs/ghost_scene16_46b85132_d5_shadow/summary.json	987	f3538987fda479729e5e8f5c1beb2e5388102685d08dc38c17aee230a74e0bff
records/baseline_runs/ghost_scene16_46b85132_d5p5_reachset/summary.json	1007	db124a41ba3016cac1888544cb2a23bd0e692b2a9ff79434560c5caf0cb308c5
records/baseline_runs/ghost_scene16_46b85132_d5p5_shadow/summary.json	993	18f69e9ebf3b8b56d5a5ecbf10e613579f5e0d094c58ad8faac0bfe6597138bc
records/baseline_runs/ghost_scene17_c4b2ade0_d3_reachset/summary.json	1000	37a76ff31aac4ff35caf0cf3f9aeb925e1b838afbae2f8b28940c60d5f6af221
records/baseline_runs/ghost_scene17_c4b2ade0_d3_shadow/summary.json	986	6b5943e6b5ff5f91feb3a6e97d00f102bc5fb3c9f32aa564adba95794449e30d
records/baseline_runs/ghost_scene17_c4b2ade0_d3p5_reachset/summary.json	1006	3495670d08da21cc04dda932acec604256528f9e804457a6993a9534b192f356
records/baseline_runs/ghost_scene17_c4b2ade0_d3p5_shadow/summary.json	992	5fe1c163997b1c4a4cf4fb323f9f8e5cb2bcccc2c85397fb9380cecb488eb900
records/baseline_runs/ghost_scene17_c4b2ade0_d4_reachset/summary.json	1000	e43296b2adca541a77deb14b589dd51eaac9128ac47fe5c9318818e29d54acf8
records/baseline_runs/ghost_scene17_c4b2ade0_d4_shadow/summary.json	986	17b4b72913b863316148bd62a2abe4be46e924fb1328d16ba267a3b5cdea9c90
records/baseline_runs/ghost_scene17_c4b2ade0_d4p5_reachset/summary.json	1006	9ebd0993609d82f4fdf8efdfbd0dcfafcd7fb226182bcb42c57932865f02df85
records/baseline_runs/ghost_scene17_c4b2ade0_d4p5_shadow/summary.json	992	6fd5ad9086a1efa4984387e3307d4ffe5ad77a03feb34d4f8ccffadb5545de98
records/baseline_runs/ghost_scene17_c4b2ade0_d5_reachset/summary.json	1000	94c2712fd79dd7492a42b92376e857a6be2277b837f4b60fc4af8e3843ba1b2a
records/baseline_runs/ghost_scene17_c4b2ade0_d5_shadow/summary.json	986	530bfcddfbb35da3bec999671dc1c8f2192282e0640c9bcbd3dfbbc8843a4db6
records/baseline_runs/ghost_scene17_c4b2ade0_d5p5_reachset/summary.json	1006	35bf13422e83d2bd9fa3a6819f8965694987824cf6dfa128290c0533fd394f82
records/baseline_runs/ghost_scene17_c4b2ade0_d5p5_shadow/summary.json	992	872d9005e464e68c11601f77adcc47567b3d836bbdc28984fe7e3871982f4a52
records/baseline_runs/ghost_scene18_1a80b89e_d3_reachset/summary.json	2080	069343a1406e1594b73ee53d8fd42919a6f72e5a40dc3bf1760746171b2cbb46
records/baseline_runs/ghost_scene18_1a80b89e_d3_shadow/summary.json	2066	aff7bf922e742c32ca3091fa40ea2c16d48cf1b5f5bdf427e1c7d23eb561d8d5
records/baseline_runs/ghost_scene18_1a80b89e_d3p5_reachset/summary.json	2086	cd607877500bab74f46254a79f32642eeee50e2c007ff9c83ae066e581bd2836
records/baseline_runs/ghost_scene18_1a80b89e_d3p5_shadow/summary.json	2072	c24066d2eeae651d6e83aa94ef2b123adda063b2163cca26b8bacd52bcd00e96
records/baseline_runs/ghost_scene18_1a80b89e_d4_reachset/summary.json	2082	bd2c07e7542f5dde400ec82ae881c9da5d4a3aa9d85e29a9b161b624cbbc0b73
records/baseline_runs/ghost_scene18_1a80b89e_d4_shadow/summary.json	2068	c05ade0409fe8e2042c51ebab7a5bbe2552210854ddc8e5d201288fe3b9e99e2
records/baseline_runs/ghost_scene18_1a80b89e_d4p5_reachset/summary.json	2090	d096ee099cc074d95e3d67cc8ee94a24d140d9272d91322ecb4a80167903e046
records/baseline_runs/ghost_scene18_1a80b89e_d4p5_shadow/summary.json	2076	e6a4206450ea47581158124fb79f78698a925c48d2c9ca409219044632247b61
records/baseline_runs/ghost_scene18_1a80b89e_d5_reachset/summary.json	2082	604774ee3c2ca61e5c5ec40521982ea0b6eda5c4cc9e7dbadc5bce4338c46d2c
records/baseline_runs/ghost_scene18_1a80b89e_d5_shadow/summary.json	2068	4d6e7d85f82b9b59d3a51934aeecc29dc5ae0755258b9dbafca8adf93f589571
records/baseline_runs/ghost_scene18_1a80b89e_d5p5_reachset/summary.json	2089	441b1f1573380d2a7fa06d6f97870a96c6c5f66490e199043c4c304cd7ca92b6
records/baseline_runs/ghost_scene18_1a80b89e_d5p5_shadow/summary.json	2077	fd3506fb94b6cbd6ea266ef0fead22ffb1a546a3a7bd7dec4c11b77a7f4df9e1
records/baseline_runs/ghost_scene19_21f32c4e_d3_reachset/summary.json	1000	4a45bac0d2d5ae2d386139101e2ab9bfdf9526d23af21e10d57dd1e4de22ec59
records/baseline_runs/ghost_scene19_21f32c4e_d3_shadow/summary.json	986	734b99d578e095f27d83fbef518e89e840c6df0afffa3fcf1c84e4d5b9c884ad
records/baseline_runs/ghost_scene19_21f32c4e_d3p5_reachset/summary.json	1006	23bc1ed936c2b0260ca866baf62d0c592e0b9400eb7c4e612ce2c28539a9889c
records/baseline_runs/ghost_scene19_21f32c4e_d3p5_shadow/summary.json	992	61f94c70eff328ab51921583eb2f3aed517531876a2b773ea908563ef4bc4d15
records/baseline_runs/ghost_scene19_21f32c4e_d4_reachset/summary.json	1000	1971d19a80be91fbd6c11b10d11be55b41c96903209c018e4fb390dc6f36d552
records/baseline_runs/ghost_scene19_21f32c4e_d4_shadow/summary.json	986	3dede7bf38c5a4b2df07fd18896768c56db43cfe12f7696780a2dc263b243d2e
records/baseline_runs/ghost_scene19_21f32c4e_d4p5_reachset/summary.json	1006	9be0a76cfdfd863deb18a64852c8c3e9ce77f11c3b0e08236bf96e3092fe5e92
records/baseline_runs/ghost_scene19_21f32c4e_d4p5_shadow/summary.json	992	23f454063b70d5e46e42bf70c1b5acd91cf9340a51d1c30f2fa59b2ef3a0570e
records/baseline_runs/ghost_scene19_21f32c4e_d5_reachset/summary.json	1000	993134e2bc23e7df1fbb1507266905a33fe4d1835b7f2f20aacdfe541850592b
records/baseline_runs/ghost_scene19_21f32c4e_d5_shadow/summary.json	986	ff932654beebb5fdad123fb9b461c75b7b7b69e2ab40f6eb65b8970a60507769
records/baseline_runs/ghost_scene19_21f32c4e_d5p5_reachset/summary.json	1006	d21384fc394df3e73651e5e8e97425eca7ea7abd42c3b678c3630b12a542b714
records/baseline_runs/ghost_scene19_21f32c4e_d5p5_shadow/summary.json	992	878066fb9005d0f3debdaf2618124f3fbe4d72cb1732dea430264195af6f5d62
records/baseline_runs/ghost_scene20_8d42329f_d3_reachset/summary.json	1001	64664fafdffb80f85b3eb4f73223f14251c21e6d7f110e4087a4bfdf602fd755
records/baseline_runs/ghost_scene20_8d42329f_d3_shadow/summary.json	986	72ebc5c4e40b9bf2dfb3d66b164105c7d4b8c78e01d8f4b59d61553b2d42a2db
records/baseline_runs/ghost_scene20_8d42329f_d3p5_reachset/summary.json	1007	b1f6b20d01952bcd667cd9b2c48e5d9775f2929bbe2ca52721c20441f281bd57
records/baseline_runs/ghost_scene20_8d42329f_d3p5_shadow/summary.json	993	8e171e71ad2c68248e8db814956200757f12ac3e2c5083f3b611abf27bbf57be
records/baseline_runs/ghost_scene20_8d42329f_d4_reachset/summary.json	1001	36d4d0be8b4b739823d444a9448173879a22c55a826ea9fe79daaafaf9c343fc
records/baseline_runs/ghost_scene20_8d42329f_d4_shadow/summary.json	987	8bf1fe1a14f7d713d65afff742d8023624a6fa30c892d6b73c44f09fc29eb244
records/baseline_runs/ghost_scene20_8d42329f_d4p5_reachset/summary.json	1007	c8f7258455b50261033550eed1dc152adbadbe0d4a46acc5180d52a9554a0f12
records/baseline_runs/ghost_scene20_8d42329f_d4p5_shadow/summary.json	993	d95429559dd38f950a2d6653d261cad8cb4d597f7be452fcaa8b545eaba897f7
records/baseline_runs/ghost_scene20_8d42329f_d5_reachset/summary.json	1001	952cd7e4f14450bc8737e8669a1fea1ee1da6180aea0a6b48f958b9f1eae2e02
records/baseline_runs/ghost_scene20_8d42329f_d5_shadow/summary.json	987	69be7ca52abb510d4c179fd034d7ab0dac20bac3d011b2b22487c613facc8eba
records/baseline_runs/ghost_scene20_8d42329f_d5p5_reachset/summary.json	1007	3d0fcee19f126b1dd3056917bf4af2fcc2a5f71b296d18ada8b104fea4d0cccb
records/baseline_runs/ghost_scene20_8d42329f_d5p5_shadow/summary.json	993	16c3907362bd6651b3b54cd37fcc5f7e756b50d5c601efa6891d5570d6af704e
records/baseline_runs/ghost_scene21_8fafec4a_d3_reachset/summary.json	1001	4621678eba641cf0ef17af2cdd1947ac6f5b90db3535d340d58d93a7b46c49d2
records/baseline_runs/ghost_scene21_8fafec4a_d3_shadow/summary.json	986	f363c07d588cc0bd80c472f7ed539886b3bd79e27328694f79d8bbe0e15f1e4d
records/baseline_runs/ghost_scene21_8fafec4a_d3p5_reachset/summary.json	1007	714a475e33ae21e7f3cf78129f1db0e9967be5b24eee5f44e9d532523ecdc455
records/baseline_runs/ghost_scene21_8fafec4a_d3p5_shadow/summary.json	993	a0aba494103afd6410fa9da82758ae7839d635d34711edc32fbda6b821eaf61b
records/baseline_runs/ghost_scene21_8fafec4a_d4_reachset/summary.json	1001	5c2f48f5d40e3e6c71691914bd1d365af4fa4983ef3a2783024439783d5f3081
records/baseline_runs/ghost_scene21_8fafec4a_d4_shadow/summary.json	987	8cab78dd607e4efe86a356bd1447fcd93ca23266a73f767f603df4669e456689
records/baseline_runs/ghost_scene21_8fafec4a_d4p5_reachset/summary.json	1007	c816d5dfee23b47d920a95b25d6cd2ba0aa35008e564840efff44e1c9fce4218
records/baseline_runs/ghost_scene21_8fafec4a_d4p5_shadow/summary.json	993	01f619ff53ae1c9b21acb700adec438a9598827cf9eacdd973a815433a454fc8
records/baseline_runs/ghost_scene21_8fafec4a_d5_reachset/summary.json	1001	9df0aceadc70b43717681658db2d092902c6d8c893df300ea13e2107a0df3704
records/baseline_runs/ghost_scene21_8fafec4a_d5_shadow/summary.json	987	c74c28ca7871be1ed7b957ffbb51049b604bf2df111a22cdd7257a4194b54f57
records/baseline_runs/ghost_scene21_8fafec4a_d5p5_reachset/summary.json	1007	ac284a5ec1f155b033a6b82538eeb92ba0ae943a93de0a44e94bb145259b2578
records/baseline_runs/ghost_scene21_8fafec4a_d5p5_shadow/summary.json	993	8d17f8041b0488afe2b4d4b4c6af1eb08febcf7019e3ee76504417511a1f9c7b
records/baseline_runs/ghost_scene22_03b53590_d3_reachset/summary.json	1001	5c63a915a3d05e50849585b2c1e60704cbe1b91cddb0df7b8c41180ac1e91fc5
records/baseline_runs/ghost_scene22_03b53590_d3_shadow/summary.json	986	c8d822a7fb6c75ebe22c848ea72752c9c2119af3c8997209f5efa24d931e71da
records/baseline_runs/ghost_scene22_03b53590_d3p5_reachset/summary.json	1007	e36b8647d7914a3f88e26b8beaa8c8f65537ed464b947deaf6de75eb83040719
records/baseline_runs/ghost_scene22_03b53590_d3p5_shadow/summary.json	993	e808814b05e36fd96f496eefae6513ae4d215defc5f7e102c190ed20e2dfe487
records/baseline_runs/ghost_scene22_03b53590_d4_reachset/summary.json	1001	dc874647efc7a91a07a48ada5ce6cc3d60e451d26632093de111d8d39e9e89ba
records/baseline_runs/ghost_scene22_03b53590_d4_shadow/summary.json	987	020ffed0c55fd175e8bc2d07f9899e1e205ab927262777df44feed5a6ab1cc5e
records/baseline_runs/ghost_scene22_03b53590_d4p5_reachset/summary.json	1007	dcefc760a3cbc6fc7a11bde5484d7b25acdfff22be0e45913da2f20f5ea9a1d0
records/baseline_runs/ghost_scene22_03b53590_d4p5_shadow/summary.json	993	cdd33f67931b6b6786fa5c0339d9bd5ed470219ca8fbcd08b1a411d2003f0a1b
records/baseline_runs/ghost_scene22_03b53590_d5_reachset/summary.json	1001	a3982ed6e87809983113994330f611598c1b4bb608f8befc7b0cc08156f63b3a
records/baseline_runs/ghost_scene22_03b53590_d5_shadow/summary.json	987	0f2d3b917952eb8cfc05804e0c363fd713faf9fa419e05fdc0abbfd47eb7a57f
records/baseline_runs/ghost_scene22_03b53590_d5p5_reachset/summary.json	1007	271a0b36119498425b28e8bead6fb6e3512ff707dbd398e8f9c4778222089419
records/baseline_runs/ghost_scene22_03b53590_d5p5_shadow/summary.json	993	fb304c986257863edc9e4cc9aefac5ac9678325dd9841aa805a7265465a5f694
records/baseline_runs/ghost_scene23_8383a344_d3_reachset/summary.json	1000	7ad8f434f1caefdf4aeda960c365f12502ba02baf634fffa46ef0c6c336b18d9
records/baseline_runs/ghost_scene23_8383a344_d3_shadow/summary.json	986	dce590e0b175feefb83e27997ea0db19ac5cd197b72147a8be0604af38ac4266
records/baseline_runs/ghost_scene23_8383a344_d3p5_reachset/summary.json	1006	1f24ec7dc53f1c6c02c4e7bd6e37cd8f8fff26acd47ccc9e63a4ab8010e92923
records/baseline_runs/ghost_scene23_8383a344_d3p5_shadow/summary.json	992	54f675780c7ceb3ae95fa2d5d45c41fdfec8d47361d97584e3ee267341c3f32f
records/baseline_runs/ghost_scene23_8383a344_d4_reachset/summary.json	1000	5e108a0517761fa632c05ec8b5f4f82ce1a40630c572903aecabed48da3c9267
records/baseline_runs/ghost_scene23_8383a344_d4_shadow/summary.json	986	05b6591407ad6b69a12f69bf4b91959097c5af878f7fb53cbc1d89b5cae692b7
records/baseline_runs/ghost_scene23_8383a344_d4p5_reachset/summary.json	1019	da25623956261f50b2b99fde1826c76f74edbfa98e7ad77f713b7473a2a5bf2f
records/baseline_runs/ghost_scene23_8383a344_d4p5_shadow/summary.json	1005	f4e727de1faac5e509ef8b8476363df908aa58021166b68cff2100eb543c4dec
records/baseline_runs/ghost_scene23_8383a344_d5_reachset/summary.json	1013	7c30e177562e73cb30f2f63aead1eacffdc4c7a63646efc0ce4ac733dbb213a9
records/baseline_runs/ghost_scene23_8383a344_d5_shadow/summary.json	999	cc27caf7c8190af2794df9bc2d762f74a66ba6a29a108fea83d7606f5608cd46
records/baseline_runs/ghost_scene23_8383a344_d5p5_reachset/summary.json	1019	349733bf434a947a8572d8ab98cb255646c47d2b93b15bea08d878cbe10d5c48
records/baseline_runs/ghost_scene23_8383a344_d5p5_shadow/summary.json	1005	0c7a61ec98fd487b9faadc72d0e25a788710369b69abb3207efbedf8afb88a2c
records/baseline_runs/ghost_scene24_d5bc58f5_d3_reachset/summary.json	2087	0f77dd1657cea9208077fa0f43640cdbe5d8abfbc3d85583860b8d7265b2af66
records/baseline_runs/ghost_scene24_d5bc58f5_d3_shadow/summary.json	2073	6ec325296883db0f8f653f4270355cbb678361fcdb3ee993906bbce3ef9fed1a
records/baseline_runs/ghost_scene24_d5bc58f5_d3p5_reachset/summary.json	2087	91e8dbd48ae86a028e06c939cd4c4b1d547376a27bae104ca228aa98ad996101
records/baseline_runs/ghost_scene24_d5bc58f5_d3p5_shadow/summary.json	2073	e016fc7ea544bf58b38ce94bec1242642f32dab45d49e45ee71032eff8bebe25
records/baseline_runs/ghost_scene24_d5bc58f5_d4_reachset/summary.json	2082	fd3084994f81cf0040167e072b387ca11d40ceacb4521d4537f1d2a0d6937988
records/baseline_runs/ghost_scene24_d5bc58f5_d4_shadow/summary.json	2068	092a0005fa46dd1c83e994231b31793fed995f4a37cb69c7148cddcf14c860ae
records/baseline_runs/ghost_scene24_d5bc58f5_d4p5_reachset/summary.json	2089	addf2c0a70ebf69701d82d7cb2c4dfe70db14380543c4c60f79266095f9816fe
records/baseline_runs/ghost_scene24_d5bc58f5_d4p5_shadow/summary.json	2075	1218b84f64f12b7da3f56bc0f1cb8d7c17143b4df31affb13bc64c010cbb93fe
records/baseline_runs/ghost_scene24_d5bc58f5_d5_reachset/summary.json	2087	ae00d3452a36527e8ab54f58e367aebd9206816ff6401578b869d62efd6f5161
records/baseline_runs/ghost_scene24_d5bc58f5_d5_shadow/summary.json	2073	c4cad7cb50c1e0d975e00dc1cae011ee6b9fdf3a078d2ca2d9f455a9112444ec
records/baseline_runs/ghost_scene24_d5bc58f5_d5p5_reachset/summary.json	2093	bc4f7330a5aa3cebe866808905ec87ae4fb1b483287efce81f33d11e24e51233
records/baseline_runs/ghost_scene24_d5bc58f5_d5p5_shadow/summary.json	2079	e169fc4fa8f4fc2d6b70655e7aa11e4d92df9475d16bda33501d919454519ffc
records/baseline_runs/ghost_scene25_8c86408d_d3_reachset/summary.json	2081	aaca55f8225b1a81ba95c022f526604750d797d84a5421f757025ba4af8ad748
records/baseline_runs/ghost_scene25_8c86408d_d3_shadow/summary.json	2067	30b1da2491235602c0f9dc127c9394e836d714583b2823739022ef45740580d5
records/baseline_runs/ghost_scene25_8c86408d_d3p5_reachset/summary.json	2087	66098ebf3d77088b2def7609a5cb82fbe2bcd81cbce5c0300a4d687f07843acb
records/baseline_runs/ghost_scene25_8c86408d_d3p5_shadow/summary.json	2073	a5cb993b9aa6902e8fe2eeaf48645632c33777f7600f663a9a44d592de751bc7
records/baseline_runs/ghost_scene25_8c86408d_d4_reachset/summary.json	2084	207288cfd5efc7d6712da96171c0880d60040511e91dca10d92e37f2892be32b
records/baseline_runs/ghost_scene25_8c86408d_d4_shadow/summary.json	2070	73009448a77459a2b56a064d5b25173e421d0c32396d4a4acef3d9a98870927d
records/baseline_runs/ghost_scene25_8c86408d_d4p5_reachset/summary.json	2092	c708b753a536c23231e9c21551e83c16c39ddbd795b7862803a75eb1cccf5775
records/baseline_runs/ghost_scene25_8c86408d_d4p5_shadow/summary.json	2078	c0cdb84d8f01c5effeaf03faa3535b82146cc8d9acf2f9d1e871a5bd0a4ba4b3
records/baseline_runs/ghost_scene25_8c86408d_d5_reachset/summary.json	999	a7990c4cdc5721368029eb892446055a1bbb531720c7f9b4636a6bd7a183c8e2
records/baseline_runs/ghost_scene25_8c86408d_d5_shadow/summary.json	985	3c82f4fb937d7a2663b419a1c81058161e828c618118cbd11eff02f4d424701f
records/baseline_runs/ghost_scene25_8c86408d_d5p5_reachset/summary.json	1018	66f26d2b72e9df35785e30f6a5574969ccffdc0b2fd6a7fbc87d07acb4141330
records/baseline_runs/ghost_scene25_8c86408d_d5p5_shadow/summary.json	1004	ee58d0bc21f745e8d5e0df50d6c95a96ca135b2493ff9db15d6f1a3e88de4607
records/baseline_runs/ghost_scene26_89cbb1a0_d3_reachset/summary.json	2092	3b8f3f9538e12ebcab752830274d4aa2979ea0a916bac53384f308e1da08fa8c
records/baseline_runs/ghost_scene26_89cbb1a0_d3_shadow/summary.json	2078	1954d858029af334c80b585b1bb19dad466f8b1eb3fd2753baf6c5e86d78ad6e
records/baseline_runs/ghost_scene26_89cbb1a0_d3p5_reachset/summary.json	2099	de96e87440ff3d7ce1b8d245830ade772cd6a88cdce5f16dac409400070cacc2
records/baseline_runs/ghost_scene26_89cbb1a0_d3p5_shadow/summary.json	2085	d1454d15ddc0bb6b973d9ed02beca2e461c9176fb4019248db01608ce13dd5fa
records/baseline_runs/ghost_scene26_89cbb1a0_d4_reachset/summary.json	2094	c8b5c0b2e2ca6366679b23b7eadaa89b3e472fa4e86fc675a88f164f8ce3b3c9
records/baseline_runs/ghost_scene26_89cbb1a0_d4_shadow/summary.json	2080	ccd6f0eb7ee05f278d4a818b1822f5d12b00be2f8e2096ae35ee91b600fd03a6
records/baseline_runs/ghost_scene26_89cbb1a0_d4p5_reachset/summary.json	2096	dcfdcb50d83d6bc18dc51c760dc9dab8f177d033b515644aa1eed5795f448986
records/baseline_runs/ghost_scene26_89cbb1a0_d4p5_shadow/summary.json	2082	543fe1f5e3ae18b599145b25e6524b1b2ec9450d3d191a41acc24adc2411b232
records/baseline_runs/ghost_scene26_89cbb1a0_d5_reachset/summary.json	2092	22c00fcba32c7a4d3b79c8c6fd801d02eb76d89b50d506ff1a34480355012e8c
records/baseline_runs/ghost_scene26_89cbb1a0_d5_shadow/summary.json	2078	e59a9d2ef0f7dceb3dd03e8ee0ca954120f07db02f4e0e0ca7ec59608d0a5589
records/baseline_runs/ghost_scene26_89cbb1a0_d5p5_reachset/summary.json	2097	05a486b1e02c5e6b2fc12effa39282f209644608f7665ee392775c7205623d54
records/baseline_runs/ghost_scene26_89cbb1a0_d5p5_shadow/summary.json	2083	2d563f8f860a56197264f80da9fef46802f3dfd5c19d4c3165c40d5d3fb82016
records/baseline_runs/ghost_scene27_867b8cd6_d3_reachset/summary.json	2073	dedfdc7878e72e8a21775e9403f1c739c7c500754201c960b41919b000ac09e5
records/baseline_runs/ghost_scene27_867b8cd6_d3_shadow/summary.json	2058	134069a6ecc09efb87381fcef275afa48c95155056f2c084d0d7fbc60f100576
records/baseline_runs/ghost_scene27_867b8cd6_d3p5_reachset/summary.json	2086	462fe4aec2c7502325eb0595e2ee61a175800dbb3930d15020cbe6270f7e50d6
records/baseline_runs/ghost_scene27_867b8cd6_d3p5_shadow/summary.json	2072	3c0c258256ef2c995077bb354a12e2ccb3912aaea06ca21e11728e736bdddefe
records/baseline_runs/ghost_scene27_867b8cd6_d4_reachset/summary.json	2082	cbe243b1e23937449fe04d29888622b5ae1c6abad992e0481c9f5188e97ecc9d
records/baseline_runs/ghost_scene27_867b8cd6_d4_shadow/summary.json	2068	bd3d393389ba6b3c5d44c50a3fbe6b001b956aed862a2a907732173b3f69cb44
records/baseline_runs/ghost_scene27_867b8cd6_d4p5_reachset/summary.json	2088	db554be0388b4c36a52baec00717968083e09325c7d57024b420a1ed3d7c5d39
records/baseline_runs/ghost_scene27_867b8cd6_d4p5_shadow/summary.json	2074	815aff92ba3f75b3b63c7011b946f3a5269f0cafd81386ce67aa41eb9099f752
records/baseline_runs/ghost_scene27_867b8cd6_d5_reachset/summary.json	2081	381ca180383c0e8a97349db7d3397f5de7307684eb9c3799835488be54e30053
records/baseline_runs/ghost_scene27_867b8cd6_d5_shadow/summary.json	2068	bc5c08c0c1bdb4ffffb0b00e2f48fde6fda559162cb3778d8b96b39ae6881044
records/baseline_runs/ghost_scene27_867b8cd6_d5p5_reachset/summary.json	2088	8365dc513fdc3efe5c49f243318d2ee84b819b3d7b1e9dcd7c91d51ef9fb9455
records/baseline_runs/ghost_scene27_867b8cd6_d5p5_shadow/summary.json	2074	0b5e654adaba08ac406423aa1259d93a39d6b2d4b145cce9f0855ff8567ded6a
records/baseline_runs/ghost_scene28_3dd351e9_d3_reachset/summary.json	1001	1efdfcf192d81c36e4249d48f51910ee2793557a86d56e2345f35ef2f3604303
records/baseline_runs/ghost_scene28_3dd351e9_d3_shadow/summary.json	986	ae637c95c7e79ca1db38445d1eef074734bf6436936b8267e7838eae7c09c242
records/baseline_runs/ghost_scene28_3dd351e9_d3p5_reachset/summary.json	1007	19617132b00f3b26dff3b322fd6a7f54bdec2599749bba386613d2ff263feb5e
records/baseline_runs/ghost_scene28_3dd351e9_d3p5_shadow/summary.json	993	adcbd6b8b82cf857dc21683d607ebd289bba429e549bf9361b0f2ac686dcee19
records/baseline_runs/ghost_scene28_3dd351e9_d4_reachset/summary.json	1001	e7248b26c5d9b5e9ceacd50e258b8e9c817050bdd73950ac18cf84806f39944a
records/baseline_runs/ghost_scene28_3dd351e9_d4_shadow/summary.json	987	d3d40694caaffc95eebbdc35ebd4835e50f445fc55fa54500c8122db28ac22ba
records/baseline_runs/ghost_scene28_3dd351e9_d4p5_reachset/summary.json	1007	65e4e41473a4eec66a85b07388c1f7eda3c3042381a6a22f2be99a305d1dcd1d
records/baseline_runs/ghost_scene28_3dd351e9_d4p5_shadow/summary.json	993	809e27f6a5eae6d34393a92e6a2a3173ad1b4749a4847e2118c4c164450c8ec7
records/baseline_runs/ghost_scene28_3dd351e9_d5_reachset/summary.json	1001	64d45323a6199e305d0268fe18a41e06c3fdb126e3d7636ca15c1f685c7f7308
records/baseline_runs/ghost_scene28_3dd351e9_d5_shadow/summary.json	987	e5f387123871d2e5b737565a952828e7f09a8321e26b18246b1a7e3645a26b41
records/baseline_runs/ghost_scene28_3dd351e9_d5p5_reachset/summary.json	1007	cd3e8d6f2b3ee990507e4c9bfb6122137ec008a0db96d42def68a965b7c844e2
records/baseline_runs/ghost_scene28_3dd351e9_d5p5_shadow/summary.json	993	6196dbca6eadc58c9cb0f92755909ef8314139e2f3c1f344e23420fbb47d53db
records/baseline_runs/ghost_scene29_8310e233_d3_reachset/summary.json	2082	a42c7d6cea3595a61956f147d1d59e611c57265fba4136d86ee264ed46ac8659
records/baseline_runs/ghost_scene29_8310e233_d3_shadow/summary.json	2067	f39646600ffda13389fe9ee6a09002d5e94f4b25abcfe5d840b7c6440bc5c596
records/baseline_runs/ghost_scene29_8310e233_d3p5_reachset/summary.json	2088	b6a64b84b79f4d853f4959423b228c891c3e5f319d59f9286408d940f04ea9ac
records/baseline_runs/ghost_scene29_8310e233_d3p5_shadow/summary.json	2074	7c0f85482a8fe5d14d82bd507df685638b20cb6ff864448449963498ee437788
records/baseline_runs/ghost_scene29_8310e233_d4_reachset/summary.json	2078	1b0e0963c57a2edeaf252658b924f56f8f36ad446ff0a16d21345077f3507f38
records/baseline_runs/ghost_scene29_8310e233_d4_shadow/summary.json	2064	05506c9ada142c409021066f80b61d345fab6029275c9e252b98bc378cadccbe
records/baseline_runs/ghost_scene29_8310e233_d4p5_reachset/summary.json	2090	a7eeb3efe488afec107f0790e5f7effe2d6950c79d5ceb3e4a84a236691d883b
records/baseline_runs/ghost_scene29_8310e233_d4p5_shadow/summary.json	2076	53aef7300702100686b63f03105ec3b97bbe46a1755e3aa3d6d3167d1638b2d3
records/baseline_runs/ghost_scene29_8310e233_d5_reachset/summary.json	2076	a4ce1b4a3e889154cc7db48f28d8f85637ed7942042983d882315ed3b9ab6626
records/baseline_runs/ghost_scene29_8310e233_d5_shadow/summary.json	2062	f37f7490ade47d939e715a43417bd29dd81d7a2ff626d13e004ac989e9356a0c
records/baseline_runs/ghost_scene29_8310e233_d5p5_reachset/summary.json	2081	59c01ffe0f535a83c60efeb468ab56ce7d275088ddf633ea9747b54a86bf13f5
records/baseline_runs/ghost_scene29_8310e233_d5p5_shadow/summary.json	2067	e495bfddfdd6b7e3fc65490c8b63d910a97ba0d8bd25e8d493af3dd8c3827609
records/baseline_runs/ghost_scene30_32014e08_d3_reachset/summary.json	2076	8b673b6d8ea220688e4e8e895680ae4409dc9100cbc2d1fa3170f4d7277a12b9
records/baseline_runs/ghost_scene30_32014e08_d3_shadow/summary.json	2062	11fa9bb6daafa1706bae20b920507175459a6ed313c718f4226b24a1f4b85631
records/baseline_runs/ghost_scene30_32014e08_d3p5_reachset/summary.json	2082	52365a6c971f0675ed7e232787c2f3358e88c6e3ef9f63346bd4998840d4512d
records/baseline_runs/ghost_scene30_32014e08_d3p5_shadow/summary.json	2068	d8eb9b4ff693978edc99597a4f0e4de84595ff52cab3b6adae75b8a9735d7afc
records/baseline_runs/ghost_scene30_32014e08_d4_reachset/summary.json	2076	92a1e02eec3c2c831667d731d49dd78ab493a2e039a076017372c4da151bf90f
records/baseline_runs/ghost_scene30_32014e08_d4_shadow/summary.json	2062	25f487c52d864691883105e4525f6f8f0508a437964cc664593d7507e2769e5f
records/baseline_runs/ghost_scene30_32014e08_d4p5_reachset/summary.json	2082	bbfc7efeb8d91e95b8255477a4e17c93dfb109999477bd41e6f167105e51e61a
records/baseline_runs/ghost_scene30_32014e08_d4p5_shadow/summary.json	2068	a21e885c425a1687f10437039a3c8b2c0f22d553189c7a20c395514bad8e8372
records/baseline_runs/ghost_scene30_32014e08_d5_reachset/summary.json	2076	d73e120b41fe54264d3c5da70ab7f3c19e5a5db45cb1102f8282b95774e0259f
records/baseline_runs/ghost_scene30_32014e08_d5_shadow/summary.json	2062	e29e5b7c5830811f2b89df2d023906095e6ced0e5397bc6179645a7beab9225b
records/baseline_runs/ghost_scene30_32014e08_d5p5_reachset/summary.json	2082	027b49fe0098b48423880218fa04f3b77fee2b18d4cc4561b6758a5c50217a89
records/baseline_runs/ghost_scene30_32014e08_d5p5_shadow/summary.json	2068	1eca5de4e396677d0993330af1726eed725a608a7c9fb8962020411fd66d7519
records/baseline_runs/ghost_scene31_18824800_d3_reachset/summary.json	1000	ad899e56ee23866772c2a2735ee721b7ef08f7e7726d2e3a2af0cf68538e509b
records/baseline_runs/ghost_scene31_18824800_d3_shadow/summary.json	986	446857f512509f0a9c88b37e44c60445477a7a33f67324ba47a16e2c6d43f126
records/baseline_runs/ghost_scene31_18824800_d3p5_reachset/summary.json	1006	294b2971d5214812c53361f359877ef682e057d964884a21666aba9a5251563c
records/baseline_runs/ghost_scene31_18824800_d3p5_shadow/summary.json	992	2b723ceb3dcc71cdc42911ca98f0d386b9121c7f0a01b8c75eba3c7f2f062752
records/baseline_runs/ghost_scene31_18824800_d4_reachset/summary.json	1000	345ae0facfb318b40a68fef59309ed22c01ff73bdf82f910a640c984ccac2434
records/baseline_runs/ghost_scene31_18824800_d4_shadow/summary.json	986	19ec41bf68260c45984b8237cf07b87b5e96c80dfc76e4d79052920e4388fafd
records/baseline_runs/ghost_scene31_18824800_d4p5_reachset/summary.json	1006	f273c27d8981585db038ca2d91da4d7d56a243e0d733dbed7577b1acc98828bb
records/baseline_runs/ghost_scene31_18824800_d4p5_shadow/summary.json	992	53bc6cc620f35f8e52a3493ecb869041e9066a33dae6155cc1f5b8b02ed93c12
records/baseline_runs/ghost_scene31_18824800_d5_reachset/summary.json	1000	f4235d067b0073a9556866ad916c46e60ca5c88c75d855c91b7db5c891f2c924
records/baseline_runs/ghost_scene31_18824800_d5_shadow/summary.json	986	6eb987f975ea8845c9947888f1036e608191219411cb6497a8da4444db0aa791
records/baseline_runs/ghost_scene31_18824800_d5p5_reachset/summary.json	1006	230aa90fbcc48b7b2dd6db13d6f7f0dc4b4967e282ff0cc2816faadbba954888
records/baseline_runs/ghost_scene31_18824800_d5p5_shadow/summary.json	992	e5b6af75a15262bc0be3b2c12215bfd05f9faeaab0f4b8ffea44486eca22669d
records/baseline_runs/ghost_scene32_e20df268_d3_reachset/summary.json	2069	372d34d4caf2efe5204fb9a04de4bade8c88a39fd747226d5388e7bceaa99e4a
records/baseline_runs/ghost_scene32_e20df268_d3_shadow/summary.json	2052	ee1b110bb8625df4c36f4062246ed572f36b5e0c85c130e8fc7602514482936c
records/baseline_runs/ghost_scene32_e20df268_d3p5_reachset/summary.json	2075	4a21c0c419acaab67210d23a0b0186ddfe53a27fcee96b637f1202ba8a88e43a
records/baseline_runs/ghost_scene32_e20df268_d3p5_shadow/summary.json	2059	a1368cfd2b150cc28c5146d4050bf53db7d2aa118b49cde3aeaf46f40179dd16
records/baseline_runs/ghost_scene32_e20df268_d4_reachset/summary.json	2069	0b2c28155368d1409ffc60afff82fc9015485f26978fbfc09f1ad78032413b54
records/baseline_runs/ghost_scene32_e20df268_d4_shadow/summary.json	2053	065ab136dc4073cd5eed90817446b39741ef6e04f3d1ddc52e668d5cad2c202f
records/baseline_runs/ghost_scene32_e20df268_d4p5_reachset/summary.json	2075	7e399045796ca33034923a86f0b5d5a8babc3a31ab72f5ff54e2e9544de79eb7
records/baseline_runs/ghost_scene32_e20df268_d4p5_shadow/summary.json	2059	90c69981f12d048aa0a3c2e1d8369c45f1782a9d792908b9dad0ad7f3a443f79
records/baseline_runs/ghost_scene32_e20df268_d5_reachset/summary.json	2069	9196447b069fdbff42e9a41295d2afe2d4fd870a387c25754537621a54d7c8ff
records/baseline_runs/ghost_scene32_e20df268_d5_shadow/summary.json	2053	21c7bf71702a3198286e63be8e77a335613f4a4b87ee860e254418cd9d5844db
records/baseline_runs/ghost_scene32_e20df268_d5p5_reachset/summary.json	2075	b6fdff51efb722528eb9ba2bf11cba298d807e657af62df86b5a10945bd9f825
records/baseline_runs/ghost_scene32_e20df268_d5p5_shadow/summary.json	2059	b884ed0ccd6dc8034a3348b1926ac4036767fb3439d33642f044452c1dd65c0a
records/baseline_runs/ghost_scene33_3856ed37_d3_reachset/summary.json	1000	67e326ff1dc56cf861f89e0c917ae6db165f66522b4ab1ade690691b3155d83b
records/baseline_runs/ghost_scene33_3856ed37_d3_shadow/summary.json	986	65eab3f5c34e9befe0246250654d8172e7e9682326104ccf066f78e92cdf174c
records/baseline_runs/ghost_scene33_3856ed37_d3p5_reachset/summary.json	1006	74f99276b40babed03f460e61746ed682e8ff0539a41468c39bf40c3c55c18c7
records/baseline_runs/ghost_scene33_3856ed37_d3p5_shadow/summary.json	992	e06aabf490fc451cfe1fd5efd84804ccd3c3bd4f27d87b33b2e7403c4f185679
records/baseline_runs/ghost_scene33_3856ed37_d4_reachset/summary.json	1000	72380f8c0befe09369ccb47572813d46ef36c07fce9fbd60535c44ed8ece516f
records/baseline_runs/ghost_scene33_3856ed37_d4_shadow/summary.json	986	471ce406a6289925dc1acf43e25c73b1d44d53c6ad60e3d72e21cd07ff95f15d
records/baseline_runs/ghost_scene33_3856ed37_d4p5_reachset/summary.json	1006	af06a63a83bd189ea822bb20f21f6833e48d8a1f64372444bc5c0d1695bc8905
records/baseline_runs/ghost_scene33_3856ed37_d4p5_shadow/summary.json	992	663d5d5bb776f22e2d0aafed3f4a00e2faedf3d2b210c52971c5cd57d4ce7549
records/baseline_runs/ghost_scene33_3856ed37_d5_reachset/summary.json	1000	f580da2d5f76454b61b5eda57b95284cb0566638bfe854407f2edc8f14550e9e
records/baseline_runs/ghost_scene33_3856ed37_d5_shadow/summary.json	986	e2f916c2a738954cc2e63ec085ef7c8e5352127e4721fdcc4f2c1d6d897a5480
records/baseline_runs/ghost_scene33_3856ed37_d5p5_reachset/summary.json	1006	c29827df691b1ffb53fa696b63a3f1221d48ae759f9f03e0ed9a14552c971d73
records/baseline_runs/ghost_scene33_3856ed37_d5p5_shadow/summary.json	992	7f9e50930b26cef0107aae0d2f70328ae8bc15029eea4e2df419bef7861a211a
records/baseline_runs/ghost_scene34_f558c81c_d3_reachset/summary.json	2070	d29545acf6d7dbbbfc18488b67a055bd13d608414ab4370a6376f54dd6a2ba47
records/baseline_runs/ghost_scene34_f558c81c_d3_shadow/summary.json	2056	da78706460dc36b038cf966e7b92b08c9347114b79e32f5fb1c8e5d663e7aff6
records/baseline_runs/ghost_scene34_f558c81c_d3p5_reachset/summary.json	2076	5de44b70cababc674ff0ff29f17f42ac0aa474541e8aebbd21be8c51d7fce0ef
records/baseline_runs/ghost_scene34_f558c81c_d3p5_shadow/summary.json	2062	c64a56e16f34cd7a525cb46f7c69c1f5963d66071fdb44f31abf28827477d54b
records/baseline_runs/ghost_scene34_f558c81c_d4_reachset/summary.json	2068	cb29dc9e35b6c9f6c0db663e2396140d310777dbc757899a9c984005c1d39eb2
records/baseline_runs/ghost_scene34_f558c81c_d4_shadow/summary.json	2054	0d5cce0d374a9bfb01d487a63b77cd246bf4d478803563f86e6f6cc5e72d5f28
records/baseline_runs/ghost_scene34_f558c81c_d4p5_reachset/summary.json	2074	4baeb7b79f685e1a11db9ddfc773ce75de89d95043400de9eab9345577df107f
records/baseline_runs/ghost_scene34_f558c81c_d4p5_shadow/summary.json	2060	00d65d68bd44bc2b11c50c5c86a31d927c2254eb865e8e467d9f3ee86a672727
records/baseline_runs/ghost_scene34_f558c81c_d5_reachset/summary.json	2069	1cb3b58d99a6aeecd948e7979c0d5143f00cd52b24aec3e2f9577e74c82320c6
records/baseline_runs/ghost_scene34_f558c81c_d5_shadow/summary.json	2055	7453940da678e5b8f88ce29be409e491e7bc9280d2973dbde8a9583a22fcab8a
records/baseline_runs/ghost_scene34_f558c81c_d5p5_reachset/summary.json	2074	1c1a3d5a5ffe64bf3b54d15c9051e61a06057d19a60c37d9de6defa1e18ed566
records/baseline_runs/ghost_scene34_f558c81c_d5p5_shadow/summary.json	2060	12ca8a5f32bad01e98919e316e76ea4a2f4a920474f80352fb80467df5e3e7ad
records/baseline_runs/ghost_scene35_13b0afee_d3_reachset/summary.json	1001	8a48ba3de897774217d1e4a2a27a0bc2501c8097dd1f2fcd1ec896376b2b22e8
records/baseline_runs/ghost_scene35_13b0afee_d3_shadow/summary.json	986	735b8a796faf1be79086922c232c383872f8d40218ba40f35b51a04dfaa10b1f
records/baseline_runs/ghost_scene35_13b0afee_d3p5_reachset/summary.json	1007	602720bc5e569471c7436d4dbd234c4c9069095762d4d3a1e1c53b17011f35e1
records/baseline_runs/ghost_scene35_13b0afee_d3p5_shadow/summary.json	993	507d2fafbdff5ea4a9c17467a99cf8674f5885493f38496653981ce580520b34
records/baseline_runs/ghost_scene35_13b0afee_d4_reachset/summary.json	1001	f881330190cb52d14bd955f5178080c97bc305a3f14b17374e6a3f18fbfa8d67
records/baseline_runs/ghost_scene35_13b0afee_d4_shadow/summary.json	987	6c1e4c765eceaf5cdb2fef2ab506deb9d539a26e2f27c04a9960d540c190046f
records/baseline_runs/ghost_scene35_13b0afee_d4p5_reachset/summary.json	1007	6550218ee655e3858222b1eeddd0f3f3f331b5ab93dc35e802a64ea6e277a1b7
records/baseline_runs/ghost_scene35_13b0afee_d4p5_shadow/summary.json	993	01015ea5c11e16c8c94aa826fbc1aa9e471a89716309c30cc1163c97f329ddcb
records/baseline_runs/ghost_scene35_13b0afee_d5_reachset/summary.json	1001	f6896ffbb860bd34c86b96a8fa99db76b52e9c96121e3058696e527a75dfe0a6
records/baseline_runs/ghost_scene35_13b0afee_d5_shadow/summary.json	987	52423d87c3ec08ab336e98ea989de3144e0931245b807ac6c6ef4e1f94f3ef27
records/baseline_runs/ghost_scene35_13b0afee_d5p5_reachset/summary.json	1007	5411de95e34af6d3a3e1b1078ea224ffbd7b5e10374b4b75c3af0c922c30b673
records/baseline_runs/ghost_scene35_13b0afee_d5p5_shadow/summary.json	993	503080dfc0e9ff142cedac63705a125c166655bc062f9f86f1ca46f458b1bf19
records/baseline_runs/ghost_scene36_2dd9de23_d3_reachset/summary.json	1000	bb90fc5c045b2ae2bec804125d0de715558061f12b625aa353c95ecdc1c91712
records/baseline_runs/ghost_scene36_2dd9de23_d3_shadow/summary.json	986	9fd6a7bd79b3b8afd06d7e787253c47cf2cce3788a547fd95e5d5557db8cacc6
records/baseline_runs/ghost_scene36_2dd9de23_d3p5_reachset/summary.json	1006	29f2572871afce65b5f62ef12983cc81619d39ab6a4d13a95adb695aeed62314
records/baseline_runs/ghost_scene36_2dd9de23_d3p5_shadow/summary.json	992	5618099a2e572f86cc56ddb1240e5de67d7e8942e6dd4dc3fb4eacd35aa98e79
records/baseline_runs/ghost_scene36_2dd9de23_d4_reachset/summary.json	1000	e932cb504556e03a666139b51c73e26096891df0f17f82551a5e827e56b21c16
records/baseline_runs/ghost_scene36_2dd9de23_d4_shadow/summary.json	986	33a2216ba7375dec65e2f72c52384382d9fa0f74305f265f0511d546c876f082
records/baseline_runs/ghost_scene36_2dd9de23_d4p5_reachset/summary.json	1006	e4962b4ea5a210bd3bafc88ff3b8f69f7fd3b567a91673a012a2ddb620a11bfd
records/baseline_runs/ghost_scene36_2dd9de23_d4p5_shadow/summary.json	992	23d2a2f07195ae9a598f35025d1661f0287fa4dd897bd1ac946f73fcfd57e9fd
records/baseline_runs/ghost_scene36_2dd9de23_d5_reachset/summary.json	1000	d6711d0581c93d8c5a546c8da35b1e83e14801710999606536144cbd87633ea2
records/baseline_runs/ghost_scene36_2dd9de23_d5_shadow/summary.json	986	2826f3f12d4de3ed751319adb8a89b765bae423b6ce797379d4446ac236d23dd
records/baseline_runs/ghost_scene36_2dd9de23_d5p5_reachset/summary.json	1006	e33b169ece06f1450b5d6751db8f791de267e47a335e143ef8662b4d2138094f
records/baseline_runs/ghost_scene36_2dd9de23_d5p5_shadow/summary.json	992	c91980df19012b4a3fe9bb4a3e5988adbbe731558b114414653f560b07f83125
records/baseline_runs/ghost_scene37_667102df_d3_reachset/summary.json	2055	cd4cf7ef3737a1b8d98618d6964e2f04279b79bb724c9d519b4a77e105a57812
records/baseline_runs/ghost_scene37_667102df_d3_shadow/summary.json	2040	e56b84edab1f22f48d5fccef8b0cff4966be8d1c168ff112aeec370360245d1b
records/baseline_runs/ghost_scene37_667102df_d3p5_reachset/summary.json	2061	e639b3f011772160044fa8c9134272dda3b859ca9b2426e7bb9f52c75eed5071
records/baseline_runs/ghost_scene37_667102df_d3p5_shadow/summary.json	2047	fcc1250bee125af61d7674862d5e95588bdaf506afd5b9389f74f859fef1bfa7
records/baseline_runs/ghost_scene37_667102df_d4_reachset/summary.json	2055	dcaffb81c9168c27a4db185511addf0eede723488a7a11bd72dc02ef64b9f00f
records/baseline_runs/ghost_scene37_667102df_d4_shadow/summary.json	2041	d5a9183687c02fa0e357594c120fed84887a745405b2399bc1bdafa926f6dd74
records/baseline_runs/ghost_scene37_667102df_d4p5_reachset/summary.json	2061	b88900d2d8b43144565828b326a9a320d4a3d5889df81738c8f21161a1c22b66
records/baseline_runs/ghost_scene37_667102df_d4p5_shadow/summary.json	2047	7dcf6e77af7015ac27b75e9fff02a12baf67cab23e0720e6b2eba7b1f77fb7b7
records/baseline_runs/ghost_scene37_667102df_d5_reachset/summary.json	2055	27e734136b960cef3aa7ffd1479598cba970b378c933ec407f40a3eeafac548e
records/baseline_runs/ghost_scene37_667102df_d5_shadow/summary.json	2041	4f713cbd4db154a26a8acbe0d7e5c680533456b3938df97895ba5b5602797e2b
records/baseline_runs/ghost_scene37_667102df_d5p5_reachset/summary.json	2061	4086214b42c51d604325c678745fb554339a4e8eafe25bfe79db75814eb3da52
records/baseline_runs/ghost_scene37_667102df_d5p5_shadow/summary.json	2047	53b7ca475248f825f40de5f232642109dc6e2a8b8608ccc98fd87e933941ab9d
records/baseline_runs/ghost_scene38_dc8a8524_d3_reachset/summary.json	1000	4f26d2b3807ab0841c875330d340eaa608b5795e8997d2c6af8f3f6200f45faa
records/baseline_runs/ghost_scene38_dc8a8524_d3_shadow/summary.json	986	d6b5a45ca11e94c4b6fdfeafb04e2f6f34454d7562ed94f554f5cf1b7102fa10
records/baseline_runs/ghost_scene38_dc8a8524_d3p5_reachset/summary.json	1006	c81021b73a1d48c93d9b7ce197c43dfef0b060f772ce136fb5da70a61372046d
records/baseline_runs/ghost_scene38_dc8a8524_d3p5_shadow/summary.json	992	7742c5317944df72924f749415529560c9dc5bf6b5f7714c31a6f584947127a2
records/baseline_runs/ghost_scene38_dc8a8524_d4_reachset/summary.json	1000	2868b3ef4156fbacdfe02b95c4142c867c1daa0c0a8b3b47e27a8437571974c2
records/baseline_runs/ghost_scene38_dc8a8524_d4_shadow/summary.json	986	b44684ee116758ae3bc2b249bc8c44660afe6bf571e7ddaa3d6dc95e6a0a343e
records/baseline_runs/ghost_scene38_dc8a8524_d4p5_reachset/summary.json	1006	73cf8710a494d1c91a4c4a42b1937a7339bac5c352d813d33b45e4670e184e0c
records/baseline_runs/ghost_scene38_dc8a8524_d4p5_shadow/summary.json	992	4c88bf9aa42d3ab4e1af83538661d2d2518aa7ea1cf5f6ec74e5c43a7a988a84
records/baseline_runs/ghost_scene38_dc8a8524_d5_reachset/summary.json	1000	92a3a9c0ed13e434851963e35ce0c7219fb6d75542b05b7054feeff90197063f
records/baseline_runs/ghost_scene38_dc8a8524_d5_shadow/summary.json	986	e1252ec70f59df4281717688db479208ba8a5dc3b54f452e855cb41a4f73999a
records/baseline_runs/ghost_scene38_dc8a8524_d5p5_reachset/summary.json	1006	1db41adf72f668d4fa45429c975332e29ead560a8b87a7a32f1f378d336915c2
records/baseline_runs/ghost_scene38_dc8a8524_d5p5_shadow/summary.json	992	87c047da2bcc44e406ece8067656f62852e8972b7fb3a9bc2b1c59dd9e5a2908
records/baseline_runs/ghost_scene39_6dcf23de_d3_reachset/summary.json	1001	b95ed798df95571102189852d622a03256e7e7ffcd81301d72ef25edefccd059
records/baseline_runs/ghost_scene39_6dcf23de_d3_shadow/summary.json	986	2518434eb43b71d2e3297eab4d92f02ec22a64dbe8ea04c3cfb580d6c768b7db
records/baseline_runs/ghost_scene39_6dcf23de_d3p5_reachset/summary.json	1007	e0559ad949fe5962dc2b22881eb3aecba5bba76ff3f63a851d9cd575c0aeb43e
records/baseline_runs/ghost_scene39_6dcf23de_d3p5_shadow/summary.json	993	3b1e619ea99000d31c1af3384cbd1bd87537796bebe61f45d07b0648bf1361ec
records/baseline_runs/ghost_scene39_6dcf23de_d4_reachset/summary.json	1001	a00ffde7fefba13ceabffb66ab3487728e39228c0bf1f3bebebf5651e1d133f3
records/baseline_runs/ghost_scene39_6dcf23de_d4_shadow/summary.json	987	1e17bcfca58c0758091187f1ea39b5ffbc2d87df1245900a784d130e940455a7
records/baseline_runs/ghost_scene39_6dcf23de_d4p5_reachset/summary.json	1007	e2dc11808e041c347e176a8057bf1a8b605c2fbae200a7a691add7ff5ff76dd2
records/baseline_runs/ghost_scene39_6dcf23de_d4p5_shadow/summary.json	993	dcb134f7f4c3aab25c501b29603678ec69e9968d303ccf7904c97fc504c9c232
records/baseline_runs/ghost_scene39_6dcf23de_d5_reachset/summary.json	1001	3b3a397c63a73bd6788a1b5f59ff3325e0b1b82c5db39b1b4174d81c722f9b2a
records/baseline_runs/ghost_scene39_6dcf23de_d5_shadow/summary.json	987	8832a9a092d3f25391a624a50a676962eab555fce748a42f3ed53ca38cd6cea4
records/baseline_runs/ghost_scene39_6dcf23de_d5p5_reachset/summary.json	1007	6f8fdba27c45554efe1a421c8fdc1865c0dd92126c704fd9a39d096de73e47db
records/baseline_runs/ghost_scene39_6dcf23de_d5p5_shadow/summary.json	993	c772f9397443b79be9fcfbc6db8c7896c6674ed91a7d065808cbdb4162ccab27
records/baseline_runs/ghost_scene40_8dee4ee6_d3_reachset/summary.json	1000	629e6fdcf621ff8176c053946b33532679e891030b720e90f9a8d93c6a5ce0e4
records/baseline_runs/ghost_scene40_8dee4ee6_d3_shadow/summary.json	986	2264bbfdd4dcb91224e7bbaeaf370db9f421ffbf3e56cd22b9abcb0c0956445f
records/baseline_runs/ghost_scene40_8dee4ee6_d3p5_reachset/summary.json	1006	006a1f4e647a6cb8e9364e465361d5484819671369453fc7c8584c3dcece2f44
records/baseline_runs/ghost_scene40_8dee4ee6_d3p5_shadow/summary.json	992	e62d25ab17aff6a0b6e2face81050f49c903e8985b97188a983dda8345422f4b
records/baseline_runs/ghost_scene40_8dee4ee6_d4_reachset/summary.json	1000	9eefd274fbb05206fbe37acc60d902ed3a8ae8f5de59102f53b8ae71d15a9dc8
records/baseline_runs/ghost_scene40_8dee4ee6_d4_shadow/summary.json	986	37128141ea1e4ab26ae1a4a1cc68d8f8d542b49b8037ccef3f91e3f069971089
records/baseline_runs/ghost_scene40_8dee4ee6_d4p5_reachset/summary.json	1006	ea59a36a63bdb35c2a8a5b95a0a05371f722ebdf91847f65e24bf2d4713d03f2
records/baseline_runs/ghost_scene40_8dee4ee6_d4p5_shadow/summary.json	992	9a156e10194ab2628314a13a53193d239d4904ae5c179b1409a01493dfede1d9
records/baseline_runs/ghost_scene40_8dee4ee6_d5_reachset/summary.json	1000	37dcfea6dcc19ef9ffccc14bbc34b2ffaa5a1ee0741b9e1c77ff9f5ed3935aab
records/baseline_runs/ghost_scene40_8dee4ee6_d5_shadow/summary.json	986	460cbd132685c8ce558d42d0206887e7b66333143ca5611531c9e3e5bd37d2f9
records/baseline_runs/ghost_scene40_8dee4ee6_d5p5_reachset/summary.json	1007	f39af6984c2faaa43a4d411ce9e6474baf052b73ff485533bf3cc3d06186ad9a
records/baseline_runs/ghost_scene40_8dee4ee6_d5p5_shadow/summary.json	992	5454f51978fda20af52d3e903cbd1cc97be2c335e788d305ff872ef37d2aa7e9
records/baseline_runs/ghost_scene41_530fc285_d3_reachset/summary.json	2079	59450065782c5e48f55435f7d418a6b26cccae99dfc86ed60a1c06baa1f26388
records/baseline_runs/ghost_scene41_530fc285_d3_shadow/summary.json	2065	65741783c623e703e61db5412ab8c903631c39288668a9f59e5e53243ff98f52
records/baseline_runs/ghost_scene41_530fc285_d3p5_reachset/summary.json	2085	0c5b6b0fa0bca62cb78ed5b34d629ea35c0459f1c132fbdff14777bfa4a0c72e
records/baseline_runs/ghost_scene41_530fc285_d3p5_shadow/summary.json	2071	7ceb5cad07fd7371466e266da9375ede299bd71508a0efbcde29dc511733f5c3
records/baseline_runs/ghost_scene41_530fc285_d4_reachset/summary.json	2081	621109f333338d71be4ed25e7cd240a97b38c6f5176aab6eb39d8d90bd248d93
records/baseline_runs/ghost_scene41_530fc285_d4_shadow/summary.json	2067	a8f95697949e30ff8390f04b924114bfdcd03ac545b9e2c8d58a2e3b5c5c8220
records/baseline_runs/ghost_scene41_530fc285_d4p5_reachset/summary.json	2089	02ad472cb86c67afc06b76ad3a533c71bfabeeca729e6f7bedba94718411c451
records/baseline_runs/ghost_scene41_530fc285_d4p5_shadow/summary.json	2075	ff5d2a31606226f1c0b3f6094b3ef17d93bc6575a3e1a571d74c6087093a485b
records/baseline_runs/ghost_scene41_530fc285_d5_reachset/summary.json	2081	2d8460b25f9bb1d05e315234c6520240ef7116d58ea7076e37c6be5afaded7e3
records/baseline_runs/ghost_scene41_530fc285_d5_shadow/summary.json	2067	5c6c58b0f645bda8264a7c0413d7c6d5980ef8f06833441dfb971936353826f7
records/baseline_runs/ghost_scene41_530fc285_d5p5_reachset/summary.json	2089	14955e276c141d19066d5c1bef6550b6491e993c2b0e51e0b505248927b0aac1
records/baseline_runs/ghost_scene41_530fc285_d5p5_shadow/summary.json	2075	ae7c77fd6492c683fe632bd811a6aea9bd93e4bd0e218d01d28a781c60d94f1f
records/baseline_runs/ghost_scene42_409dcc51_d3_reachset/summary.json	2072	c71c54bd552163bb4bc65eadf81087f5e8c78c25fe221bc7b24d6fbbb6b2e4e4
records/baseline_runs/ghost_scene42_409dcc51_d3_shadow/summary.json	2058	7f91ab10b18fe436689d6c0e661040f36cfb9938d0ebebcf9bef74e3cbc2b023
records/baseline_runs/ghost_scene42_409dcc51_d3p5_reachset/summary.json	2080	ee16c833177c408a3fbde7a0efdc3cee71fb201455e090bf44b04cd6a6b02353
records/baseline_runs/ghost_scene42_409dcc51_d3p5_shadow/summary.json	2066	e316bcb884141bbdedf4ddbb218197e4722a8d42fafc88ef81c05db0dc9e364c
records/baseline_runs/ghost_scene42_409dcc51_d4_reachset/summary.json	2067	4d79b2a5a1fcf38a52cc4a75095960eddf3a58f1c68368954c678dd86dec7465
records/baseline_runs/ghost_scene42_409dcc51_d4_shadow/summary.json	2053	d9ae1c3e8111ccdccebaebc8523e600cdae4e9e2cc56cd92e3fb2996f9329e7e
records/baseline_runs/ghost_scene42_409dcc51_d4p5_reachset/summary.json	2078	ef97118ed1b3dbe7348fef520750cbccaf919d12c83335516639ebac8d9bbd88
records/baseline_runs/ghost_scene42_409dcc51_d4p5_shadow/summary.json	2064	a641eb4499a407a62411ab1240576fb0bbc43dc63344d34fd4a0b45de8e64918
records/baseline_runs/ghost_scene42_409dcc51_d5_reachset/summary.json	2072	0a82d63494c440d5cf710ef1b03ccbd06a26a94d60c2702958128377e6f04268
records/baseline_runs/ghost_scene42_409dcc51_d5_shadow/summary.json	2058	485510d07eb7e65ceb8d51feb5e0aa1b6480759e7d05491d9b3bb6e128c571d4
records/baseline_runs/ghost_scene42_409dcc51_d5p5_reachset/summary.json	2076	b0e2fb12d31c0ce036c7ff126ef542ccdde44c5f93ae63520bf16f84d4a3b22c
records/baseline_runs/ghost_scene42_409dcc51_d5p5_shadow/summary.json	2062	684bd6600ede7885d1366e5945cdfaa88c6ac5ab721869e6143e8050f926cac9
records/baseline_runs/ghost_scene43_d1e7cd82_d3_reachset/summary.json	2084	1e1087934c75653b12565daf20de424f611b644c13a1fe2f57d1e27154be796a
records/baseline_runs/ghost_scene43_d1e7cd82_d3_shadow/summary.json	2069	a9e4b0537bbc01ad5ebea241a037a336366f854bb5c5d4b6b72578bdd6315741
records/baseline_runs/ghost_scene43_d1e7cd82_d3p5_reachset/summary.json	2089	88b8a6f88e4c39ec11d2ab3a6a2d4aa6706a8359b1a9afa94c47fcadd215feb9
records/baseline_runs/ghost_scene43_d1e7cd82_d3p5_shadow/summary.json	2075	991ef7d66ecbd7deb32575d30e847458130044a15a7f9e9be115e6a837a37ae0
records/baseline_runs/ghost_scene43_d1e7cd82_d4_reachset/summary.json	2084	bcde49b3fa17a63cffeeff8afd1fa341f812817685f21f93e4dfe5fdddd956f2
records/baseline_runs/ghost_scene43_d1e7cd82_d4_shadow/summary.json	2070	a3c9a5ec2d423c221588ccd86642fb6b712bf8bae1683c30e7028a0b1d351efa
records/baseline_runs/ghost_scene43_d1e7cd82_d4p5_reachset/summary.json	2092	b6970443fdae9c460098c2f4953da87abb29966a98a52a3063fb11293ad537eb
records/baseline_runs/ghost_scene43_d1e7cd82_d4p5_shadow/summary.json	2078	2e6fc6c5c6ed071779cf9bbe7af9ceaf619bdd7dd29a0c032102cc5f65c89e83
records/baseline_runs/ghost_scene43_d1e7cd82_d5_reachset/summary.json	2086	48ab16aa9cf8258cedea43ce1579260058b1a44c868f8db3a4d49f2a6b531532
records/baseline_runs/ghost_scene43_d1e7cd82_d5_shadow/summary.json	2072	1c23c469f6e9e428b78627ebc057563610cff6cc78555e315ab13a23394426ce
records/baseline_runs/ghost_scene43_d1e7cd82_d5p5_reachset/summary.json	2086	b7733e0b36444226bbe409bd41f04191516b87ab39cc2403e8798039826c8dd4
records/baseline_runs/ghost_scene43_d1e7cd82_d5p5_shadow/summary.json	2072	9f5be86a5508359400502953e9ea7babf66bab582f3ef3e095ac9d5a28d26424
records/baseline_runs/ghost_scene44_4d8966d3_d3_reachset/summary.json	2068	6d25768e2a8313f5ab659ab5d7e6d1f7c13bc725a21e6b5bdbeed220e3d31195
records/baseline_runs/ghost_scene44_4d8966d3_d3_shadow/summary.json	2054	e838bb7ec311b9de52a94a926c456b8b03ebfdaf537afba3ca2db8af5c76745c
records/baseline_runs/ghost_scene44_4d8966d3_d3p5_reachset/summary.json	2074	9cfa85a19b2df4b9b34b32ab76ca9d0b7cb9d820df615500b92368062cb048d3
records/baseline_runs/ghost_scene44_4d8966d3_d3p5_shadow/summary.json	2060	994ad0b56f02dabc7fe39e62062c8778a06f8de8fad3f934af150d58c54e9c2a
records/baseline_runs/ghost_scene44_4d8966d3_d4_reachset/summary.json	2068	3e3c9fc3bb3e41b344b9e46ef6be9b4f5db0cbed43f2d7d1446edcc1ae9189fe
records/baseline_runs/ghost_scene44_4d8966d3_d4_shadow/summary.json	2054	788d5bdf7aa8d55f57fa79717fd17cbb05487ce82c6784d8692de1106b5a35b6
records/baseline_runs/ghost_scene44_4d8966d3_d4p5_reachset/summary.json	2074	674c1e22bcf297053eeafd14f04d45f9f4f522c52fd4f5b34d622dd126564e59
records/baseline_runs/ghost_scene44_4d8966d3_d4p5_shadow/summary.json	2060	7de9bbb0a1a3a62ca8b917828665462e76f982c82bd1e2d19f145458943e4245
records/baseline_runs/ghost_scene44_4d8966d3_d5_reachset/summary.json	2068	7289f9fd0914b386413a3a72780b07401288a25236dc33ea00e1b013953517c3
records/baseline_runs/ghost_scene44_4d8966d3_d5_shadow/summary.json	2054	efd7512c7223b0cb94ffdb72b6f2bb966eab47a7f81d66329c2d5fda06ca92f5
records/baseline_runs/ghost_scene44_4d8966d3_d5p5_reachset/summary.json	2074	b7299bca6d88a5319fc3c05de1f1059aaed3f3ed60fb56c19344e31e46ef8c34
records/baseline_runs/ghost_scene44_4d8966d3_d5p5_shadow/summary.json	2060	efd5151b9bf84b049cba3701838348cb1f244c816b7242af7e6684cc670f4abb
records/baseline_runs/ghost_scene45_63d6281f_d3_reachset/summary.json	1000	b9e76204497a24830edbe55f566c272d769745c1be732ab65989c7738847dcb7
records/baseline_runs/ghost_scene45_63d6281f_d3_shadow/summary.json	986	d930b86e243892a1e3feb8cc59293dc62cbf180a55c917c818d6dc838dc989f0
records/baseline_runs/ghost_scene45_63d6281f_d3p5_reachset/summary.json	1006	fb503cf586bd6b4f3b21036c9802ebdb146ede6fcc5ca9833936bf4974f51789
records/baseline_runs/ghost_scene45_63d6281f_d3p5_shadow/summary.json	992	0827633005173ba72c75975334cd52e326e8beab9acd6da762459747e962aa26
records/baseline_runs/ghost_scene45_63d6281f_d4_reachset/summary.json	1000	5eb3d9623eacc4637299f1af20f79a3677da8099c9d451f19c76eb3d30f04f82
records/baseline_runs/ghost_scene45_63d6281f_d4_shadow/summary.json	986	607e5cea36670d53ec3d95cf842214a3a55bf55193c409e8e643af0ccd5c962f
records/baseline_runs/ghost_scene45_63d6281f_d4p5_reachset/summary.json	1006	9d0bbba9208a5940d8b0c5e73939b70ebf67ea3f47961f3d941ba930e952fb3a
records/baseline_runs/ghost_scene45_63d6281f_d4p5_shadow/summary.json	992	955b04c4ab628a8f8f6215757c935704e74de6520ffd7c95a7d911fbe725d3e0
records/baseline_runs/ghost_scene45_63d6281f_d5_reachset/summary.json	1000	1f2f1ec0814b0c07db8eb2551c2bdcbc08d47957b89c540e3369109b0fd971f2
records/baseline_runs/ghost_scene45_63d6281f_d5_shadow/summary.json	986	13bcb9f392cf831c5dc29fd46a425c4267f81d274069d1ed6501b1685ee1617f
records/baseline_runs/ghost_scene45_63d6281f_d5p5_reachset/summary.json	1006	21a8db680b48c0e231b0568960f059a45389e9a78558127c50a5c94991fde6e9
records/baseline_runs/ghost_scene45_63d6281f_d5p5_shadow/summary.json	992	a2086b8c45a1acaa6f4a85d9d4e5251dac5ec28f81690e4268c0c1b56f72d84b
records/baseline_runs/ghost_scene46_53a4d867_d3_reachset/summary.json	1000	38d09dd667a504b328d447490aa78e521d23eb7601e55dfcaf8a351fc4773147
records/baseline_runs/ghost_scene46_53a4d867_d3_shadow/summary.json	986	3b86daa058775dfbb1bdf5e2effa2f7feaac811956305f1009163067c408e266
records/baseline_runs/ghost_scene46_53a4d867_d3p5_reachset/summary.json	1006	3ae679384e070e5f8e118c8922ea4358503eb0bb005bf5bc6830ca5c760eb4e8
records/baseline_runs/ghost_scene46_53a4d867_d3p5_shadow/summary.json	992	c431d1479a1848567c3f5b5fdbaf26f2d59e5a3842bf4e615d3fe7379b023dc9
records/baseline_runs/ghost_scene46_53a4d867_d4_reachset/summary.json	1000	298fa3285e1116b5f91fdb35821383c52c3412bd4f02a7fb36a8bf02554cc6ba
records/baseline_runs/ghost_scene46_53a4d867_d4_shadow/summary.json	986	dba6928840ef8a1aad0ee7f4131eb901a8ece25a528c030fe59c632e1719b302
records/baseline_runs/ghost_scene46_53a4d867_d4p5_reachset/summary.json	1006	783a4fb170436540599d582e9093be81209dcc7c7f7fba715e020435d5011c94
records/baseline_runs/ghost_scene46_53a4d867_d4p5_shadow/summary.json	992	865c284581bd042ba9ca2234bbe2d3bfd4409d35ade0a350ac13eab848d9184f
records/baseline_runs/ghost_scene46_53a4d867_d5_reachset/summary.json	1000	0e0222654ccc93f2fc12c985b237a5f20487701f87dd108457e395fefee7f815
records/baseline_runs/ghost_scene46_53a4d867_d5_shadow/summary.json	986	a121f511aea987f4f099e9dd1f227a39215b492cace2e8b4711c8a08ae4d48a6
records/baseline_runs/ghost_scene46_53a4d867_d5p5_reachset/summary.json	1006	2b018ff3d5f64ba86bb1ac8041c47ba3b8e80ce445f0b8368893a5fe2d8d11a6
records/baseline_runs/ghost_scene46_53a4d867_d5p5_shadow/summary.json	992	d48b30ffdf1fbec6db79977f9d72a174bb3a1d70bec67e3f02b52e04d77221f4
records/baseline_runs/ghost_scene47_60c4bcda_d3_reachset/summary.json	2091	b6159e631ed59c17cc0268a01993f1685dd53cb179974c9b4a9b1dc1ca83e5d2
records/baseline_runs/ghost_scene47_60c4bcda_d3_shadow/summary.json	2077	a9fb11ac6e88f6fdfb93cf861e227fbefa7641d1fabbf563ee3204b67fbbdc22
records/baseline_runs/ghost_scene47_60c4bcda_d3p5_reachset/summary.json	2099	5a3380aa4d5c6a6887e861810dfd652e78a8c4254c7f58d6f3f695636ce5814e
records/baseline_runs/ghost_scene47_60c4bcda_d3p5_shadow/summary.json	2085	3ee3d1813f64953670c160c11175c0a3000dd5bd7d8573cfc241c38e4e71efa2
records/baseline_runs/ghost_scene47_60c4bcda_d4_reachset/summary.json	2092	b9ecedd8fc938ee78c6607f4bc9d980498ab1f04a1382ada46dcfa7aa68b1bc6
records/baseline_runs/ghost_scene47_60c4bcda_d4_shadow/summary.json	2078	b7b8dca3c6ebac70cb6e833057df3ab01506fdaf0929b7f1e97145727161480f
records/baseline_runs/ghost_scene47_60c4bcda_d4p5_reachset/summary.json	2099	41660da87c1743dcaac4b6f3d16abc7a0fdc7766f6bb8351ff6911248f74bdb1
records/baseline_runs/ghost_scene47_60c4bcda_d4p5_shadow/summary.json	2085	03bb198d22580444d0f4f8f8af5f8dc3c61fd739ed387a1f768b53519efd48d4
records/baseline_runs/ghost_scene47_60c4bcda_d5_reachset/summary.json	2095	f140735edf90963ee93b43ab4d08a9ac8b29e1fa17007028523d44e852fbd9de
records/baseline_runs/ghost_scene47_60c4bcda_d5_shadow/summary.json	2081	edee28c4dad8dbfd44191793a131d5570df2890057d8c8636b1153c121ec67b0
records/baseline_runs/ghost_scene47_60c4bcda_d5p5_reachset/summary.json	2098	b05276eedba8276e2053adac94bf0e7310c58cf320ed9c032d25b322c2fe3d2c
records/baseline_runs/ghost_scene47_60c4bcda_d5p5_shadow/summary.json	2084	4db1d37332978f6967aab438e1de56fc59e795ed3407f94e3f56a0df15be0bde
records/baseline_runs/ghost_scene48_4d7bc6d8_d3_reachset/summary.json	2092	fe6b9904f14f8d39456fb2694e88f50639e5a8b86e99f855f1a5a9a3c3c48a7c
records/baseline_runs/ghost_scene48_4d7bc6d8_d3_shadow/summary.json	2079	9aaa6c28aa71a5b4563aa95b9fc2379c942c308e3cc580a8591a7b1d760db66d
records/baseline_runs/ghost_scene48_4d7bc6d8_d3p5_reachset/summary.json	2104	504bac764250bbfb4b1a266a0376556295a521a17316d4bd74f6424b8268f339
records/baseline_runs/ghost_scene48_4d7bc6d8_d3p5_shadow/summary.json	2089	c3b2d6df87f68694331c8b420e738ba78b380a49471d073f5834513b9b8b9e4b
records/baseline_runs/ghost_scene48_4d7bc6d8_d4_reachset/summary.json	1014	3c468c16a3f2fa70ac8980d9f426958541d017e922c8db88b7aac4ebd131372a
records/baseline_runs/ghost_scene48_4d7bc6d8_d4_shadow/summary.json	1000	faef013c53fbe93a31595bbff5f42f24c6da3d0b9f6cbb3aed0dc6cde62147e4
records/baseline_runs/ghost_scene48_4d7bc6d8_d4p5_reachset/summary.json	2099	9f146035f73b9182434310c9a0c8fed305a7cfb14434cf404416f7cc117bba5f
records/baseline_runs/ghost_scene48_4d7bc6d8_d4p5_shadow/summary.json	1005	64f8d3d5dd91cf57f5a2f763bfc20ebb6ef61a0d3bfdde777a66f587ad47d295
records/baseline_runs/ghost_scene48_4d7bc6d8_d5_reachset/summary.json	1013	d0625fcd9107c70a9b0ac35ce51d9f01813d5dc85b0b594f4eb24a15d017bda6
records/baseline_runs/ghost_scene48_4d7bc6d8_d5_shadow/summary.json	999	9ba3f6010db455481374b3eadf52b6c31417fe37f12f91236fac42fcf3ebe208
records/baseline_runs/ghost_scene48_4d7bc6d8_d5p5_reachset/summary.json	1019	2d143fd46900c47eb892c5eb38ddbcdd6c060746d32c4e22867d5e61384d9b0f
records/baseline_runs/ghost_scene48_4d7bc6d8_d5p5_shadow/summary.json	1004	ec1b9db5eb1365447d5b1b63e351f748716c11d1214a9ea57da03a7e96860238
records/baseline_runs/ghost_scene49_abf2b022_d3_reachset/summary.json	2088	a2127331a47d7b0396761daf7d0ec410ed9cabdf7f8ef386542d36aba19ab4b3
records/baseline_runs/ghost_scene49_abf2b022_d3_shadow/summary.json	2073	b8c9376081b51b99e9070f48589a6c980b26c56a5dda49fee0469fa4bc715f94
records/baseline_runs/ghost_scene49_abf2b022_d3p5_reachset/summary.json	2099	fcc73014a37119db670acfe33a8b7649f02ee2c8f99beef38aa9d8832709327e
records/baseline_runs/ghost_scene49_abf2b022_d3p5_shadow/summary.json	2085	e5e8a7235398536faa5d8302406a995a9062f3c4a89054ceca587ea15610d641
records/baseline_runs/ghost_scene49_abf2b022_d4_reachset/summary.json	1013	a3578e826cbf6fd75de175ba9c93d895652226a8300006abbb278ad7e1d5a3f8
records/baseline_runs/ghost_scene49_abf2b022_d4_shadow/summary.json	999	475399fd6bb3a2358ddba8a0fa228d3af8fc7f2c5d20476c809dd16aecae80c5
records/baseline_runs/ghost_scene49_abf2b022_d4p5_reachset/summary.json	1019	039b9acc198777369d8e971051e56578bb08005de0aeaff4afc70642e767cc15
records/baseline_runs/ghost_scene49_abf2b022_d4p5_shadow/summary.json	1005	04022db3446d85e4bfb9ab0254d33399c24f4888a93059af7fa19a56d3da4602
records/baseline_runs/ghost_scene49_abf2b022_d5_reachset/summary.json	2095	cbc220d9e8aca28501bbd76c9f15c934b60f8dd00e9dd5b815fa091768eaf15a
records/baseline_runs/ghost_scene49_abf2b022_d5_shadow/summary.json	2081	6069a28650790d02b29d7bf88189588bff17742bd95f19dd310a0c8416ecfc62
records/baseline_runs/ghost_scene49_abf2b022_d5p5_reachset/summary.json	1019	ca7f0fa91119ec8da7b96589c195151db159a4c4dccc1b0685db9a27b425336e
records/baseline_runs/ghost_scene49_abf2b022_d5p5_shadow/summary.json	1005	53e47ebc2cf4fd1ee3958467ebff927908de325c264ee68a348326f49b54cfef
records/baseline_runs/ghost_scene50_85bfe163_d3_reachset/summary.json	2083	42ec336f4fd0e8d4df57c864e45605fb8517d1bee952d629a1a1402d7cc050ef
records/baseline_runs/ghost_scene50_85bfe163_d3_shadow/summary.json	2069	7aa7d9b1c44e6210666a8ba3b3fa1761113d7635793aa0a7880933e165386d73
records/baseline_runs/ghost_scene50_85bfe163_d3p5_reachset/summary.json	2089	775e0b0725ac1527ac3538dce023e554e48f19d88e64fcceb1384ca6aa6c9852
records/baseline_runs/ghost_scene50_85bfe163_d3p5_shadow/summary.json	2075	cae5e1ec7b3cfc44b53854b64a960c524a8f38965d19726ff9d6cc86e6275635
records/baseline_runs/ghost_scene50_85bfe163_d4_reachset/summary.json	2080	a83a0a7e3733d57c0ca4ac96c803d82f120497ae182739121e5fb6f9b7892172
records/baseline_runs/ghost_scene50_85bfe163_d4_shadow/summary.json	2066	48f143dc3c3079166b15f1df32a7de9cf61ff72cabcbe526b4b7055d5822dc51
records/baseline_runs/ghost_scene50_85bfe163_d4p5_reachset/summary.json	2091	0afb700829fae3f84343ac49d9ebad6c79086acb7c46f79fa59c119468947cb4
records/baseline_runs/ghost_scene50_85bfe163_d4p5_shadow/summary.json	2077	4a0916b8745597861eb33200127ad6d13a1814245c5ded895303bc8e70da5f0d
records/baseline_runs/ghost_scene50_85bfe163_d5_reachset/summary.json	2077	3829644a1dd03cd96bf72c9b1d2baae663d1ecfdd14609234738d921a7946517
records/baseline_runs/ghost_scene50_85bfe163_d5_shadow/summary.json	2063	ebe98ace1968af04403913e6f720d0dfc6fb20107a7f9e2d58a772a3b4fd83a0
records/baseline_runs/ghost_scene50_85bfe163_d5p5_reachset/summary.json	2089	42b4c0cfbcca29ce195888e882ffd2e87bcaea1417ec3b491c9aeb06296b6de3
records/baseline_runs/ghost_scene50_85bfe163_d5p5_shadow/summary.json	2075	b72c1504b2a36c1dd6b11929674544ffcd614af9726ae9c598bed6da1f478ff6
records/baseline_runs/ghost_scene51_825555a9_d3_reachset/summary.json	1001	10494c4025520a027ccc4fb3c09c3c08e97d6d0583081de2476b933e2b1d439f
records/baseline_runs/ghost_scene51_825555a9_d3_shadow/summary.json	986	c1fc5e2ee7b4d9a2c98525e75c8de0a1e0bd6974eeaa049cc58df30e8dd91708
records/baseline_runs/ghost_scene51_825555a9_d3p5_reachset/summary.json	1007	bd7fb47102bd5ae5e07f17ddefcb84a7da50b100ef86a83ee66ae06cef148beb
records/baseline_runs/ghost_scene51_825555a9_d3p5_shadow/summary.json	993	f9bfcb85a4d861d18f45bcc585e96cddd641b1ba322478780b2edde259de684b
records/baseline_runs/ghost_scene51_825555a9_d4_reachset/summary.json	1001	eb2ce6c4ddf550c6f2d9fa478b911701dac5c00bb6c5bc3d01b7c5174ab9b368
records/baseline_runs/ghost_scene51_825555a9_d4_shadow/summary.json	987	73030df16eeca165a6c2dac96d42b094e922ce96f8ebc941618013d460b46327
records/baseline_runs/ghost_scene51_825555a9_d4p5_reachset/summary.json	1007	e827cf220670462d6bf0016ae5487bcf6c519f5a10276e3ffda0536f5d15fa01
records/baseline_runs/ghost_scene51_825555a9_d4p5_shadow/summary.json	993	9eaf266b0a6d90c74d88100eceb61f1c18d7ce0ba966d1a1d00111554230fd50
records/baseline_runs/ghost_scene51_825555a9_d5_reachset/summary.json	1001	25842958e89f33604287ee996d61ed53e6c4f1da020c699d75f7c0f564dc111f
records/baseline_runs/ghost_scene51_825555a9_d5_shadow/summary.json	987	43d34094b2699eb9c97cd9c143a7dc46777572373089e083eadfcf8e530987bf
records/baseline_runs/ghost_scene51_825555a9_d5p5_reachset/summary.json	1006	83be5aaf873df9192903be5c52efa7689f9e5cf964b3b30aaa6ce28bd003505b
records/baseline_runs/ghost_scene51_825555a9_d5p5_shadow/summary.json	993	10153c791f53e58264b5e85008e9e54dc976c40b011fc7fd5caec05fb7ad8164
records/baseline_runs/ghost_scene52_fe6347da_d3_reachset/summary.json	1001	64fc7a2b5d75354413c674fadc5810ffa8e819a7bad3911c3214428b85484211
records/baseline_runs/ghost_scene52_fe6347da_d3_shadow/summary.json	986	85cac5e3dd2e4c83f844d68685625c9aaf75644a54e129acdb1c71cc70bb1caa
records/baseline_runs/ghost_scene52_fe6347da_d3p5_reachset/summary.json	1007	c065de31d07465dc24f7e9f607d5d92101ba7bda519adf714fcd0a64eb9f40bd
records/baseline_runs/ghost_scene52_fe6347da_d3p5_shadow/summary.json	993	fed24894d621d4e8ef94e6c52807ae49a579379777dcfc007812afbab1f1aa75
records/baseline_runs/ghost_scene52_fe6347da_d4_reachset/summary.json	1001	ad784e32bd631f6fbbc78f85bf65b1727a7cfa196fc651284db40dda7d1ba693
records/baseline_runs/ghost_scene52_fe6347da_d4_shadow/summary.json	987	afa2fd062ef4161b70eace4e49cccf272b06f10ce0af3778d980eee2ea3441e5
records/baseline_runs/ghost_scene52_fe6347da_d4p5_reachset/summary.json	1007	893752344f429d4de15a659e34ffc88906ea65de735a96bf0653a4659f535848
records/baseline_runs/ghost_scene52_fe6347da_d4p5_shadow/summary.json	993	b3627e1b3839bb2d00b417f09dabc4406f0e78c2ebb344f4f857a4e965db0f74
records/baseline_runs/ghost_scene52_fe6347da_d5_reachset/summary.json	1001	7a1de7ca3824a5f3a6542477e14700de5d399da9cd38f063e1a92808cdefc1ee
records/baseline_runs/ghost_scene52_fe6347da_d5_shadow/summary.json	987	117af461bcb1e54fbaace21b7979259baed65a4d85322519b6650f933a4379df
records/baseline_runs/ghost_scene52_fe6347da_d5p5_reachset/summary.json	1007	95621876d154382cbe93971f0b8fba392312f7be5b64f51d5bae1fe8ed20ec1a
records/baseline_runs/ghost_scene52_fe6347da_d5p5_shadow/summary.json	993	379c9a3e757e17a3c669546f0e390254271cf91c875538d8d66e578300227586
records/baseline_runs/ghost_scene53_1fcf34b1_d3_reachset/summary.json	1001	f571a24d1bf4bf5b1a775908618069f9c9ac38d55c0c125f83a685cc21db58a7
records/baseline_runs/ghost_scene53_1fcf34b1_d3_shadow/summary.json	986	c6392ec7962ea13ff88f0144c9e47714df8fcc468e5b2d59c451c16ad9d7d474
records/baseline_runs/ghost_scene53_1fcf34b1_d3p5_reachset/summary.json	1007	31d14e8aa9eaaedc3d9649173234ef5257b2f961e0960a2f434627937d39b1a4
records/baseline_runs/ghost_scene53_1fcf34b1_d3p5_shadow/summary.json	992	c5c2f3ac3bdf7455ccab5f88e3e30532581ef2847944ab30b150142981874f03
records/baseline_runs/ghost_scene53_1fcf34b1_d4_reachset/summary.json	1001	66ff71beb6ef3fd8696d41de8039073e96b11e9e5ef83ccf5dd1046ca4d5cde5
records/baseline_runs/ghost_scene53_1fcf34b1_d4_shadow/summary.json	987	22058c2811a63e1840e5f2d047d252af63dbf98d579ad5c5a1b396d8df881696
records/baseline_runs/ghost_scene53_1fcf34b1_d4p5_reachset/summary.json	1007	86f75aaf8f2b92dd4fa24917768d961d3459307cd5a9a0882b718246bc865e51
records/baseline_runs/ghost_scene53_1fcf34b1_d4p5_shadow/summary.json	993	548855a67fd46fb9e50b7de50f899b3cf37f3fab61f40ec88457bf4f74f71743
records/baseline_runs/ghost_scene53_1fcf34b1_d5_reachset/summary.json	1001	6521114dd99ae2bb865656ba05f6d815619cbfd8161c20f9cb4c7855eec07297
records/baseline_runs/ghost_scene53_1fcf34b1_d5_shadow/summary.json	987	19986088b3bd1f22760281511059f927571a3257ed32a1f00d111cfec8d2daff
records/baseline_runs/ghost_scene53_1fcf34b1_d5p5_reachset/summary.json	1007	787161272bfb53850312898e22ffee93737ce2f1389108fb53cf98e83dda16b8
records/baseline_runs/ghost_scene53_1fcf34b1_d5p5_shadow/summary.json	993	755f7e8172142b7260ab0dd45ef899240fe9065774db35751130785b37a07269
records/baseline_runs/ghost_scene54_f14a94fd_d3_reachset/summary.json	1001	3e88a6aac29a07ba45917a3d29762b4eb83137875638c3a230f7fce0dfe639ce
records/baseline_runs/ghost_scene54_f14a94fd_d3_shadow/summary.json	987	31bdeaba42930c03ee17e19dba14044b51f73d3f09786d9fee21997da252212d
records/baseline_runs/ghost_scene54_f14a94fd_d3p5_reachset/summary.json	1007	8960914c0129187fd257175a59481cbee8b5292ed026e8b0dc098e7cf26e8a54
records/baseline_runs/ghost_scene54_f14a94fd_d3p5_shadow/summary.json	993	005355bc7e6ffcd384bc067163c4b5dea035795e8ad2278d5eb5a750255b8278
records/baseline_runs/ghost_scene54_f14a94fd_d4_reachset/summary.json	1001	65662e80f3c9854b4b1113fc0517ecdd1e79ead5c623f6687b2b0931cff7da7e
records/baseline_runs/ghost_scene54_f14a94fd_d4_shadow/summary.json	987	3a40648d23df0d37d80dc7a71e621aede78b0e135e7ab1c173eb162cf3f3849c
records/baseline_runs/ghost_scene54_f14a94fd_d4p5_reachset/summary.json	1007	42017824d6c577bd1c00fc3583b971bc8454a818fc2efb151dad13c413f8e279
records/baseline_runs/ghost_scene54_f14a94fd_d4p5_shadow/summary.json	993	e707851cc1ed10df8e97dedd72b41ba79eae545c899fe7e59f80f4c9a5f5eb92
records/baseline_runs/ghost_scene54_f14a94fd_d5_reachset/summary.json	1001	0639b7ca3094cd6a0128021ca53b5e6af03504acf5738e6903f5e72a57de5b07
records/baseline_runs/ghost_scene54_f14a94fd_d5_shadow/summary.json	987	33ad4f48deb7dbfdb97e030c48ec45120b1596053d58ef6433a6a89c7cd9e887
records/baseline_runs/ghost_scene54_f14a94fd_d5p5_reachset/summary.json	1007	7874e9b58ef6ac09dc45e5dff8db23a0fa7e345f4f8b5a452d4c0ac47e443b32
records/baseline_runs/ghost_scene54_f14a94fd_d5p5_shadow/summary.json	993	198615578676583a2c8967c324848e22fa88e632f0390a7e5ce7ed8b5e694734
records/baseline_runs/ghost_scene55_a121eb26_d3_reachset/summary.json	2083	07d87b1696270308b349e2b75b64747a9ea3133475d4287a3e67fa41986c6bde
records/baseline_runs/ghost_scene55_a121eb26_d3_shadow/summary.json	2069	9b8f8ce426cfc018afd02b29a0df043401a79b5e441f771adf72750362377e1a
records/baseline_runs/ghost_scene55_a121eb26_d3p5_reachset/summary.json	2093	f6a4fd776e2b6c011c58f54d801963de7566311d4666edee2a200c9196c7ad07
records/baseline_runs/ghost_scene55_a121eb26_d3p5_shadow/summary.json	2079	ba46862a54edde4051aa39c7143f8c06d0e36ed46c02a59d64ed068075df31cf
records/baseline_runs/ghost_scene55_a121eb26_d4_reachset/summary.json	2085	a97194a286f339aebf5e9286a05635cd36afbb0932d4681fc902bae67d2a0edf
records/baseline_runs/ghost_scene55_a121eb26_d4_shadow/summary.json	2071	bb59c2e98007fd4aac6a6dc27bb3122789a34e179670f23ef3670c759eb1afa9
records/baseline_runs/ghost_scene55_a121eb26_d4p5_reachset/summary.json	2095	60316565888c83068abc120b93a53ea04a3a3017962fc0f27e1729c0cbd8c149
records/baseline_runs/ghost_scene55_a121eb26_d4p5_shadow/summary.json	2081	54b153d1f1b07daa2def02256a9e74a0eabdc393d62c32669565653f714c03eb
records/baseline_runs/ghost_scene55_a121eb26_d5_reachset/summary.json	2092	f40875b1bdaf45c4f7b697844f17f54cfdfc66edf4acd5d8b841f7b37058298e
records/baseline_runs/ghost_scene55_a121eb26_d5_shadow/summary.json	2078	7fa520c934dbfc6f4e7ab174fb17bdd2ad7a8d88f48f85727567821e9aa90c24
records/baseline_runs/ghost_scene55_a121eb26_d5p5_reachset/summary.json	2091	0f84871e32c27e88eba2f44b441188f64c78a4f8072a585626a85487914451e3
records/baseline_runs/ghost_scene55_a121eb26_d5p5_shadow/summary.json	2077	288216281a81db15611e7d6e662c0d08903e18265e8c956c0f5f316356b6445b
records/baseline_runs/ghost_scene56_38b1ab16_d3_reachset/summary.json	1000	3b6748c232f5fcdbccbf76a03fc0ff0b812aa2719a84ec6dba0f32cb7274b211
records/baseline_runs/ghost_scene56_38b1ab16_d3_shadow/summary.json	986	c379af762f7b84406f94b76f0d2d3b37acff56b72ea213d720c1635578d4e7ad
records/baseline_runs/ghost_scene56_38b1ab16_d3p5_reachset/summary.json	1006	5da421b344a4045fd52a544885ee8805f321a866336f88e3bc00f2b9c70e0a32
records/baseline_runs/ghost_scene56_38b1ab16_d3p5_shadow/summary.json	992	169d0529fecc6c4352d70509cb3baba923858db42ff9944ed0f1abedf1fe099e
records/baseline_runs/ghost_scene56_38b1ab16_d4_reachset/summary.json	1000	766c40283cff8d327a04f02a8b359da295a5b1b055f856f2d16079de275ffeca
records/baseline_runs/ghost_scene56_38b1ab16_d4_shadow/summary.json	986	94f791a3da15a1831b0f99fe021b9b9f2306367e4f16d137f1111fb5ae95a5f7
records/baseline_runs/ghost_scene56_38b1ab16_d4p5_reachset/summary.json	1006	db2c7c61d239342ee4045e675b90d407c6bfcdcff66b1481ee2a4e05c6b54b1e
records/baseline_runs/ghost_scene56_38b1ab16_d4p5_shadow/summary.json	992	6910f4455c19feec9761f12ecd005b947f7241ef77680f7ddecc4c7b9f8355ca
records/baseline_runs/ghost_scene56_38b1ab16_d5_reachset/summary.json	1000	669a65e91c698633ff6297b83b0d26608542fbb57079910b6fd2550f26e4e9e0
records/baseline_runs/ghost_scene56_38b1ab16_d5_shadow/summary.json	986	17d8f6243bcdc5dea4d731c129b15f50b704d5f4389fcf9bfd2f01db3ca6ccf0
records/baseline_runs/ghost_scene56_38b1ab16_d5p5_reachset/summary.json	1006	add56d000e7119bc0a7f7ab75995a537efecf72e4b015b75e16dda3e6a84fcd7
records/baseline_runs/ghost_scene56_38b1ab16_d5p5_shadow/summary.json	992	84fef3c0f068a35509986d93b2f05f7f22b33c973a491908a5eb3ce4800c36b3
records/baseline_runs/ghost_scene57_bcb702fb_d3_reachset/summary.json	1001	f02e6a5b17508def9220824c45dac465d50dc923a4463bf1ae4683fc26a829f5
records/baseline_runs/ghost_scene57_bcb702fb_d3_shadow/summary.json	986	f3a32b68c4ad0ecc70fdb54a214d4434b2ff04c3bd6ce2a7458d7c4ff6b9a2b3
records/baseline_runs/ghost_scene57_bcb702fb_d3p5_reachset/summary.json	1007	2f252c94f7d0352aa6cb1c9983d9ce890676fb7ad5c31d81648d0283b7fcdb57
records/baseline_runs/ghost_scene57_bcb702fb_d3p5_shadow/summary.json	993	6f109c4c103cebed0704ede62b6f286e92283896cd4172be6f5eb5c0e13fffa5
records/baseline_runs/ghost_scene57_bcb702fb_d4_reachset/summary.json	1001	c25efe67bdaac0f0ae7d23eb0dc4d7970f116e72936b269848dc82e890832b62
records/baseline_runs/ghost_scene57_bcb702fb_d4_shadow/summary.json	987	2bc969ac9a98ec95b11192cf624fe11663e39643b19f434b6d7fa1eb8b4f6b7e
records/baseline_runs/ghost_scene57_bcb702fb_d4p5_reachset/summary.json	1020	d0b3a9e82d8f56884467fafc929433170a08ba2b931cc640327b0a6cd91400d9
records/baseline_runs/ghost_scene57_bcb702fb_d4p5_shadow/summary.json	1006	822b35f989000726df5244107c6fd18b81f1db23866fe13f14f48bcf10152626
records/baseline_runs/ghost_scene57_bcb702fb_d5_reachset/summary.json	1014	6fe3d4ac78453e187e847c7cffeb10cbaa5df01bfc8711729d16e251dca4709c
records/baseline_runs/ghost_scene57_bcb702fb_d5_shadow/summary.json	1000	d4cf9c2690018f56b41b617318f75e06262dea9b05e15e338a3b77e1fec08a1a
records/baseline_runs/ghost_scene57_bcb702fb_d5p5_reachset/summary.json	1020	09d7b5e5ec79b8c97682746571e74f87753586f7f4ba4afc31cb4c4393d16984
records/baseline_runs/ghost_scene57_bcb702fb_d5p5_shadow/summary.json	1006	7e57b4e93f76d303c6d0868c581fe41cc3638206c92aef3eccbebc595c4d2c67
records/baseline_runs/ghost_scene58_9a8a8f31_d3_reachset/summary.json	1001	a098cd0567f426238d977dcab0548e2101b7a45e868f0290bfbb6aa6c90a06b0
records/baseline_runs/ghost_scene58_9a8a8f31_d3_shadow/summary.json	986	10c105f906516bd021ee41f1c0b770c61fb195ae75cf10c02c8a6eb89c338760
records/baseline_runs/ghost_scene58_9a8a8f31_d3p5_reachset/summary.json	1007	db85813e1176e734d11a7130a5f7936dcca711cbbc6eaf7c7f202d6a395d1cc7
records/baseline_runs/ghost_scene58_9a8a8f31_d3p5_shadow/summary.json	993	f506114ce53920be51de2ec32a244d2eca22ba8ab3e250589b26ef278e4b1e12
records/baseline_runs/ghost_scene58_9a8a8f31_d4_reachset/summary.json	1001	28252cef48ccdbf88f4d4a786d47686950ce9b8529aef67d908a5c430804b0ce
records/baseline_runs/ghost_scene58_9a8a8f31_d4_shadow/summary.json	987	77cc0fe7c26090a4953c8e06f48e2ea23484dcb9669b4b330f970ccf4e78191b
records/baseline_runs/ghost_scene58_9a8a8f31_d4p5_reachset/summary.json	1007	5ed9cca6a96d00a097cdc6d5a33e7a9f629b67698da2033599ad0e3fa6770775
records/baseline_runs/ghost_scene58_9a8a8f31_d4p5_shadow/summary.json	993	bcbf3cc95da5d7869d743cce3ce5fad881bedf8c4fff7c0d87f2f0bfd335e664
records/baseline_runs/ghost_scene58_9a8a8f31_d5_reachset/summary.json	1001	172fa9378f4ba798415da06aa6339fe6b68ffd18aa0d5d544334d1459b196d2e
records/baseline_runs/ghost_scene58_9a8a8f31_d5_shadow/summary.json	987	460ea0ace39669240738d79af5782cde322af3d54f24e8a80e4be34ceac56683
records/baseline_runs/ghost_scene58_9a8a8f31_d5p5_reachset/summary.json	1007	92a1de2033865af96447d156cb815e1dcbceae6205b1c9ee6406b10e7f173ee5
records/baseline_runs/ghost_scene58_9a8a8f31_d5p5_shadow/summary.json	993	167624cf54893f91be2642775a52bd3cffa07d44af8a8cf3b06d5acfd36d59b5
records/baseline_runs/ghost_scene59_10db974c_d3_reachset/summary.json	1001	01ddd9abc617f6c0f7900007d350a30dd7f752c2cf69ddd1acd50c157ecac259
records/baseline_runs/ghost_scene59_10db974c_d3_shadow/summary.json	986	20b155a861a059f12c142d763cdd300fccd9e7b35cc8bb0e65b408464f8ac211
records/baseline_runs/ghost_scene59_10db974c_d3p5_reachset/summary.json	1007	6e00f830b6534c050de60fcd83621368b9ce3dae00903a5d6146c135d550d198
records/baseline_runs/ghost_scene59_10db974c_d3p5_shadow/summary.json	993	3f0e01b84e000d61407a8e82b7c212dfc19646681120ee54604d792843102d28
records/baseline_runs/ghost_scene59_10db974c_d4_reachset/summary.json	1001	7eec4543917b6354c911e65dc830cb4234b201e7897604330aa6f76051771d07
records/baseline_runs/ghost_scene59_10db974c_d4_shadow/summary.json	987	24254b65e031e9fd87aaad728d8add396844bfdb2d7a2ecfdd5a395ec72aeaf8
records/baseline_runs/ghost_scene59_10db974c_d4p5_reachset/summary.json	1007	253a4b06ff51fa060bf6f6177e0e7995f32f4bf08807457b0e403e076b1a12ae
records/baseline_runs/ghost_scene59_10db974c_d4p5_shadow/summary.json	993	37de4c8816c44467ecf3406ebbd279521a948ff352123ab12df87ea96d73b9bc
records/baseline_runs/ghost_scene59_10db974c_d5_reachset/summary.json	1001	ed6c0c959eb4ac94ebb14b108f0252039444b3aa74502ca68556015b99f952df
records/baseline_runs/ghost_scene59_10db974c_d5_shadow/summary.json	987	f7b22b8f7ca0202de5da623ad23f6c244958c530f100a71f56cfcb352135f35a
records/baseline_runs/ghost_scene59_10db974c_d5p5_reachset/summary.json	1007	9f1e34a1ab3340ddd7d6f330903f75d2dc104577b6056141ec4146abc1f8ae52
records/baseline_runs/ghost_scene59_10db974c_d5p5_shadow/summary.json	993	d7dea46d860ca7c2897084ac29816e80a8ea14b6afcfa024c626861c19e69613
records/baseline_runs/ghost_scene60_480c05be_d3_reachset/summary.json	1000	e9197c330fea05578901d3471fcde2e325657ef995f07a38edf6d4eff5d5d59b
records/baseline_runs/ghost_scene60_480c05be_d3_shadow/summary.json	986	1d4c6676413c7a3c0ba77587e33f76e6fe0c818b826e7e850a50a9f1a80eac45
records/baseline_runs/ghost_scene60_480c05be_d3p5_reachset/summary.json	1006	9e1418a9c311e82dcd9b927e3d0cfb1b09ed0f647e4d898d15d27fbbf941cfb3
records/baseline_runs/ghost_scene60_480c05be_d3p5_shadow/summary.json	992	e2474682626d75c4e3ff8e303be24cd7b9fbf7a04baa7b18308535fe68133b9c
records/baseline_runs/ghost_scene60_480c05be_d4_reachset/summary.json	1000	777df4be60c14c4698dd28e4d06c4b214391cbb3a361362e1cfc2a99cc645d68
records/baseline_runs/ghost_scene60_480c05be_d4_shadow/summary.json	986	f79bd9e536af46d43c61e4f80c3ecbb7d55c71deaa0c7914499f0f50f1362014
records/baseline_runs/ghost_scene60_480c05be_d4p5_reachset/summary.json	1006	49f8844fc94eaca17ab6436b201e6070fb968199199f3ca963081611c6e59fc8
records/baseline_runs/ghost_scene60_480c05be_d4p5_shadow/summary.json	992	8d4d675638d480baa529fd9ef65e6917fb471e1c1eb662c403a6ed0eae825fe7
records/baseline_runs/ghost_scene60_480c05be_d5_reachset/summary.json	1000	e3f6fbe17c8b286ec0bc8abbe94cc5f4e497421500513bef65c66ee442958a5b
records/baseline_runs/ghost_scene60_480c05be_d5_shadow/summary.json	986	4b7e11a0999dbf24d0599bfdf122713b33742367fa701256a332c8c418688001
records/baseline_runs/ghost_scene60_480c05be_d5p5_reachset/summary.json	1006	146ee329f0f8c87903a5228ed7687bb818c4e85220a279d6e0948ad0694df900
records/baseline_runs/ghost_scene60_480c05be_d5p5_shadow/summary.json	992	45ddda3683e29c523da9dd2b55f6f04dab4dbfd8074741c352a8423c443c4456
records/baseline_runs/ghost_scene61_d567a51c_d3_reachset/summary.json	1001	37004ac1ae1d675c1da1308153ae5c1f7613a8800917bb384ef9e58098bf2807
records/baseline_runs/ghost_scene61_d567a51c_d3_shadow/summary.json	986	22de864e917ed93134bdc6718eb3c6821157f0754ebee4eb6f9e85d382a4ec88
records/baseline_runs/ghost_scene61_d567a51c_d3p5_reachset/summary.json	1007	1c8cf6d3358ff21877c6451f311cf438bd879d2ef457b417b938ead87658fc99
records/baseline_runs/ghost_scene61_d567a51c_d3p5_shadow/summary.json	993	97ee99cca159a860ac8afd8059e18342beff20d708161464e55fc87da37ac86a
records/baseline_runs/ghost_scene61_d567a51c_d4_reachset/summary.json	1001	22d06f64b20e098c9ba202cb4e0a91499666f79241c634b05fb47c52e2ea48b1
records/baseline_runs/ghost_scene61_d567a51c_d4_shadow/summary.json	987	fabc3b038fb67485af5f95173f6fc730b4d886cc28aaad0a77b014431bedac6c
records/baseline_runs/ghost_scene61_d567a51c_d4p5_reachset/summary.json	1007	e144e9c7186656db9a439d003f6cacae2dde52f54ce6906a7c9f85c1308b7b6e
records/baseline_runs/ghost_scene61_d567a51c_d4p5_shadow/summary.json	993	2d3d8e85d2f3301fbe92d836a58deb964188356205a8d839b059be155d7e2744
records/baseline_runs/ghost_scene61_d567a51c_d5_reachset/summary.json	1001	ce8d996253e509880983cdd8bf93bdcff81cbe1fd78f84723502ef6d957689cb
records/baseline_runs/ghost_scene61_d567a51c_d5_shadow/summary.json	987	566cb4388553d063826890524f81603dc722f81ffe8c333b205da4337fcaf4c9
records/baseline_runs/ghost_scene61_d567a51c_d5p5_reachset/summary.json	1007	fcd7da03f321761da62c1508d5b4bd183df74f26af6ff251d97ec79f1da76f5c
records/baseline_runs/ghost_scene61_d567a51c_d5p5_shadow/summary.json	993	420f45708031cd3534010bb3d2b77a77f1bd253dfec3c25fa77e37d556c1c1e9
records/baseline_runs/ghost_scene62_16e57601_d3_reachset/summary.json	2086	9b38d8914cb7aa7fed6ff9741374399deb2eb9db0b86cd2bfdb7d6882dd533cd
records/baseline_runs/ghost_scene62_16e57601_d3_shadow/summary.json	2072	0929fbe94391829a45de61cf4b4e44fe5cb00466c75c194b185072245af964a7
records/baseline_runs/ghost_scene62_16e57601_d3p5_reachset/summary.json	2091	df6eafc3753405012375f020f9c6911d7f5cc325db73077955b1c287d0307bfd
records/baseline_runs/ghost_scene62_16e57601_d3p5_shadow/summary.json	2077	ff10e4b67e8cfd1994818b0fc9aa7cdc08622effae199237b4995fcc5bdff061
records/baseline_runs/ghost_scene62_16e57601_d4_reachset/summary.json	1012	30e5e3484140d40f9acf8fb0de3914243262df5b9f37e6f34955566fe74ce1ba
records/baseline_runs/ghost_scene62_16e57601_d4_shadow/summary.json	998	5875f52d159820a73fc046e858970247316bc6d8f10d85ec7070a70262234040
records/baseline_runs/ghost_scene62_16e57601_d4p5_reachset/summary.json	1018	7a49daa7b65f63aed9a3200eab656ed7be6aee73d76ed4fa76cd0b7796da6005
records/baseline_runs/ghost_scene62_16e57601_d4p5_shadow/summary.json	1004	f0d6b78147f6e7662a6f805b80de369ddbb8d46c34f3e5a7e5effce399630be9
records/baseline_runs/ghost_scene62_16e57601_d5_reachset/summary.json	1012	343d5258e11fd6f9e6dd7369fd54770ea2d02ce40bc1a61225bc05c6de22000a
records/baseline_runs/ghost_scene62_16e57601_d5_shadow/summary.json	998	dad9a92faafba51228b8aa88f683b1650ba88188f6c237d60d4cc76eee0c824b
records/baseline_runs/ghost_scene62_16e57601_d5p5_reachset/summary.json	1017	0142584e9c1759d7680834a0e14b545fa6de6b3cf9b2d40c50e4e0bfb5cdcfd6
records/baseline_runs/ghost_scene62_16e57601_d5p5_shadow/summary.json	1003	4536ed08b81edf090fbed7f00b84719648b3b79163ead941d8b0c3a794b72234
records/baseline_runs/ghost_scene63_1fb98468_d3_reachset/summary.json	2080	92fc0b9172f8079441123b0c30aa46fe677115899ff36486a5cf80fcdbd798e2
records/baseline_runs/ghost_scene63_1fb98468_d3_shadow/summary.json	2066	2a6d5b3b4e3834a86d1da6928b8c6d46d08ee7e586ce800b6ddb6931c6a60308
records/baseline_runs/ghost_scene63_1fb98468_d3p5_reachset/summary.json	2082	21215583d09e1d62dc0fbd13b145517e8aaa11aaab794a41333ff1751efec2ac
records/baseline_runs/ghost_scene63_1fb98468_d3p5_shadow/summary.json	2068	bf1a5a9633121010ab85d0bb7e4e03c0764790e7ce16f9ddfa30b59adf6d5e8f
records/baseline_runs/ghost_scene63_1fb98468_d4_reachset/summary.json	2076	b0aef300b1feeaeaa3a4d7035c9697668d082d7e4cfef1e5754991c3721f9010
records/baseline_runs/ghost_scene63_1fb98468_d4_shadow/summary.json	2062	a6c89ff0290dd21ee5d14bb16bc8a7cf57141affa53bbabdb3ff88bc08e18e7a
records/baseline_runs/ghost_scene63_1fb98468_d4p5_reachset/summary.json	2084	97a688ffaac5634719b0065a167aafbb8000cd7845fccdf1941fa111034930a5
records/baseline_runs/ghost_scene63_1fb98468_d4p5_shadow/summary.json	2070	f8b94d38d86759b01f8f639d08a92a87d6e0a315641eaf920f2bb6e3a3cc54b1
records/baseline_runs/ghost_scene63_1fb98468_d5_reachset/summary.json	2086	1b11b226df72add0fdc393ed37ff04460b1c5fb5a0c32a96f6c4a3b3e39a63a8
records/baseline_runs/ghost_scene63_1fb98468_d5_shadow/summary.json	2072	98a8d45c54a6dc96891aabe05743b32122b850beb91ff931fe5b553e7e9451c5
records/baseline_runs/ghost_scene63_1fb98468_d5p5_reachset/summary.json	2091	5f36311f51c0b61e8197989e1e3044ffa428d51c6d8dedca2ea0872611fa828d
records/baseline_runs/ghost_scene63_1fb98468_d5p5_shadow/summary.json	2077	a292be1a12f5fcf5ac11f6916313ef048b00d4a0b484b694a4329a741cbc4d03
records/baseline_runs/ghost_scene64_ad8fbb5d_d3_reachset/summary.json	2047	242c41738fcb88b24f1cb2dc59f0e226c2f3488b56c123dffc48e3d1173b5417
records/baseline_runs/ghost_scene64_ad8fbb5d_d3_shadow/summary.json	2032	2e46a90a939b8305466784f4b8c2db37bb9a5d577f0a5ff4878b7fefc53eb316
records/baseline_runs/ghost_scene64_ad8fbb5d_d3p5_reachset/summary.json	2053	c4cf667ca7a14ced5c2acb0d6a3f0bc97e87a2a8e9241db1f7587f942a282db4
records/baseline_runs/ghost_scene64_ad8fbb5d_d3p5_shadow/summary.json	2039	31a632761d986e4dc109b9460d54d33f8aec7b4eb72212c545185e3c86d3ca6d
records/baseline_runs/ghost_scene64_ad8fbb5d_d4_reachset/summary.json	2044	2b48770e85b5d649abcb699354442362d690ca27e617a20519e15f8a84439cf2
records/baseline_runs/ghost_scene64_ad8fbb5d_d4_shadow/summary.json	2030	f7d4ab822d630b1a92120283ccfde6bdcc92fffc3e70b9fe265c77d35f3ab929
records/baseline_runs/ghost_scene64_ad8fbb5d_d4p5_reachset/summary.json	2057	8e392ca385846f9827ec2370f954a03ca7da30cbddf66b5b54f5f3cd90b7bac5
records/baseline_runs/ghost_scene64_ad8fbb5d_d4p5_shadow/summary.json	2043	05c9f913e6a20057adfef6fa0bfe1f212b85128bd6a15513dadcd01bf6232d93
records/baseline_runs/ghost_scene64_ad8fbb5d_d5_reachset/summary.json	2047	9a002193125557fde18ad651d55ed0ea6920303a048106ec97c37dc7d7389197
records/baseline_runs/ghost_scene64_ad8fbb5d_d5_shadow/summary.json	2033	ec8f4ac55802704a091611ac98898a3f6af4da105a71a103d92d72c5d6fce56d
records/baseline_runs/ghost_scene64_ad8fbb5d_d5p5_reachset/summary.json	2049	1237d041a2e097472e59349c545304d132cbafb9cf3a4b2211d58e5c8af3035a
records/baseline_runs/ghost_scene64_ad8fbb5d_d5p5_shadow/summary.json	2035	79e53bb7584dffafd13615a1c0e190da004da5aecd3e86cf9538a79eb509a757
records/baseline_runs/ghost_scene65_43da3f31_d3_reachset/summary.json	1001	1a40ab22440065225d0c249413a6f8b04fa0d1d23cf0139e900e92139c5117c9
records/baseline_runs/ghost_scene65_43da3f31_d3_shadow/summary.json	986	424dc1a546d0012faf2bbddb02613d492daa570c9c561ee9b85e715afa25d2b9
records/baseline_runs/ghost_scene65_43da3f31_d3p5_reachset/summary.json	1007	eca32a6536a1147acfda33c7739c43ec31faae9187dece0106175a981c30b245
records/baseline_runs/ghost_scene65_43da3f31_d3p5_shadow/summary.json	993	d564f209636c689a23f4e37c5b61daf468a6adede76df7e0463bc8e736a56e6b
records/baseline_runs/ghost_scene65_43da3f31_d4_reachset/summary.json	1001	9a1917c5077023876080645435ddfadef78dcde76b78e1c02b4a34c5a47a2452
records/baseline_runs/ghost_scene65_43da3f31_d4_shadow/summary.json	987	ade1e85e23f053581819e548e06f7ce4a6215ee170419ac7adba83e2b0ee40b2
records/baseline_runs/ghost_scene65_43da3f31_d4p5_reachset/summary.json	1007	8705c3f3503d4f51cf354f043174a4c9f7459ca3fdaa534e5674ba1cf3d15929
records/baseline_runs/ghost_scene65_43da3f31_d4p5_shadow/summary.json	993	638a99fa4c69a87e834d3762defc34a37015853481146d9d2f53dee4fd350e72
records/baseline_runs/ghost_scene65_43da3f31_d5_reachset/summary.json	1001	525d2a75615ba918931ae2f16bbc595d951251f5b03fc0699002c63daf52aa39
records/baseline_runs/ghost_scene65_43da3f31_d5_shadow/summary.json	987	50305d4cc230c44deb79fa768f5fc246dc18d8df8a21b610449350aabe6f029a
records/baseline_runs/ghost_scene65_43da3f31_d5p5_reachset/summary.json	1007	7cac8a01c4e0bbefe7426acef27c34738347a5059e8323374760a0fc16b0c7f0
records/baseline_runs/ghost_scene65_43da3f31_d5p5_shadow/summary.json	993	b241d95697f36f8da6098e9a41b78af186c4b1d8fd81667a23e15acc562a9e6f
records/baseline_runs/ghost_scene66_342eb101_d3_reachset/summary.json	1000	b000c81034ef1f629470b45c8637b4845b58a425405d188ae08cd74e798148e4
records/baseline_runs/ghost_scene66_342eb101_d3_shadow/summary.json	986	89736bd88263724d26c188c5db9ab9101500245b269fa68494d685bdf23eddab
records/baseline_runs/ghost_scene66_342eb101_d3p5_reachset/summary.json	1006	7ca21f91e99f335f8a584af75951092a0e069c3f17cb45847e9221304cdbd9c5
records/baseline_runs/ghost_scene66_342eb101_d3p5_shadow/summary.json	992	d565fa6f33f158e87b6a550ff26483580851f1aad2bb74ed0c8ce4d2b68f3820
records/baseline_runs/ghost_scene66_342eb101_d4_reachset/summary.json	1000	b1c498be02a8f2ee04e0278d92b0a83f558a25a94b6b10f19c98fe0f079bb6c1
records/baseline_runs/ghost_scene66_342eb101_d4_shadow/summary.json	986	a1ec373d6f6b4de0f578430429e0ec07a964849e2f9575a89cdacae6cea6ca57
records/baseline_runs/ghost_scene66_342eb101_d4p5_reachset/summary.json	1006	34b0b20466a2bfe4b8216dd9f7531467e289baacdc8205a545c26f1e1d6fe3af
records/baseline_runs/ghost_scene66_342eb101_d4p5_shadow/summary.json	992	b9e5d8e547acc71e84ccf50034c21e8e45599588c2f9086e3554da4858d99cdb
records/baseline_runs/ghost_scene66_342eb101_d5_reachset/summary.json	1000	7e7ced0c7083d328090e0615dec02ea8bd5989ddf4114870f23fa06ec5da178e
records/baseline_runs/ghost_scene66_342eb101_d5_shadow/summary.json	986	76b77cdbdba1a3460fd7e9bd12f81818148d07d37de1bc805bb81c6136f46be4
records/baseline_runs/ghost_scene66_342eb101_d5p5_reachset/summary.json	1006	bf2bf779fe44c3f9a1ccedefa1159648f988f746f436db8657d4b21463f29383
records/baseline_runs/ghost_scene66_342eb101_d5p5_shadow/summary.json	992	126c00e5e76d1f0d4c9ac4012ad358f15d73803a9830cba4df85cd2129a375af
records/baseline_runs/ghost_scene67_560f71bf_d3_reachset/summary.json	2080	0abca810989d4b0b42579ff45e56019f53ec1a716f23db013ecf33f010d428fe
records/baseline_runs/ghost_scene67_560f71bf_d3_shadow/summary.json	2066	a5b7e47d0e13a941800bc76b0026b2b02f718bfea710618e3ca0968a66f566fc
records/baseline_runs/ghost_scene67_560f71bf_d3p5_reachset/summary.json	2082	5218b49337f779e3c0018c736e65ae4b6fb4ec207895c4c77964a5922ba2da5e
records/baseline_runs/ghost_scene67_560f71bf_d3p5_shadow/summary.json	2068	efff845dc3e015fc9eafcf26dbf5205b294bab84e43e7e4827ae1f4a0a1a1e3b
records/baseline_runs/ghost_scene67_560f71bf_d4_reachset/summary.json	2082	8fd7055df0a3547017327fbeebafc6d075c2d5a237c58d07441a9d017256fbc4
records/baseline_runs/ghost_scene67_560f71bf_d4_shadow/summary.json	2068	82a58bf76f1895d6b5a99ff8a8c193a84114f9f7c9d0109cd242d15beb49485c
records/baseline_runs/ghost_scene67_560f71bf_d4p5_reachset/summary.json	2088	91a888728cf0e5b8548e89709286726cf29e8559f5046d458df95ecfe4e6176d
records/baseline_runs/ghost_scene67_560f71bf_d4p5_shadow/summary.json	2074	ec7011cd0e6550b26d34edce4a32fd2c5b964cf1b0f405394e074e1964afdc0d
records/baseline_runs/ghost_scene67_560f71bf_d5_reachset/summary.json	2080	be0ace2d4f81e12c7d98d7fa2be97b28df342a1259ed7507acf7a50591721424
records/baseline_runs/ghost_scene67_560f71bf_d5_shadow/summary.json	2066	e372cb0da47895e2f70222a2c7b0b8f37a918be7d4ba0ae4a8f6529c8c88b935
records/baseline_runs/ghost_scene67_560f71bf_d5p5_reachset/summary.json	2089	b7594765b2f45ef5b3e577c7b740e02a665e7c0028f09a22c9f8dd999fdcb5e3
records/baseline_runs/ghost_scene67_560f71bf_d5p5_shadow/summary.json	2075	cbba704d490e232a81e9ba0ff5ebf5eb83440ffe15fd61782ededa48dcc648b0
records/baseline_runs/ghost_scene68_28bdcdc4_d3_reachset/summary.json	2085	ae3f004814d7da4b3ab2c4b7de1ad3e0ee1aba41aff7cd802d3f7e55f7d02376
records/baseline_runs/ghost_scene68_28bdcdc4_d3_shadow/summary.json	2071	27a6f62e8a782d71559a8140d030ab7fe29375f680ff2f0edb9636b3f742496e
records/baseline_runs/ghost_scene68_28bdcdc4_d3p5_reachset/summary.json	2087	eaadefbd694f4ea8f869dfdb9d47e9383a58216fdab19d241a034e417972f3f5
records/baseline_runs/ghost_scene68_28bdcdc4_d3p5_shadow/summary.json	2073	6927aa632b7b7c9ea1d76bd23ff5300719bae100b34e02c0dbc7a96aae86e195
records/baseline_runs/ghost_scene68_28bdcdc4_d4_reachset/summary.json	2083	0279bed49375c15f01ad895ae93763536c7c0f2dfb296ec5ebb0e8c4302290d9
records/baseline_runs/ghost_scene68_28bdcdc4_d4_shadow/summary.json	2069	3790d6a554c25415d57b61eb3478e1141764fc9306eac2e51d1cf7528c63bed1
records/baseline_runs/ghost_scene68_28bdcdc4_d4p5_reachset/summary.json	2089	9064ecd539928eb244ec6b9b2e64fb31ac539d39f514adf96137c618a7f867b0
records/baseline_runs/ghost_scene68_28bdcdc4_d4p5_shadow/summary.json	2075	5a309777d0dbf2e85ff66429e500ddba3a2f942ed94bba354810675bbd0817a0
records/baseline_runs/ghost_scene68_28bdcdc4_d5_reachset/summary.json	2085	5ad2520b7cfdc4edf4f7fbd4bb81fe7f906c1ffd714d8250e5811f7e3b91789c
records/baseline_runs/ghost_scene68_28bdcdc4_d5_shadow/summary.json	2071	215f67ccba13a142e4d3e7ae03f561f443d1896a18a118fb1652ed2e9666acf3
records/baseline_runs/ghost_scene68_28bdcdc4_d5p5_reachset/summary.json	2086	014126ead859d4b0d880e1bcc88e6f94cfa1eeee897a8d8dcec6326786646453
records/baseline_runs/ghost_scene68_28bdcdc4_d5p5_shadow/summary.json	2072	9902774d41941f94359e0e76dcfdb186f445a1c791ea4bcbd0da7f1d5d3f2e48
records/baseline_runs/ghost_scene69_683cfaef_d3_reachset/summary.json	2084	3b44e5922f7c0115633b9954be9d6db2924e43fe96254214fc7d1d5ed42f3571
records/baseline_runs/ghost_scene69_683cfaef_d3_shadow/summary.json	2069	a1dc6c53099457bebea28c21310c8b030598bf36271566bf061fe289000c9b3b
records/baseline_runs/ghost_scene69_683cfaef_d3p5_reachset/summary.json	2090	1deec5cf0b90f3454d92b0ddd847c8c92a965ad1006f10084b3c935db53db0fd
records/baseline_runs/ghost_scene69_683cfaef_d3p5_shadow/summary.json	2076	f9d786e11e67a88f4fabd813445be22bf2dbd9f070176c37c3f49dc1886d354a
records/baseline_runs/ghost_scene69_683cfaef_d4_reachset/summary.json	2084	2fb081d2967006815b69f6b9e980eac5e18e7129d2745a0b11b81d093031f27b
records/baseline_runs/ghost_scene69_683cfaef_d4_shadow/summary.json	2076	92fac35a4e9f377c7f0bacbbacc857ef685e5ae73c14952f21e45a11e6c9b5aa
records/baseline_runs/ghost_scene69_683cfaef_d4p5_reachset/summary.json	1020	3c200c44604eb12c8af8ac1ede4e2cd317b82e54438df20dcd3a9a24b14166be
records/baseline_runs/ghost_scene69_683cfaef_d4p5_shadow/summary.json	1005	9b3b282d3fdad399de1c2f86bc43eda143a54a73198a00ec08ebc4a23d757866
records/baseline_runs/ghost_scene69_683cfaef_d5_reachset/summary.json	1014	ff892e0fafbb2636ed851635f54443b8c616a7e934918f73734efe3af4ad8bdb
records/baseline_runs/ghost_scene69_683cfaef_d5_shadow/summary.json	1000	38dfad2feca2c034468d4f815f5c0749df54a20a211777015482c83b99005fc3
records/baseline_runs/ghost_scene69_683cfaef_d5p5_reachset/summary.json	1020	cc05ffa34ea4dcbbec9a2d17a6245d46d5bc3428dd83e17ded207fa259fc26bd
records/baseline_runs/ghost_scene69_683cfaef_d5p5_shadow/summary.json	1006	76b50494c907d853d07252956dc578239cdc5525f33c7d5a8da3004b8789efcc
records/baseline_runs/ghost_scene70_9b408388_d3_reachset/summary.json	2091	56a69adc2d1a5123e500389096589808e6fa2385709a9af09c3d5e41e2131fb3
records/baseline_runs/ghost_scene70_9b408388_d3_shadow/summary.json	2077	031d9607abf6ad8bc817678983fe69951eeba3a822ea669467dcecf234b09b5a
records/baseline_runs/ghost_scene70_9b408388_d3p5_reachset/summary.json	2097	82a077488eea2525f65535cd658d3413c940e95346697576bf9d4703fa3af334
records/baseline_runs/ghost_scene70_9b408388_d3p5_shadow/summary.json	2083	3ff461683c54e8a87d653c94501ae89ffbaff5b16c49fe0a950918899e56d7c5
records/baseline_runs/ghost_scene70_9b408388_d4_reachset/summary.json	2091	bd507519f6c418de70cdf7397443414ce76dd4c54a9495c97a4ed8da5d368dd3
records/baseline_runs/ghost_scene70_9b408388_d4_shadow/summary.json	2077	0bc9182b84a1877f1427bfd16409075ddb2dfb39bd9f8f1fcfe9f730f17a0a59
records/baseline_runs/ghost_scene70_9b408388_d4p5_reachset/summary.json	2097	563cd77df375e1f4d5d36d47c58a10c48922f739f9fd15668c14e5e6c78e3b96
records/baseline_runs/ghost_scene70_9b408388_d4p5_shadow/summary.json	2083	5e3f5bb2cd43d9ddf5494624d373ac35ddb702a1da7e1e5b19ada6e8e316b59c
records/baseline_runs/ghost_scene70_9b408388_d5_reachset/summary.json	2092	37f868e6a0f8d9c82c0b3056332b1601a6feca23413609e194fbd3df683b5f30
records/baseline_runs/ghost_scene70_9b408388_d5_shadow/summary.json	2078	d4cba7e25868daba53cbbd30b5af2cafbca38d24797d2c7f604be4185ee4f9ec
records/baseline_runs/ghost_scene70_9b408388_d5p5_reachset/summary.json	2094	97d2dab3d06c3370e3061ac0ea9a231eb45f650cf1ae2afdd792e52230cd86f2
records/baseline_runs/ghost_scene70_9b408388_d5p5_shadow/summary.json	2080	4c94ce14858fe3d5af0270e9d052c7e66d04d1e4ecb1ebe3212953a3a243efe8
records/baseline_runs/ghost_scene71_912e3348_d3_reachset/summary.json	1001	ae0aff4c1e40b51f3a8bf3806962cafc94ad1b3606a51b4f54baa281a014728a
records/baseline_runs/ghost_scene71_912e3348_d3_shadow/summary.json	986	92b9b3aba4e53b29efb91f53761d8a6de9c88b06d99d5326bfb42dca27dfcdf1
records/baseline_runs/ghost_scene71_912e3348_d3p5_reachset/summary.json	1007	006f259030001c6ad489c7f6554001da27ad0198852e5aecde0fd4c7ee1fc60a
records/baseline_runs/ghost_scene71_912e3348_d3p5_shadow/summary.json	993	e361e985c894e70c515686a21b26511f7c3ad042050a817732c5097bad5d39d6
records/baseline_runs/ghost_scene71_912e3348_d4_reachset/summary.json	1001	55f402c5a84e1003e8de212e99cf7d779b91a078a6c02a1a346110e71718cec4
records/baseline_runs/ghost_scene71_912e3348_d4_shadow/summary.json	987	b8ba73004324fce9335e8e5ea2b14ae0039c0982ad59f97d52e1bea95249d8cf
records/baseline_runs/ghost_scene71_912e3348_d4p5_reachset/summary.json	1007	a13a393caebd16191a6c93faf823a6a4d33793b11525a28c4742efdf2d209103
records/baseline_runs/ghost_scene71_912e3348_d4p5_shadow/summary.json	993	0e6d2b13023d23523485424579efd9c1915bfd7a4d79ee0679bc640fdc8a13f1
records/baseline_runs/ghost_scene71_912e3348_d5_reachset/summary.json	1001	ea4eb41d4e4a58fcfffde376c7917461a774210570147557843e9f7fa508fd5f
records/baseline_runs/ghost_scene71_912e3348_d5_shadow/summary.json	987	f46b9501a88a70ab8ad173f5a93a3cff26f4c5bd3bc7d4280fd232c263a65463
records/baseline_runs/ghost_scene71_912e3348_d5p5_reachset/summary.json	1007	1164e1fa379348327362e692d95c337289a2eab6e3002c45309781e25aaa73b0
records/baseline_runs/ghost_scene71_912e3348_d5p5_shadow/summary.json	993	83741638c7a05d27cc59b3b84f7c325489b5fb13acdcd4d20386aa9f824f8da5
records/baseline_runs/ghost_scene72_6bb2154f_d3_reachset/summary.json	2085	6fa67f7e6a46f4ef438e7fd833415b7bb0d0a2074bc45be51104b0a155335147
records/baseline_runs/ghost_scene72_6bb2154f_d3_shadow/summary.json	2071	b97a0abb806141bdf536e3e04f73a35c149be1ff06dc9b979db05af96c5ed47e
records/baseline_runs/ghost_scene72_6bb2154f_d3p5_reachset/summary.json	2091	c8431d7012034b558b9d431ad27d4187a26694c3aba4e92d141c1d59a094bc69
records/baseline_runs/ghost_scene72_6bb2154f_d3p5_shadow/summary.json	2077	279f4aaa7234d5a856b0e902ef7d4c3d34a298f52e789e62410d7666de1bfaf4
records/baseline_runs/ghost_scene72_6bb2154f_d4_reachset/summary.json	2084	8ec1c4706934137a3b4aa7144f3922a6de9e9da2f1877e044a8a36d0e7393f79
records/baseline_runs/ghost_scene72_6bb2154f_d4_shadow/summary.json	2070	e4703d662433fd1c7f39d87a50a02ee459b699dbd7cc0dead068b6f0a950ad35
records/baseline_runs/ghost_scene72_6bb2154f_d4p5_reachset/summary.json	2091	a24ec577376c81040732292628ea7462947fc621ee1024d85194e32ed2ed88ec
records/baseline_runs/ghost_scene72_6bb2154f_d4p5_shadow/summary.json	2077	d12557bcf08d770c6dcac95950d0a76b4a1fb2cb6a456a9384a15a25e05d2c75
records/baseline_runs/ghost_scene72_6bb2154f_d5_reachset/summary.json	2085	18bf8dac2bf95657e609b19b325563179e92a16ca907b8dbd6265ccdfa60e287
records/baseline_runs/ghost_scene72_6bb2154f_d5_shadow/summary.json	2071	d31d490843d90f524cec15cbd8345a2c2d3c904ccdd527fefad00649ae6bc7c6
records/baseline_runs/ghost_scene72_6bb2154f_d5p5_reachset/summary.json	2091	edd70e3e4aff1a00ae00675e64e46541a602e52ab2a5ce91138f75099e048ad2
records/baseline_runs/ghost_scene72_6bb2154f_d5p5_shadow/summary.json	2077	2dddefc29b7ca4e53d0c84fc614d5f0c25476a8a5d7f457325228a5879c69d66
records/baseline_runs/ghost_scene73_d4030c16_d3_reachset/summary.json	2053	ae9bc43d662089a296a493b0aeb6ab16c704ae29bd425bdfd88884d5ce7eca86
records/baseline_runs/ghost_scene73_d4030c16_d3_shadow/summary.json	2038	d9a9dbe724b01770cb7d485fa1767ff7147338bf9d3ced80d7a6dacb719f1295
records/baseline_runs/ghost_scene73_d4030c16_d3p5_reachset/summary.json	2059	c9ba63178169221368d352ea2bd769abdd7775db9717d65c5678a91a8fbb677c
records/baseline_runs/ghost_scene73_d4030c16_d3p5_shadow/summary.json	2045	8d4f3d966bb4c567fc38de690abfd6dda78d649e81a5668c54b21bfa1e5d9f57
records/baseline_runs/ghost_scene73_d4030c16_d4_reachset/summary.json	2053	c7b3f74e461de5252a8a9b082181dfdfb59abd1407367d9d6963518cd5eb52e0
records/baseline_runs/ghost_scene73_d4030c16_d4_shadow/summary.json	2039	6a2c668d1f3f9e33c8507cac2aae558de50e42809d9b6babcb04bb22df3923d1
records/baseline_runs/ghost_scene73_d4030c16_d4p5_reachset/summary.json	2059	90c22c60741b225dff3a8a577cc16ebbc37ec525150b9fde4f1eef34a0527faf
records/baseline_runs/ghost_scene73_d4030c16_d4p5_shadow/summary.json	2045	fdaa5605099cc8c7bd3a8073dcfe6296d4dd4816693c51dd424dea885b2a4c1b
records/baseline_runs/ghost_scene73_d4030c16_d5_reachset/summary.json	2053	b44bdf13395bb58fd3735ab46debfcf949dc999c2ff54362ea0ad1ce69f13e6d
records/baseline_runs/ghost_scene73_d4030c16_d5_shadow/summary.json	2039	85772e4937a412109226573b5c9ce318aee8e57657f77107a1527324e5884bfa
records/baseline_runs/ghost_scene73_d4030c16_d5p5_reachset/summary.json	2059	4b288279cabd8e582552acab5d6b2221c8c40f0341dcbef14890445a3b0a4dc4
records/baseline_runs/ghost_scene73_d4030c16_d5p5_shadow/summary.json	2045	7a3c7deda108ebd87bd51ac54d9b2d32859903bb4d7010e242fc5c42322126e3
records/baseline_runs/ghost_scene74_758f7517_d3_reachset/summary.json	2059	b2820fde0fad726227e4c2d4bf63693313d24a24a00fb49f40ea18b5303c313e
records/baseline_runs/ghost_scene74_758f7517_d3_shadow/summary.json	2044	fe84759299d059415e96a46d209f90452e650ab9e725f3722299efa38770b21c
records/baseline_runs/ghost_scene74_758f7517_d3p5_reachset/summary.json	2077	feef791cedd4e5f5fecc54ca167d36801a22d780b839fb5a9b574f46bf87369e
records/baseline_runs/ghost_scene74_758f7517_d3p5_shadow/summary.json	2063	5de05758a5299e65fc990a9782f5432c1355cab642d4ce613e0c09b8a9b82f7a
records/baseline_runs/ghost_scene74_758f7517_d4_reachset/summary.json	2072	fdefce2b0110bd4d59fe0a386231470e0a9e188101f15ab6b677527ad879f862
records/baseline_runs/ghost_scene74_758f7517_d4_shadow/summary.json	2058	bf75b10f66b3c0a8c7483d10f5f61d86e5cea47b3e718459e791a01815a979ef
records/baseline_runs/ghost_scene74_758f7517_d4p5_reachset/summary.json	2078	032856b06b47aa61e1ca0e9bf3739c2b25913f46b77fea266b064709072ca5e0
records/baseline_runs/ghost_scene74_758f7517_d4p5_shadow/summary.json	2064	2eeff020e2faba60b4406a9221c93f710c5afbc7433bd10d4fe544fa304da2c1
records/baseline_runs/ghost_scene74_758f7517_d5_reachset/summary.json	2071	4670d406d6aa95fe7607b86bf1102a09c6895a1da86f870e3cf9b42968f81b1d
records/baseline_runs/ghost_scene74_758f7517_d5_shadow/summary.json	2057	c99ef2a7053cdb0d54abfffeb7e6f4f7b8e0364ef63267f583f8bc5a6d59db21
records/baseline_runs/ghost_scene74_758f7517_d5p5_reachset/summary.json	2076	1b15dfc5ec8f81456a906f0ea9f29957a18430b65d5d741d35b81b13ff37fe30
records/baseline_runs/ghost_scene74_758f7517_d5p5_shadow/summary.json	2062	5e486c4a4cae0925cdb2b1d117e9558307e185363fa1264a225ed228933e5aec
records/baseline_runs/ghost_scene75_8195475c_d3_reachset/summary.json	2098	38752cf25a6079574a6b8f2133db3e2b4ad1be27505223742254e6a88e3b577d
records/baseline_runs/ghost_scene75_8195475c_d3_shadow/summary.json	2084	aa1a7a4a877fe553bea954a67a586cfc1c99bf4f8c630d1dc0dc2fb3fa96d60d
records/baseline_runs/ghost_scene75_8195475c_d3p5_reachset/summary.json	2098	8ff52a5c35e901a9683e83617495fd44847a088d4d93866ba44193a582b93794
records/baseline_runs/ghost_scene75_8195475c_d3p5_shadow/summary.json	2084	125da4618d486d13bba613fd61dbd33596f6733d29ff0a4ff3f43374e6ee038e
records/baseline_runs/ghost_scene75_8195475c_d4_reachset/summary.json	2087	c8d298534bb24d5fd6ec199eedc03b75f86cfa8bdeade9084f701e8da1f3b276
records/baseline_runs/ghost_scene75_8195475c_d4_shadow/summary.json	2073	666c79892ee711943fb9e96398050d29cdcdc8ba3722eb723edce479e412e871
records/baseline_runs/ghost_scene75_8195475c_d4p5_reachset/summary.json	2100	9af4a18b4601846e029f81a188c0e6ea9c6382462342c78336e3bbbf8dbfe4f7
records/baseline_runs/ghost_scene75_8195475c_d4p5_shadow/summary.json	2086	c5eb98950ddebb4e0c44f015e2fc8adc752fcf9620b1e45b6039a051be958e2d
records/baseline_runs/ghost_scene75_8195475c_d5_reachset/summary.json	2096	ed4852c1514570d9b52e47ee4a595aeda44e17de805ead29cdd2a6af5a61e1f0
records/baseline_runs/ghost_scene75_8195475c_d5_shadow/summary.json	2082	1d54a565ae4948aaf52ffcc5051a664263ed8cb085dee051062e425c9f0c44f6
records/baseline_runs/ghost_scene75_8195475c_d5p5_reachset/summary.json	2108	08a9384932922d0447f99d939d91f1b8a520cd8808824f7c790ad454c44811cd
records/baseline_runs/ghost_scene75_8195475c_d5p5_shadow/summary.json	2094	87efe4f763add9138b2e2d8acc2b604fddf924afcb2dfc47590e01145849a05f
records/baseline_runs/ghost_scene76_9658c5ea_d3_reachset/summary.json	2069	86f1932be3884df5a17444169eeae2cba9e6cecff84bdee0ccff27bca44e17ba
records/baseline_runs/ghost_scene76_9658c5ea_d3_shadow/summary.json	2054	2a32fb0778b8477aaa0d70697eecfaea63c62ba7a88732fde738ef648264c224
records/baseline_runs/ghost_scene76_9658c5ea_d3p5_reachset/summary.json	2085	791ef10ab03843fcbca9e8f44f2868b891f52827b6ce3dbffd776ac9714da237
records/baseline_runs/ghost_scene76_9658c5ea_d3p5_shadow/summary.json	2071	21177148b905504598d34097f683eed5c24c766ac4b5f5469f069a08c9e64aa4
records/baseline_runs/ghost_scene76_9658c5ea_d4_reachset/summary.json	2073	bf42d394af5118b9fb4288939db5dfbb40d2038abff0dbff3eb8899ef18bc824
records/baseline_runs/ghost_scene76_9658c5ea_d4_shadow/summary.json	2059	1e5596b31f89c1a700014633c5957ff58d671a0fbb0e325d8033af5d2fb83662
records/baseline_runs/ghost_scene76_9658c5ea_d4p5_reachset/summary.json	2087	331f666178dff96723ddcbf24b6c10093a6a859b289c3774792ae8f333d26f53
records/baseline_runs/ghost_scene76_9658c5ea_d4p5_shadow/summary.json	2073	47aa3681085145bee78568c187b0f38ac4c9907376e3f154051f36e7c6102762
records/baseline_runs/ghost_scene76_9658c5ea_d5_reachset/summary.json	2070	7b13ac168a255855686fda7c68872d783056bc78f880c871ec85b0e45c159e96
records/baseline_runs/ghost_scene76_9658c5ea_d5_shadow/summary.json	2056	47a905012ee6f61f28192417b58266ed85a6b26047c6e2a1d5c54b905d31d6f0
records/baseline_runs/ghost_scene76_9658c5ea_d5p5_reachset/summary.json	2079	98862a0f1938b5dd1e93943de6c1db39bb16dd00c2a1f578f055c4918055b865
records/baseline_runs/ghost_scene76_9658c5ea_d5p5_shadow/summary.json	2065	0fb19e63777d4b9dfc44426d84db2f98e98ddbb26025d2cb277c2e21ffa332ba
records/baseline_runs/ghost_scene77_61f018bc_d3_reachset/summary.json	2086	48d0ffacb90b30ee6fb0995234feaaca7574cc38a6af17cf91871ff75b591f7c
records/baseline_runs/ghost_scene77_61f018bc_d3_shadow/summary.json	2072	430098ffc5f4c2327114b986f610c8cd3849b2fcbf9c6bafdb0e424b9ae602be
records/baseline_runs/ghost_scene77_61f018bc_d3p5_reachset/summary.json	2091	68e71452bd429bc8e66fa13d153e761b729ef993470d348adcbbce6c84438052
records/baseline_runs/ghost_scene77_61f018bc_d3p5_shadow/summary.json	2077	4f41e8fdd148b6db282d39b251983362f6a4fb3a5f8b7854fd5590db772d2d1a
records/baseline_runs/ghost_scene77_61f018bc_d4_reachset/summary.json	2083	5fa3bb1c83c22f67eb475476b6b61380a9fef3df99ea859b03acccbbcb59de26
records/baseline_runs/ghost_scene77_61f018bc_d4_shadow/summary.json	2069	5fbb1264aeaaa665db763951e1762b7ded5c5e68814b691713555db32ee50c1b
records/baseline_runs/ghost_scene77_61f018bc_d4p5_reachset/summary.json	2082	ba7e42af268afe68adb9dd43d6490fcdf65e40c75caa913bf40d91ff60567e1f
records/baseline_runs/ghost_scene77_61f018bc_d4p5_shadow/summary.json	2068	d9084078721d6441eb6d9dd8568f157ad9fceb6ddb68169493bdd1fbe44a0792
records/baseline_runs/ghost_scene77_61f018bc_d5_reachset/summary.json	2082	b10afeef09b608a531527023c091ebd1f65faaa8bf34d6e1e8e08ccf275f20ec
records/baseline_runs/ghost_scene77_61f018bc_d5_shadow/summary.json	2068	b27972be9d74c0b0b392cc7effe8d989ecd9ed1d06ae596b1c71fe5b35e9458a
records/baseline_runs/ghost_scene77_61f018bc_d5p5_reachset/summary.json	2083	c09395fdd81cebeecf56979c7c160530afd97692f5b3c1b2ba1f79ee57680d7a
records/baseline_runs/ghost_scene77_61f018bc_d5p5_shadow/summary.json	2069	9fb0a0b6b0325376cdf016677b0c90b42462c6d7b20e61d64922f2886355af4c
records/baseline_runs/ghost_scene78_91b87407_d3_reachset/summary.json	1000	0502a2d49b65efb8061af546b54036caba0fae15217d208035571ef0c79d5f81
records/baseline_runs/ghost_scene78_91b87407_d3_shadow/summary.json	986	356d27037d86e4fed55a5fa990387d7d9a384ee6ab4f699f83368999f8448097
records/baseline_runs/ghost_scene78_91b87407_d3p5_reachset/summary.json	1006	23814079f643f1486e04c6eceafbba31cbf9807cd49b8492e83b53187328186e
records/baseline_runs/ghost_scene78_91b87407_d3p5_shadow/summary.json	992	82086229aee0b2d82ce0973b5810713ab32bf1f7c9190cbb0c910760160a8732
records/baseline_runs/ghost_scene78_91b87407_d4_reachset/summary.json	1000	d1ff7bdfb84f094b4b4ba59c9ee9a1a34cfeef741cd238884c11c5541e63efa3
records/baseline_runs/ghost_scene78_91b87407_d4_shadow/summary.json	986	edd5831b40354c7e7a16124f1c0bafeab75da07d60b319fdb383e748a5a3c37b
records/baseline_runs/ghost_scene78_91b87407_d4p5_reachset/summary.json	1006	e4f60e0f8292f1672ac53401ed58a1306f636933e0ab59687e363b56e0b39aa1
records/baseline_runs/ghost_scene78_91b87407_d4p5_shadow/summary.json	992	12e755d19ba7c04e18eab8a15d1a1edbfe8b64d45bfc8f67eaedc64958ce6793
records/baseline_runs/ghost_scene78_91b87407_d5_reachset/summary.json	1000	3a96907d1fba73372294f384500812cac7693ac057ea60f584742c33c8aafa2a
records/baseline_runs/ghost_scene78_91b87407_d5_shadow/summary.json	986	7946f69b8e132f3ed7277beb2a9a80632f439df57b4b333ceb42d7734b16f287
records/baseline_runs/ghost_scene78_91b87407_d5p5_reachset/summary.json	1006	72928d7b9b0e50c84d0fe1e5409306bb3e4b6163f14a5036472dc8b8d03924d4
records/baseline_runs/ghost_scene78_91b87407_d5p5_shadow/summary.json	992	f226ee9873823a98b268723bece0df948313e31558f53c183fcaf5e257966cb4
records/baseline_runs/ghost_scene79_8e76ea99_d3_reachset/summary.json	1001	fc6881dfc9bc6f313fc4aa27cb975cd22c5c02b4bb1e17cb4f8ab8a54bc3814a
records/baseline_runs/ghost_scene79_8e76ea99_d3_shadow/summary.json	986	2641455c89aa01dc4e7085712542548556f6c404c9930665c1c8eb3d0ae5c91c
records/baseline_runs/ghost_scene79_8e76ea99_d3p5_reachset/summary.json	1007	bbba9ca52d40709260ab59f66c8bf83cbbb6c3a0a6082f71090e4c2e795026ad
records/baseline_runs/ghost_scene79_8e76ea99_d3p5_shadow/summary.json	993	ccda01ea7d4af6d9fd57bf9f5255a38b3e516ef895bdaf67aaf2ea1ddd775aba
records/baseline_runs/ghost_scene79_8e76ea99_d4_reachset/summary.json	1001	ec305ab3d4ec1347ec7499afdb3ef14333d4abc02f7ba3821f986be304d59ac2
records/baseline_runs/ghost_scene79_8e76ea99_d4_shadow/summary.json	987	929cd6abcb3bfcefdc8bb09ea4a236e68e0cab96d0c1f6aacca22c6156a19eb9
records/baseline_runs/ghost_scene79_8e76ea99_d4p5_reachset/summary.json	1007	fcacf20627d6c65e636f58a9b4539f0e524bb3d0c04a1ff56166a9e3c1df5e0a
records/baseline_runs/ghost_scene79_8e76ea99_d4p5_shadow/summary.json	993	a8a0bd46ee5bc4bce3702348bfd0ab8b94d5a4c063a0ebd880c3df10b438f050
records/baseline_runs/ghost_scene79_8e76ea99_d5_reachset/summary.json	1001	316d360f1d19a84ed2f892129679f4d854b67d7d870103636cb6921c8c5a42dc
records/baseline_runs/ghost_scene79_8e76ea99_d5_shadow/summary.json	987	1c30f7501ec756c37355f80512c3d574d9360b122b9b3719346430fc772db7ca
records/baseline_runs/ghost_scene79_8e76ea99_d5p5_reachset/summary.json	1007	dd10933fe03e58957650b5d6bded42d31a61eb30bfbb6c31e56ea4a591093625
records/baseline_runs/ghost_scene79_8e76ea99_d5p5_shadow/summary.json	993	512cf598a3aa489925fae0f8da853d6298131d69916d9bfaa5f090d18caeac9b
records/baseline_runs/ghost_scene80_de079416_d3_reachset/summary.json	1000	90f39ba17bb7386d81c734bffa801625372adedf6f31fdc9ada5bf24c02da2a2
records/baseline_runs/ghost_scene80_de079416_d3_shadow/summary.json	986	0d0db46b52debb97c71eec06335c3ed81693b1ac6eb1efdf92a10d4194d4b7dc
records/baseline_runs/ghost_scene80_de079416_d3p5_reachset/summary.json	1007	c90821fdc9f8fdde52a827055a1b24db0185fb1169c0bad35f7b9558235cada9
records/baseline_runs/ghost_scene80_de079416_d3p5_shadow/summary.json	993	1af161c6290c48b717867e1c6f968bb2e25ca8e778059f8e69dec268b58b53b9
records/baseline_runs/ghost_scene80_de079416_d4_reachset/summary.json	1000	89e289816e248e8e59236bb9d8b38c261f97f33791916adb978ec936b5fd8fdd
records/baseline_runs/ghost_scene80_de079416_d4_shadow/summary.json	987	a95f18d3eab9a098192493f1547a5e3a1ac315e57e83b8f9ccf04459b00cd39f
records/baseline_runs/ghost_scene80_de079416_d4p5_reachset/summary.json	1007	6ad6607952d39a8c19b7328625df23a4c459c1d1efbea4b844eb8605dd60516b
records/baseline_runs/ghost_scene80_de079416_d4p5_shadow/summary.json	993	bb9f053ce7ec9b75c200399945ffb0f1f7d1797979a8f9dd5296dd248a617680
records/baseline_runs/ghost_scene80_de079416_d5_reachset/summary.json	1000	16f4b2fb12259e7c7d77e48a93520e46716ecfe64e2b5e3c5680617ba179c278
records/baseline_runs/ghost_scene80_de079416_d5_shadow/summary.json	987	d5063620ad2097bc276b2053546110acfc405dc63f9f89cf831c9952705133ce
records/baseline_runs/ghost_scene80_de079416_d5p5_reachset/summary.json	1006	74b88eaf1865d42a136e550cb3879d3316d86675a28b1891b310f8c935c0e730
records/baseline_runs/ghost_scene80_de079416_d5p5_shadow/summary.json	993	e3fb5722b077d96d9e4809afadba2b3b04a5e24791dc39f3cf2192e8ab4150a5
records/baseline_runs/ghost_scene81_851786ad_d3_reachset/summary.json	2078	900d3ae08fca82bf2b07a9cd075f7776a41058477550f263c3b1c1a07638720c
records/baseline_runs/ghost_scene81_851786ad_d3_shadow/summary.json	2064	09dd86b7909e8b6b143882adf803450ed989dfbc21c9ef7a4b24573d92be9f19
records/baseline_runs/ghost_scene81_851786ad_d3p5_reachset/summary.json	2088	7ec45b3729a34d50760f2473b8314a28935dbb05992c9487bdfdc61136cfd771
records/baseline_runs/ghost_scene81_851786ad_d3p5_shadow/summary.json	2074	05d2dfd074a141e0a4ff6330f56cfa688ab09026aef5997c48b4a8a49167db57
records/baseline_runs/ghost_scene81_851786ad_d4_reachset/summary.json	2079	798e3869ae7aa40ab127b4a37d58daba7b8e300ec0b8989caf0a0f1b9e8106d5
records/baseline_runs/ghost_scene81_851786ad_d4_shadow/summary.json	2065	f5a8c74d1b932aabee786f7953b9384783233d0d29384a157e94d36a2739d0e0
records/baseline_runs/ghost_scene81_851786ad_d4p5_reachset/summary.json	2090	30ddc7919c9cdb9cbc75a9789ec915ff38347a8260ca673c172f34a9e90032aa
records/baseline_runs/ghost_scene81_851786ad_d4p5_shadow/summary.json	2076	93db2a54438a76985f9a419f76a3e90bcaee12163c864a4026307b70bc1220ac
records/baseline_runs/ghost_scene81_851786ad_d5_reachset/summary.json	2078	4ce6dc3d44963d0eb67081625a3b516c01aa8880ec4292c457b472762bde6400
records/baseline_runs/ghost_scene81_851786ad_d5_shadow/summary.json	2064	0b881f626c10c249ee884c3704477105d37e575983d2f4b72f8bfd68974a3a5a
records/baseline_runs/ghost_scene81_851786ad_d5p5_reachset/summary.json	2088	dfc645ccfec907e8ce536c73b6b58b2b95f458a7220f28373ad8e4ac09b572cb
records/baseline_runs/ghost_scene81_851786ad_d5p5_shadow/summary.json	2074	b177cf522337500787db6393596ec0c5f3cbcb2e3f14131548440bf9c63d1d60
records/baseline_runs/noghost_scene01_f4eaa49a_reachset/summary.json	2325	c106302a0bc95210eb9461027aa70082accabf73fa6f8475169044d099ba6487
records/baseline_runs/noghost_scene01_f4eaa49a_shadow/summary.json	2318	0119aef68776407d30dd42075273bcedcbbf177a30d3e72e1eb826bbe1dde293
records/baseline_runs/noghost_scene02_5c7f8c2a_reachset/summary.json	1360	55a897b24535bbb3f5590c4a76c18059f2cc3863361e26c0f6dd1ebdc216c278
records/baseline_runs/noghost_scene02_5c7f8c2a_shadow/summary.json	1354	d7b806480180afef415f14e719d65415d4d298ec7f5158146fe64cdb771b6957
records/baseline_runs/noghost_scene03_beac9976_reachset/summary.json	1380	baf3160e5440918f76b850b9b6bb111624b82773c3d392e22139b70e2302c0c4
records/baseline_runs/noghost_scene03_beac9976_shadow/summary.json	1374	647ddec201050b3f5b7f3dd1d297b546cfb0d9e4f3017a9bca98d25a24d852c4
records/baseline_runs/noghost_scene04_34222e09_reachset/summary.json	1379	fc85196cff71a96ba531bfdecc9b54a94a86f0203560fd255e3efdb841c24019
records/baseline_runs/noghost_scene04_34222e09_shadow/summary.json	1373	8c46c5b17a31a1ed9b3ee64fb2a32236af1025ac0b6d16c370b2ffee8b5304f2
records/baseline_runs/noghost_scene05_074d4f6b_reachset/summary.json	1360	84444b72fd33415b17b2d403c4f5d661443c9a521bd33c1c8f07aba6879db589
records/baseline_runs/noghost_scene05_074d4f6b_shadow/summary.json	1354	2d4140f3d7c8816d422c976a8d73f94b637545e149d6197f4434796a3d051db0
records/baseline_runs/noghost_scene06_c4dccd80_reachset/summary.json	1383	5c91b0a07fe1f7d73b6f460b1e8abde67f8b4d533bc1e5ef146be883b10274c7
records/baseline_runs/noghost_scene06_c4dccd80_shadow/summary.json	1376	c81202c84075135749ddcfcb418c5f7c0146d84835bc591337c80572d11efb9f
records/baseline_runs/noghost_scene07_50b08823_reachset/summary.json	1371	7c693fed999d059d2ac1bee1002ade377e9371b2f62dfca728bdb02e1f41ca2f
records/baseline_runs/noghost_scene07_50b08823_shadow/summary.json	1365	9320d47711f232d5c889513b460c9fc5cdddf199bdb78d73af71d298bdd11ec9
records/baseline_runs/noghost_scene08_63911c23_reachset/summary.json	2367	01d52001459d9073a72949ce21c55378077bfa8f835c8c564e1a266a244ba67f
records/baseline_runs/noghost_scene08_63911c23_shadow/summary.json	2363	d1b4c0ddd46f45702c7988f976bbc945ff2854eaa8fa8351c3fa5cdea4d1e401
records/baseline_runs/noghost_scene09_9a0ab3f9_reachset/summary.json	1355	54a4a0448e0902829cd869375cb62b05a56c2c0a84ec4d9ac13da511e6486981
records/baseline_runs/noghost_scene09_9a0ab3f9_shadow/summary.json	1349	a87fdfb324bc0ff98ed260044de3637c644c697fcfa9e7e58b6c57e852088e3b
records/baseline_runs/noghost_scene10_6e7a829c_reachset/summary.json	1360	f0e1731d7570ce7f95410c7f242a8c303da4eb57e07b36a52ee8f5302f8a2ce9
records/baseline_runs/noghost_scene10_6e7a829c_shadow/summary.json	1354	1dc70a67a4eeebeaa916f9643881142323eeadbb5180ba858375fa84c8967738
records/baseline_runs/noghost_scene11_ab97bc44_reachset/summary.json	1352	0a1cdc8a020593623cea3f547584c3ab304e3eedbf636041b73d36c0863f9a2e
records/baseline_runs/noghost_scene11_ab97bc44_shadow/summary.json	1346	395543a21c94c0689df98fa278ccd32303bdc9e60794292616b56b60b602a533
records/baseline_runs/noghost_scene12_e8a81b3c_reachset/summary.json	1386	f30c4823d6104ac58a429a2fa8d08637656b35a5191e5667fb5aa8d1e53e96a2
records/baseline_runs/noghost_scene12_e8a81b3c_shadow/summary.json	1378	2832002b0232de71cc3553ad2b627010cac9c07e13db5cc8d1cf4ce24ef3929b
records/baseline_runs/noghost_scene13_f8e2ad51_reachset/summary.json	1384	6994b38d61521a93edb0e8ce31ed31a8256c27ded489df4d7244ac53173e315c
records/baseline_runs/noghost_scene13_f8e2ad51_shadow/summary.json	1378	d82ab455d3fcbf30d1cf79ecab01dc0e23166b0e9d7d689b465f3d547a6eb41a
records/baseline_runs/noghost_scene14_2e1a3df9_reachset/summary.json	1387	9dfe949275723be02a3145d739ea71c62c47da0345a8a49643f01f287ae4400c
records/baseline_runs/noghost_scene14_2e1a3df9_shadow/summary.json	1381	9f737965d225e9f4435d2661f5ad1fca0af9bc5fcdc2187fd8e5870ce671486e
records/baseline_runs/noghost_scene15_e61d64bc_reachset/summary.json	1386	fb9f066b0f8fc065a0a51ed18be90b192fa8f1639cd0e8e8c6336c1087389575
records/baseline_runs/noghost_scene15_e61d64bc_shadow/summary.json	1379	53d8b6da4d138d2f4cb3a55955ebc23ed9abe6d6a39a9a7d9e4765c04c0ec27d
records/baseline_runs/noghost_scene16_46b85132_reachset/summary.json	1387	c53bf517cdf3c5d154276aae2808d5699496f8615f66a49fe482f526ae349274
records/baseline_runs/noghost_scene16_46b85132_shadow/summary.json	1381	b51e52c10752dd5b0401e1e1aeb9e4068ac72f4b5d799d8518c74594c742fd23
records/baseline_runs/noghost_scene17_c4b2ade0_reachset/summary.json	1385	f73fe3339a5a33352b9ee2c1ee83f7487f2a16c1d142d63cd1162c1e6937e6e6
records/baseline_runs/noghost_scene17_c4b2ade0_shadow/summary.json	1366	7189ce5ce819d5ea0f2dc7f7c8a30754021260dd07c047ef1bef3e822006660d
records/baseline_runs/noghost_scene18_1a80b89e_reachset/summary.json	1365	a4729e48b6c3dc80317806b3fcc6b12e8d3be9d1932c7e3b2c46cce2bc04cdc8
records/baseline_runs/noghost_scene18_1a80b89e_shadow/summary.json	1358	54b3b1f1fbfaf6f4634615579078565e218dd2cf46e86e340d8057fa70ff30ba
records/baseline_runs/noghost_scene19_21f32c4e_reachset/summary.json	1369	37244cd63787097044318092f59378eb45041817382ed0b21f4e1661a3efe73c
records/baseline_runs/noghost_scene19_21f32c4e_shadow/summary.json	1363	5b34664c3e6732ccd840bb2ce3d567fc692810a0649118cd6be439d73639c751
records/baseline_runs/noghost_scene20_8d42329f_reachset/summary.json	1372	875bbe8681b4667c4a2f2984c77d338ee58d8a7de7e99e41a1930fb7f72c9453
records/baseline_runs/noghost_scene20_8d42329f_shadow/summary.json	1366	de9481ec5f1b95cf6c4a22ef103641e2395b03ad8818662d841f3fd3d9e24668
records/baseline_runs/noghost_scene21_8fafec4a_reachset/summary.json	1386	0830beec5df148a36bd49a0673534277aa6bf4c334bce63807c72cac92d53061
records/baseline_runs/noghost_scene21_8fafec4a_shadow/summary.json	1380	bdafaa63fbfc06b1d0f89fc4a8fed55f24cdf39cbed97f5583be8d69c13afa37
records/baseline_runs/noghost_scene22_03b53590_reachset/summary.json	1381	6fdb9a8372950ecebbfb46e9c66855d867a194a2af575333ed752fd605e7150f
records/baseline_runs/noghost_scene22_03b53590_shadow/summary.json	1374	e02117374422ec68c6da84c42fc9411223e97d85a4c9880a507e5de1992ddac9
records/baseline_runs/noghost_scene23_8383a344_reachset/summary.json	1345	f951e8db0ca45f6b27b3fbc9adafd46f9be6242064a24ff932936a98a0d1fb75
records/baseline_runs/noghost_scene23_8383a344_shadow/summary.json	1340	2f6ff47756be257cab91024ee1c492adb0ac76e4b65486ad5eb935afb777c12f
records/baseline_runs/noghost_scene24_d5bc58f5_reachset/summary.json	1390	df97aa6afaeb58a050d7efeaaf1aacf0b696c6dae3191eba244a8e2f70d1f803
records/baseline_runs/noghost_scene24_d5bc58f5_shadow/summary.json	1384	0178116473aeb593d6670fa32ac0d8556f67761aead5e11e0b3dfd1a8a91794f
records/baseline_runs/noghost_scene25_8c86408d_reachset/summary.json	1371	37c494b0256f20a0e7ee06c47ef068af3b29443e432a842f3c772edad89e45c4
records/baseline_runs/noghost_scene25_8c86408d_shadow/summary.json	1364	4a16067ec00d7f7f7606078c4ea75aaad4e1255f4d17301cbaaa17caa81a89c4
records/baseline_runs/noghost_scene26_89cbb1a0_reachset/summary.json	1373	16e8a27870418a9fdd093f507187213a7cf4e51f6091e9b421bb0c6b9ee44e7e
records/baseline_runs/noghost_scene26_89cbb1a0_shadow/summary.json	1367	9dc7c9c8147c9971ee7f054a394d364c265b07edbd30ceb6285d35ef1a03e53b
records/baseline_runs/noghost_scene27_867b8cd6_reachset/summary.json	2324	f5ca26aa2d651a66339b6567678fdd51965460b5d3c1f0f9bdc5f2114b9dd0ab
records/baseline_runs/noghost_scene27_867b8cd6_shadow/summary.json	2318	4e42f5cd46acaf8f2ddddad27498b04105a2ef0b2dc1310894a5ac56f33e4389
records/baseline_runs/noghost_scene28_3dd351e9_reachset/summary.json	1386	cb0515cae0544eecdf01b35434e751dc9dd2b2f493dc065d54ba13ec29d2fdc3
records/baseline_runs/noghost_scene28_3dd351e9_shadow/summary.json	1380	e86d78a344e3506e8c9178bf205a82b348bc2c5dc024b26c811abd18133601ec
records/baseline_runs/noghost_scene29_8310e233_reachset/summary.json	1373	91891abb06ac702f8afe2cd55e77580bfe881c154b1b21b257696f380fb2e7b0
records/baseline_runs/noghost_scene29_8310e233_shadow/summary.json	1367	d75722986b026b2507d32c22fed6fc845276510a81b6db511080e77315eab745
records/baseline_runs/noghost_scene30_32014e08_reachset/summary.json	2345	c486ac48847a70f5a0e9fc7b800028ac9e7e12f7b7b516994e5fb0ade6b549f0
records/baseline_runs/noghost_scene30_32014e08_shadow/summary.json	2339	7d385072ac7fa2643982b30e76541d779ffc8a89fafc29f705fe235a7bc7858a
records/baseline_runs/noghost_scene31_18824800_reachset/summary.json	1373	f83b8f4351610490525a2125d117d4efa086a6613066b83fea8bcb095d965a66
records/baseline_runs/noghost_scene31_18824800_shadow/summary.json	1367	4be18ecd14ed37355ca3a9c9fb971889a4c630b4efc9041f763c0fb9a4e7d714
records/baseline_runs/noghost_scene32_e20df268_reachset/summary.json	2370	a6e52d936171f2d20644ed5ad60c3bdbc7602f87d0e4e255ebecb96cf63eda61
records/baseline_runs/noghost_scene32_e20df268_shadow/summary.json	2364	895fc725a67613d3206f2df9ce709ff14af8bd65cfaba0692d8f52f9ad1eeb61
records/baseline_runs/noghost_scene33_3856ed37_reachset/summary.json	1388	1360d7ded415e41064eb321bd70c872f34dd04dbbe40de58067ad14d3039348a
records/baseline_runs/noghost_scene33_3856ed37_shadow/summary.json	1382	b8f65c77591a10e475a2f483503a156919a2d0f87c5af233be4283d24b24e233
records/baseline_runs/noghost_scene34_f558c81c_reachset/summary.json	1384	fa73681fb14014de5dc5c726a3a4c465a05394dadc83efca6b16a5c0afbad576
records/baseline_runs/noghost_scene34_f558c81c_shadow/summary.json	1378	24f794b32bcb0953c8e5a2641575e714a93b6f7149a657ba29fd2b98add33102
records/baseline_runs/noghost_scene35_13b0afee_reachset/summary.json	1364	f84952f08b99d12e8de689f42cb32eb80f40720fa3b5f484be385868042f6a91
records/baseline_runs/noghost_scene35_13b0afee_shadow/summary.json	1358	4780cc6f83878818f7a9e661f406ae14f53d59321f6308c9a7b1d142a3ed27a8
records/baseline_runs/noghost_scene36_2dd9de23_reachset/summary.json	1364	5f0b41d706eaf21f3b42ff668dcc65871650a17a69a5b4081af19ce773f83c50
records/baseline_runs/noghost_scene36_2dd9de23_shadow/summary.json	1358	8f052c244015d5f15610b468396ca48470d6946f193f4637731302409d8ba856
records/baseline_runs/noghost_scene37_667102df_reachset/summary.json	2353	c7d191182896b1b245b3896357324bcf4c0e5805a7aba88b83f9be43f77f9898
records/baseline_runs/noghost_scene37_667102df_shadow/summary.json	2347	e8b57dd039260d00f28f19a9b711ab05bc38d81bf8fc92182101078d370facf6
records/baseline_runs/noghost_scene38_dc8a8524_reachset/summary.json	1374	f9d63bbcbfac11bc346e4d359f66eb93ddb4ba0494b8420c2b467caa2a09726f
records/baseline_runs/noghost_scene38_dc8a8524_shadow/summary.json	1368	f6c6cbcd48a1ff768bc83d1817d80f3a944daa1c28d6551e2b3915ccb28ef2cb
records/baseline_runs/noghost_scene39_6dcf23de_reachset/summary.json	1350	cf8c860c99fd4f10140a7483e9bcc321dd1b246691f24861c7a7e1d2ca2b4047
records/baseline_runs/noghost_scene39_6dcf23de_shadow/summary.json	1344	d2a40ff1c531ea06b62d93794b50b12a5a666f6033d542ffe926a7b0e1de559a
records/baseline_runs/noghost_scene40_8dee4ee6_reachset/summary.json	1387	f0016ab4fd287fbc7e58f906c9ab9abbdc70dd201175590cf62fb0d5c8c27cb3
records/baseline_runs/noghost_scene40_8dee4ee6_shadow/summary.json	1381	9c3eb77693ad46271e5cb554a831eabf29e60ac57983641580d7d80fd5cff134
records/baseline_runs/noghost_scene41_530fc285_reachset/summary.json	1366	e8f35f44e8f4bf77b4344b5cb8369b4bb9a2f0af4d4b507cbe3a998c3b75129b
records/baseline_runs/noghost_scene41_530fc285_shadow/summary.json	1360	da6fd2d75f036f86cb1730e1378272dc5787090711a5c68a80db9ddc56054b93
records/baseline_runs/noghost_scene42_409dcc51_reachset/summary.json	1385	06385412b4a63744a0f529db8dccd42c41287b3c62fcf9658fe3db50ba854b16
records/baseline_runs/noghost_scene42_409dcc51_shadow/summary.json	1380	bbd9119e76016885592d84b31c524b23dae70b1ce0961945d7a19e678628d825
records/baseline_runs/noghost_scene43_d1e7cd82_reachset/summary.json	1366	dd90f1dca774ae5e62cbd1974a1ed97ec25dd533616a54a7058517a1dc237d67
records/baseline_runs/noghost_scene43_d1e7cd82_shadow/summary.json	1360	cd14a67e10d13c14d01fd4b558b244b39d57bf4bd5509fd850955a0abd68d1d1
records/baseline_runs/noghost_scene44_4d8966d3_reachset/summary.json	2351	19daa727072bf26c57e0bd8fbae1157498d13f79faa2f5fdcacfbe05f74e8ae1
records/baseline_runs/noghost_scene44_4d8966d3_shadow/summary.json	2345	ec99439e8ebc39645ae7077f046f49aa8c895ac0edab89449370bd6266bd2a84
records/baseline_runs/noghost_scene45_63d6281f_reachset/summary.json	1360	d47aadb3e724c3d3a4fb65c17b986d5c5e5e8b1a0fba714437e6ca939bbfa362
records/baseline_runs/noghost_scene45_63d6281f_shadow/summary.json	1355	4c2cfd1f1a493cdfa0d6bfe3f6b0a6b0c880c63678949f784c6196cc6904d9c5
records/baseline_runs/noghost_scene46_53a4d867_reachset/summary.json	1364	3ea33fa7277ad5f125d4088e95c8cad7f21607b3d0ecd2ca230048cc6c63a508
records/baseline_runs/noghost_scene46_53a4d867_shadow/summary.json	1358	51aa1af2772de00ba723abde5d8437cbe9dc5552b93172f12e4dde61398567c5
records/baseline_runs/noghost_scene47_60c4bcda_reachset/summary.json	1373	8d08e8ce935abaf669221e84a3f4b8566e518cfe8c4a3cf05dbe9dc444cde1c9
records/baseline_runs/noghost_scene47_60c4bcda_shadow/summary.json	1367	9696bcc4e11fec8912adbff32e8a548f71338df3a8bc2ca7158334b7f1c7d825
records/baseline_runs/noghost_scene48_4d7bc6d8_reachset/summary.json	1385	2245a4fbf200ab89ab68f995ebd70bf070584b91e78884e3c069215b91c80ab0
records/baseline_runs/noghost_scene48_4d7bc6d8_shadow/summary.json	1380	a7efca440aa4669697b2d06b38515e9c46e599f064590c7d57722209a9b333f3
records/baseline_runs/noghost_scene49_abf2b022_reachset/summary.json	1364	16b40b50b4ebfc898f10282255feb5e0887662f6b4da6c019acf28a010772f8b
records/baseline_runs/noghost_scene49_abf2b022_shadow/summary.json	1357	6af44df2f824025d85f9a420d961d371f5b1eebf17650ddd0397a829f09dbce1
records/baseline_runs/noghost_scene50_85bfe163_reachset/summary.json	1375	ce093e20c9fa0b93f8b2579d686c6f08c760f5c07999970e9ea9e0d38864035c
records/baseline_runs/noghost_scene50_85bfe163_shadow/summary.json	1369	bd2bb86c536d4490dfff9a2283ba8a6e460ff619552ac44d7834739091cf9fd2
records/baseline_runs/noghost_scene51_825555a9_reachset/summary.json	1388	1af63fbc788da45576d46a07ee52d8095741a7127a5d1b5de4c8a4f9d259a1d9
records/baseline_runs/noghost_scene51_825555a9_shadow/summary.json	1381	4b7c747b64c4db499206b02dabd7b9d25dcb7fd6fca8f93783ca9947b515b747
records/baseline_runs/noghost_scene52_fe6347da_reachset/summary.json	1386	be734b8a97fa00a8042989acfaf34f0ad94aeede6d6a224d51aced074c1ace51
records/baseline_runs/noghost_scene52_fe6347da_shadow/summary.json	1380	926c08f6db07a5ccf6a3957a303cb64677d111cda9aa01655eb4a522313644ea
records/baseline_runs/noghost_scene53_1fcf34b1_reachset/summary.json	1354	bce53db1c58357cb4cd3089ace9b722c6ab59a89aebc37aac560d607744ebf0b
records/baseline_runs/noghost_scene53_1fcf34b1_shadow/summary.json	1347	7cec6dee1a086b07618b2a103852f37709a5810ba1f79f5e0054a7488861f8c9
records/baseline_runs/noghost_scene54_f14a94fd_reachset/summary.json	1385	34679e84daa8dfe4527553286bf9528f00da146d150b42c065bbe1e5cff948a7
records/baseline_runs/noghost_scene54_f14a94fd_shadow/summary.json	1380	ff56a9e361d4ea16632adddbdb25879b8a44a52bebacaaba9ee876743f1a14af
records/baseline_runs/noghost_scene55_a121eb26_reachset/summary.json	1359	970bf48c20d3e00ae91437c6e521bd82d55956e225a79ae026487cb80219fd87
records/baseline_runs/noghost_scene55_a121eb26_shadow/summary.json	1354	837560123de586437c8c525588fb8e48c546c8e58f03cb0810c1ed0b1a627372
records/baseline_runs/noghost_scene56_38b1ab16_reachset/summary.json	1386	39f95483d403f1697585a43565f174d035486fefe53f522585cd6f2e830dbc0d
records/baseline_runs/noghost_scene56_38b1ab16_shadow/summary.json	1380	b194c8598011e14935a875a2ad48deef4d0488b0f5f7ccd3798b2c55a3a9c04d
records/baseline_runs/noghost_scene57_bcb702fb_reachset/summary.json	1362	ce63ceb2c73f37a76f7b08030496bbbdc2555ddffc3daeff544fecb04d5d654b
records/baseline_runs/noghost_scene57_bcb702fb_shadow/summary.json	1357	0be70267936a99fe1e08a46cc71309b2bd489f237573884f573b7806d207bc5e
records/baseline_runs/noghost_scene58_9a8a8f31_reachset/summary.json	1365	1f348feb0f0348e9fe34e37c420c18cbc47d23643bd74d3074d4c5e0b2ff1ce3
records/baseline_runs/noghost_scene58_9a8a8f31_shadow/summary.json	1357	ffa665921e8f477a5b077a9fe0a5379e03e75f9964e47a37ee8e29ce48a50239
records/baseline_runs/noghost_scene59_10db974c_reachset/summary.json	1389	aec484bcd899738ab370ff5121dbbd27f00d26d712c51e84d8a9601fda6240f9
records/baseline_runs/noghost_scene59_10db974c_shadow/summary.json	1381	9f1776beb45882eb83db6d4dc978776c534e763e5ba77c23ee721041e1a65333
records/baseline_runs/noghost_scene60_480c05be_reachset/summary.json	1376	bf1eb2b0a6a21d2cb4b3b35171e09658640aebc3f024a6ac8aa07f132593f46e
records/baseline_runs/noghost_scene60_480c05be_shadow/summary.json	1370	9a3813e78682ef42e7661ca90201fac45d34b1e3c7575ea440b477f693a98077
records/baseline_runs/noghost_scene61_d567a51c_reachset/summary.json	1387	454b1112269745f3688e76a8e00713fde6eb4429691656e8917cccd58c9b727a
records/baseline_runs/noghost_scene61_d567a51c_shadow/summary.json	1368	b2d9ec1cd3b4438b9220052e91ea8388c62b9a94eb6995469e797d03dd69233f
records/baseline_runs/noghost_scene62_16e57601_reachset/summary.json	1363	b33a311a9d51d791c5fe091cd9482163926bdc3492d63135858f612401b08acb
records/baseline_runs/noghost_scene62_16e57601_shadow/summary.json	1357	d2229cae39f702e2cffb8d7603940ac5ce24a691d4e8c4085a3b98a3a1c609e6
records/baseline_runs/noghost_scene63_1fb98468_reachset/summary.json	1387	6c5553b7da953ca43a8d688c304647e0c8cc378f0ff03f4050131bf8ab4b2a0a
records/baseline_runs/noghost_scene63_1fb98468_shadow/summary.json	1381	2635a560c273d569efe9a75fd8dc12065a50cd7fa723bb2fe0f1f6f1b2da6e0c
records/baseline_runs/noghost_scene64_ad8fbb5d_reachset/summary.json	1363	4d21b3bbbd15560ffcd6ffab677ffb5094e2feb9f3368533e99ad16781faa710
records/baseline_runs/noghost_scene64_ad8fbb5d_shadow/summary.json	1355	b79dbb40fb1729e3e6ffaf47be7c81a5b3ab1ed3dd24120851fa339f282f0fd7
records/baseline_runs/noghost_scene65_43da3f31_reachset/summary.json	1361	1388b4738dd35a2af8a531f7fb49af6117fa5f5ce46081bde108eb0ca407aba9
records/baseline_runs/noghost_scene65_43da3f31_shadow/summary.json	1357	c2dd48a8a82280e2e49f097df9ac4c789d81da9456afae8011c554fbb34d9635
records/baseline_runs/noghost_scene66_342eb101_reachset/summary.json	1372	0a4437a4b5d31075d1c571b4b5ad87105816e74524fed3cf199040bcdcedd6d7
records/baseline_runs/noghost_scene66_342eb101_shadow/summary.json	1366	4095fef156263f6bb52a99eaaaef8749b3a89d931dc9b5c382543cbd1106aa5f
records/baseline_runs/noghost_scene67_560f71bf_reachset/summary.json	1374	95b470475def8c1ceeac6ff26ea98555fed24fcb89b70bb44323cb8e549b44d9
records/baseline_runs/noghost_scene67_560f71bf_shadow/summary.json	1368	daba535b1f67ce3fc7ba32a7225c79c9dd70fb1abe78768015bb7d07b05ce751
records/baseline_runs/noghost_scene68_28bdcdc4_reachset/summary.json	1381	d1542884f420f04f99ea53f4f67c5751fa41d1bfe40f2d753278dfbfc6520781
records/baseline_runs/noghost_scene68_28bdcdc4_shadow/summary.json	1377	79690db90e7c5e0886bfaf971dabf2bb451a466b13f44da118f1e50a39e7b3e2
records/baseline_runs/noghost_scene69_683cfaef_reachset/summary.json	1385	c0bd1f6af5576e689b11ab1ee6eb0fc4cf4ed98ec4b17328519ccefcb4ee9e94
records/baseline_runs/noghost_scene69_683cfaef_shadow/summary.json	1379	4ae5dd939b56d41d8d6f3a85d976bb1aac532772333c0b17ef7849701791accd
records/baseline_runs/noghost_scene70_9b408388_reachset/summary.json	2361	22fc0dadf0672145c9e4369e7728daebbede560218fe0ae29ce6e49e63f0add2
records/baseline_runs/noghost_scene70_9b408388_shadow/summary.json	2354	56dd0a412db25bb377e5306b477349b345b73d3702297787f825eebe7a524fa0
records/baseline_runs/noghost_scene71_912e3348_reachset/summary.json	1371	18ddb0d236f785141b482faaba82c79a306c1fb80b71f88cecee89028fbe6b2b
records/baseline_runs/noghost_scene71_912e3348_shadow/summary.json	1366	77d86c0ea87f2bdad02fd3f4258e5d2b2bbcf62ac9c9bc07185e506b4514de56
records/baseline_runs/noghost_scene72_6bb2154f_reachset/summary.json	2365	98b7f487644c44fc0da56dedf3a5787d8d8c1f66269481e47149d0a757b7ed67
records/baseline_runs/noghost_scene72_6bb2154f_shadow/summary.json	2359	0fca498c9e8bb5e4aeedc5de8f872c6f76af66aef982838dcd0ae5d9c54657d4
records/baseline_runs/noghost_scene73_d4030c16_reachset/summary.json	2360	65cd38bc6a914e9af8e2388732abd93f06f60ff0a90ee8cedeb91ff7181f96d8
records/baseline_runs/noghost_scene73_d4030c16_shadow/summary.json	2354	7c31446e714f8ce9cf38ca51ff73f29fc89b867a979ce6c19ad07c9e51a10dc8
records/baseline_runs/noghost_scene74_758f7517_reachset/summary.json	2352	eaa38273c2b965284e2bd175897a860e67798ea254028e27fd26679a3a626e67
records/baseline_runs/noghost_scene74_758f7517_shadow/summary.json	2345	98fdb8e14063090dcf80e206eac16cb585681c028d34a64e0ca3ffeedf0e588e
records/baseline_runs/noghost_scene75_8195475c_reachset/summary.json	1385	0671f320fbaff6d58dd703b9fd479da7b077d69550f416a14f1629cf8f7f74d2
records/baseline_runs/noghost_scene75_8195475c_shadow/summary.json	1378	f593296dfd5025fe57ee94e065a5cf8ecb7ff50d7eea59df2f55dc499b3563d8
records/baseline_runs/noghost_scene76_9658c5ea_reachset/summary.json	1361	6b2e13938eb2088ad818327fe1b1782d003f09b6f168dfa684d5c875bb9850ae
records/baseline_runs/noghost_scene76_9658c5ea_shadow/summary.json	1355	69656c291a02a029ba585ffe4e12233410425ee0adcd46b77cd50cea72b8536a
records/baseline_runs/noghost_scene77_61f018bc_reachset/summary.json	1374	bad52c0b8a3ca1009efc428f54d3ef3d7c0f203e96d0430084113420952a7473
records/baseline_runs/noghost_scene77_61f018bc_shadow/summary.json	1368	e01e6b7cfd5892cdee4ee8cabe39b9bf017c3fb9402b3d1cd6a8e8a6bcdc0d37
records/baseline_runs/noghost_scene78_91b87407_reachset/summary.json	1390	8aee03abda0d2c08223b9941b72d04c33031a37f2a54827c1dc8b0440fe9ae30
records/baseline_runs/noghost_scene78_91b87407_shadow/summary.json	1384	5eb67fd8e535bd2b6a3926757becfef0f042aca097f5f07cd2b923eccfdd1a93
records/baseline_runs/noghost_scene79_8e76ea99_reachset/summary.json	1389	90807e0a5529222ebdedd5cf3d2396e3ccfda9346542e2cc2706d170e147b987
records/baseline_runs/noghost_scene79_8e76ea99_shadow/summary.json	1382	6ae0d1f175412d31535daff960abea6ab1f057ecded1a0151ddabcfba41d8750
records/baseline_runs/noghost_scene80_de079416_reachset/summary.json	1385	70b0c711fa741c9ff3f0efce1406549ff2ee1f9ce3e5316a9c77d0418a40f015
records/baseline_runs/noghost_scene80_de079416_shadow/summary.json	1379	6c1440d93e7be6aad2cebdb7ebfa28d4d769ae5239defe6adcaeb05bed4af5e2
records/baseline_runs/noghost_scene81_851786ad_reachset/summary.json	1388	023a7c50c178e77adf71d926a34a12f7c860b82ccf273251b2fd4e02265ebd95
records/baseline_runs/noghost_scene81_851786ad_shadow/summary.json	1382	61110796f55a6596918e2073390639133d45ecf554c9823af8102950a7a5279c
records/curation_audit/candidate_pool_audit.json	1397	67998434f2449154450c73700c4c050bbee671b11424326ca17aea8a523daa9d
records/curation_audit/candidate_pool_membership.tsv	6806	d89c20447d8115360c1b545673dad10b68219b0725e5fa6186288b134d65cfe3
records/curation_audit/ghost_trigger_status_88_valid_scenes.csv	6503	e9f6369ddcadc9afc917cc07efdd8024cd08523d3814499a90ecf73b53589774
records/curation_audit/ghost_trigger_status_88_valid_summary.json	26179	d6d74af1c16bb70d809da7ed760e8740321f0952624366e516d03ea9eb368842
records/curation_audit/ghost_trigger_status_88_valid_tasks.csv	266810	c67782d694050439f23a1c52ce603a2fe66e20479a613743b0d238fc9c7a824b
records/mechanism_case/aeb_only/scene_d567a51c_d567a51c_aeb_only/config/d567a51c-0e57-4e40-885a-36f5f8f99dd1.json	672	db53cf7715b05e3318a13b0d580d5c4e96109dcf8625fdc60309a091e910f63b
records/mechanism_case/aeb_only/scene_d567a51c_d567a51c_aeb_only/imgs/collision_report.json	480	329d5c4930d68a8a96fa784a9c1a954b3a559b0ced17dd680af054032e61526b
records/mechanism_case/aeb_only/scene_d567a51c_d567a51c_aeb_only/logs/log_ghost_exp_baseline_20260719_211947_374703_W20_L01.csv	10373	92dfa09519db6ef5cbd693b6a81b03abf325cfb9f050d72f9b4e45c3544c171b
records/mechanism_case/aeb_only/scene_d567a51c_d567a51c_aeb_only/run_summary.json	1820	4ebb2b3a05905f4dc7f53ab4a6e63d12491c6393c788825018b1f9ed1283f229
records/mechanism_case/aeb_only/selected_records.jsonl	1544	3df7df07f2f6e96de52b10b23bfa2c84dba341a531dea014171b31e7d6050a0b
records/mechanism_case/aeb_only/summary.json	1942	a0b58e0286c068ca7bc97cebe6b2b1fc28ad32b2a1d8f0545f80c36bc66e0cbe
records/mechanism_case/mind/scene_d567a51c_d567a51c_mind/config/d567a51c-0e57-4e40-885a-36f5f8f99dd1.json	660	80bd0492807580b981a02592fd226f067b4346497fcbcc33171ab288c5fa8296
records/mechanism_case/mind/scene_d567a51c_d567a51c_mind/imgs/collision_report.json	479	e48843734dda346cf2a2f3f6142353392953390076147ba599488681d37bd0c8
records/mechanism_case/mind/scene_d567a51c_d567a51c_mind/logs/log_ghost_exp_baseline_20260719_211945_962446_W20_L01.csv	10547	5db6f1c63274570cc57d29598a46f8a92d64f990120a7aa7e7694a9263916735
records/mechanism_case/mind/scene_d567a51c_d567a51c_mind/run_summary.json	1798	2ab0a43f57d54dbcbbe75ea6e005b29fe4582b501193d2ff9fc2edb1f082c4e4
records/mechanism_case/mind/selected_records.jsonl	1544	3df7df07f2f6e96de52b10b23bfa2c84dba341a531dea014171b31e7d6050a0b
records/mechanism_case/mind/summary.json	1917	83e88975664fc4f7d54c315216d2c5550d8a387f828ab494b231a0563ced36ae
records/mechanism_case/ours/scene_d567a51c_d567a51c_ours/config/d567a51c-0e57-4e40-885a-36f5f8f99dd1.json	660	1591212c339b1ee5d4874a8fd9c789eb14cd4f2f076536a8198dc24f16b98eab
records/mechanism_case/ours/scene_d567a51c_d567a51c_ours/imgs/collision_report.json	2	4f53cda18c2baa0c0354bb5f9a3ecbe5ed12ab4d8e11ba873c2f11161202b945
records/mechanism_case/ours/scene_d567a51c_d567a51c_ours/logs/log_ghost_exp_improved_20260719_211945_905917_W20_L01.csv	12378	5361dd71d57a9f0dd864987062b7596495652bfd238e78c354ecfcbe247c8d07
records/mechanism_case/ours/scene_d567a51c_d567a51c_ours/run_summary.json	808	e9cf4453c6983a560647570621a423c23e9875d167dd9c2789c016bd8b23ed6a
records/mechanism_case/ours/selected_records.jsonl	1544	3df7df07f2f6e96de52b10b23bfa2c84dba341a531dea014171b31e7d6050a0b
records/mechanism_case/ours/summary.json	845	4aee7f8f5c50e0f87398752f393469582bac17fe93c763ccd056a5ea1206cc24
records/mechanism_case/scene61_record.jsonl	1544	3df7df07f2f6e96de52b10b23bfa2c84dba341a531dea014171b31e7d6050a0b
records/primary/clean81_ghost_strict650_20260613.tsv	329983	43c2c24932378ee5ce78429bf2f2d7e90c3c7d299c62edf924e4756ba83dcf8b
records/primary/clean81_ghost_task_details_threshold3mps_20260607.tsv	330783	c722a299a9e33d61c1de2a5931ae864296878972acad7630926d01f3118b5bb2
records/primary/clean81_noghost_efficiency_details_20260607.tsv	43520	e1e2fe85e24bdb76e82307078a888eef7f2d24d77d90bad35bbf2e2ad80eab28
records/primary/speed_sensitivity_paper_table_excl23_44_70.tsv	677	81178be4cc11925511bba5b5aaaa2627307bc82e9678516923428a8b7bca1f9e
records/sweeps/e1/eta0p4/ghost_s01_d4/summary.json	1908	4d330fa8632b52a5c352814073f762c35fd917194375c4bdae3a60602fbfd78e
records/sweeps/e1/eta0p4/ghost_s01_d5p5/summary.json	843	2717635f81a034f2bf42dae788b9cc7115ea25fc40ed6fb5cb962855fcdf47e0
records/sweeps/e1/eta0p4/ghost_s06_d4/summary.json	1942	3be814f18f2dcb6742e5f47782e4bd38b983347053bab2fdd14ab1fc88ad960c
records/sweeps/e1/eta0p4/ghost_s06_d5p5/summary.json	865	ef13c4a69aedc083ea1c7579023b861a363dc9e99f58a7e11ee0a8228fca08e1
records/sweeps/e1/eta0p4/ghost_s07_d4/summary.json	859	618acf8c44bf6d51d92aecb8365a4e57da75519465b4fc5fc929d89c51216bd1
records/sweeps/e1/eta0p4/ghost_s07_d5p5/summary.json	865	7464bd0619cd39b795a86f420ecf32f36d843693cbbdb731ff757f1e737d8f49
records/sweeps/e1/eta0p4/ghost_s08_d4/summary.json	1924	ead60479bd6461fca65f04f863c1d8d76685d6818e12398bd1ba6986952df592
records/sweeps/e1/eta0p4/ghost_s08_d5p5/summary.json	865	2eeaff159bec60c2923726daa244772b5e89d8d2fe4cc4713bc457fb13a0115e
records/sweeps/e1/eta0p4/ghost_s10_d4/summary.json	1941	534d7faea71bfb6c675a318700d4051f899fb2cc0884d421935592223118a3d9
records/sweeps/e1/eta0p4/ghost_s10_d5p5/summary.json	864	4c600d32c4424599b908ca99e4dc378c428fe6c4cda91b4904bd7e4e6e46bf58
records/sweeps/e1/eta0p4/ghost_s18_d4/summary.json	1937	43ac4315ac97c0d57df24d70537a60b4bed503fa0763efabb1b522fbc6eff24b
records/sweeps/e1/eta0p4/ghost_s18_d5p5/summary.json	865	e09cc2f7660caaa922bfed98b238b94bee0fbd68e5876605154371bfe922f503
records/sweeps/e1/eta0p4/ghost_s25_d4/summary.json	1930	ac455ee2bb44cdc207cc2fb4ead74cd8987a778bd3af54e1f13d5efa971b4b94
records/sweeps/e1/eta0p4/ghost_s25_d5p5/summary.json	864	208241c3b20094ba732f59cd914db1c58a92e20ad1336ae296edcc24180d3816
records/sweeps/e1/eta0p4/ghost_s27_d4/summary.json	1927	dd31f47dfb88bb48b2408f10462cd579943f1b5c2c5b76528be903278ed60088
records/sweeps/e1/eta0p4/ghost_s27_d5p5/summary.json	1938	e7f497de8db98e29dd9fa9cbafe6298dadec354da71e845df592f70c4806b0a6
records/sweeps/e1/eta0p4/ghost_s30_d4/summary.json	1917	d5f42158ec2db5570ede689d394bc3d90dd48b7f56578cf4f8d550c03a90cf32
records/sweeps/e1/eta0p4/ghost_s30_d5p5/summary.json	863	5ddbe1d48cc1893bea01dd8217ef09bdcc5e6edf538357519135e1139c7537a8
records/sweeps/e1/eta0p4/ghost_s35_d4/summary.json	1925	e47a0e5f40d29b236d1f17a08d6a0d9e9b6442fcd15d227f2ba4218bf5ac2948
records/sweeps/e1/eta0p4/ghost_s35_d5p5/summary.json	866	4c3c07fe7effb0233d4c76af1353da81ff63c6f7e5688affcb1aaf91748ef7b0
records/sweeps/e1/eta0p4/ghost_s36_d4/summary.json	1932	99369611ee720b58d4493b885e9e6173759172f8dbd7b7cc70a78c94410c9ca6
records/sweeps/e1/eta0p4/ghost_s36_d5p5/summary.json	1937	3d3b2a6118159927cb95c967b6b941b03d99b9295e886a4ecefac8c996c6111e
records/sweeps/e1/eta0p4/ghost_s37_d4/summary.json	1922	634b1b13d48398784d0dc697b15f34de79bb1f1814baf7d2389282f29ff4879c
records/sweeps/e1/eta0p4/ghost_s37_d5p5/summary.json	1933	30267d2cf8de7b17e47cdbd893769c19c8669b9f6928c3c3c24c29789286dbf8
records/sweeps/e1/eta0p4/ghost_s40_d4/summary.json	1932	304b09b043f138bd37d9f6baee44c1dd8ae84fa038dc2f4398fa6f9ee9697a15
records/sweeps/e1/eta0p4/ghost_s40_d5p5/summary.json	1938	612644602aa3f57c6ce3ee3a3fc6307e4e384f8ae465d272418514f57565477f
records/sweeps/e1/eta0p4/ghost_s45_d4/summary.json	1921	d2082a825bcb85e2941638876a15b0d6d496b7462c98ee6c1ccc2f5490f5e1b5
records/sweeps/e1/eta0p4/ghost_s45_d5p5/summary.json	1932	98c596fdae625dc5c85b70ffc49d75140d58498771fa2bdf6043c5b7be0fb52c
records/sweeps/e1/eta0p4/ghost_s46_d4/summary.json	859	f8d8fe34caa314ddeb510704fc08899da8c1e2ee81298f8bbd1c391ee093e5cb
records/sweeps/e1/eta0p4/ghost_s46_d5p5/summary.json	865	9a61007271d2edc7549b6cc2ae03b8156cb862875ee64e8731a3c74d1888aabd
records/sweeps/e1/eta0p4/ghost_s49_d4/summary.json	1941	bf06edf1dc8054f226060c9ffc6038e37fe04323e796a4956d45d2ff47474a1d
records/sweeps/e1/eta0p4/ghost_s49_d5p5/summary.json	1943	cf1ebb94221585c7ba6a28d5bf09c76023a7d1c171b0b0e694c6091824a4b85a
records/sweeps/e1/eta0p4/ghost_s53_d4/summary.json	1928	3a6d42ae4c203182b5b121551020f188018154f3a91f048793f4bc9973ba3d0b
records/sweeps/e1/eta0p4/ghost_s53_d5p5/summary.json	866	1b89e5da145119049b08edb34dabb2160c7395683d823ef5a4f29da4fdabe4e9
records/sweeps/e1/eta0p4/ghost_s54_d4/summary.json	1916	4b6d71b319dc92ed03265c90eb1bce6bc998bffdb222622cc7fd1c46b10157cc
records/sweeps/e1/eta0p4/ghost_s54_d5p5/summary.json	1922	c536bf0ab48585f84713e303e29ce32d3b2e6d43ca22c8969012eb531202c662
records/sweeps/e1/eta0p4/ghost_s55_d4/summary.json	1931	d85ba7c780cede526ef97ca95b9f4bebc869346c58c2ced114654091c89256a0
records/sweeps/e1/eta0p4/ghost_s55_d5p5/summary.json	1941	36ada3aa9a2b8e802550923437b0f86f59ea7ac75c450f3dfe2c5efb8ec2e344
records/sweeps/e1/eta0p4/ghost_s58_d4/summary.json	860	33f03160e70dab915afa39b742359d1ed269c35835ea7afe7f0867e2845cf37b
records/sweeps/e1/eta0p4/ghost_s58_d5p5/summary.json	866	c0ecaafc1db7e34ce8d6bc400eef197c53474108f89f1f87e5c2641af12878f3
records/sweeps/e1/eta0p4/ghost_s62_d4/summary.json	1928	8c27e4caac74dd34567457d3d9d0ed58e5684041201b03154ce8bc4c6f996653
records/sweeps/e1/eta0p4/ghost_s62_d5p5/summary.json	864	b5cc793fc0b68373cf7921aa524ebe44927b32010cdd8cdef96aceec5cf93b80
records/sweeps/e1/eta0p4/ghost_s64_d4/summary.json	1900	27210b81f2f0b7da6ea17e9cb634c4a3e416c84896b74a6b16ed97c0c24004a1
records/sweeps/e1/eta0p4/ghost_s64_d5p5/summary.json	866	a1ae927ca7071454d38a7d40a76e5124835a05b6fbdfb52432660edeffc38d10
records/sweeps/e1/eta0p4/ghost_s65_d4/summary.json	1929	2edd581052f38d4ba26b9cdc1dfc9d6306964188df5d8a6f97501e823d4bcd4d
records/sweeps/e1/eta0p4/ghost_s65_d5p5/summary.json	865	ce33fd86baef578e58964b8917c90502cd9657a5652b2ca1754d7b43173e0f53
records/sweeps/e1/eta0p4/ghost_s75_d4/summary.json	859	af944536586426247122606db1005511268c12f06f4433f9094c424115b7f534
records/sweeps/e1/eta0p4/ghost_s75_d5p5/summary.json	865	0e293991f55f5562d36b13a01d2e89f812483538a7da0804d7502ebbb511594e
records/sweeps/e1/eta0p4/ghost_s76_d4/summary.json	1914	98c442583e60a550e076075a3a3677cec920cd057dcb33a21a7edb851b991924
records/sweeps/e1/eta0p4/ghost_s76_d5p5/summary.json	865	4cfd9171c7c16b35d0d156a7dda104bb9a77b22198532a9c633d1c6122e93e44
records/sweeps/e1/eta0p4/ghost_s77_d4/summary.json	846	20ce039cd21b5ac53a3a5fbdb4d70c4c56ceaeb80b1e4c32e3f083d202a40928
records/sweeps/e1/eta0p4/ghost_s77_d5p5/summary.json	852	f2aca8dd83855fe8ca393b93a837ca4379c7fb8088c0427e428f4bc0e3d341c2
records/sweeps/e1/eta0p4/ghost_s79_d4/summary.json	1929	190dd75f7b7a6b7394886287bded0fd240008b083a70bb091a1c70d5c97ce5d9
records/sweeps/e1/eta0p4/ghost_s79_d5p5/summary.json	865	3f2c57d83b0f507cec657b8107cbdec78cb985bba059151665662fe2f73f3e66
records/sweeps/e1/eta0p4/noghost_s01/summary.json	1203	8fc2bb53e114bb83e15f6aa6634de1f97ecff657707e5a1be5a00d4d61d09d51
records/sweeps/e1/eta0p4/noghost_s06/summary.json	1238	4058029b87bab009ae5c397230c4e2b9cf8fab2a5175551823c96b56bb446279
records/sweeps/e1/eta0p4/noghost_s07/summary.json	1227	19630c7ed33285e88e211c41ef2f87e8c4bb4c09769f1dafec66550df0b5a0f7
records/sweeps/e1/eta0p4/noghost_s08/summary.json	1230	3d94f3e7cf0b0c887d730ab4e653b5a4423771fc63af8f9adc2a9814a5869e2b
records/sweeps/e1/eta0p4/noghost_s10/summary.json	1216	f39e9b99013ca87b27a1350c2770ebe8d7ac84102c3d9f14a175bea6e439e9bf
records/sweeps/e1/eta0p4/noghost_s18/summary.json	1240	5830c8c6a09184e409df9f3098d9617ec3334fb45ca52a5b389d480b9876e381
records/sweeps/e1/eta0p4/noghost_s25/summary.json	1232	5feeaa349cba9b5782470aee907031177f9e73385867d727e000d438af7db20f
records/sweeps/e1/eta0p4/noghost_s27/summary.json	2189	d5b6506265aeea166c7efb345501fa48d2e18dabaad56bd4ffcccda65ca89cad
records/sweeps/e1/eta0p4/noghost_s30/summary.json	1220	263fbe1b258502cbee71f60ad7b492e4571e8747e9713b0ed887509e9d0c2720
records/sweeps/e1/eta0p4/noghost_s35/summary.json	1221	d1e72a22662497340fbd49766f7d8b3908a9af234cfa81b7462896b082b2468d
records/sweeps/e1/eta0p4/noghost_s36/summary.json	1234	a6c23a5a8e2b2667d9894d9ac8561c49cac4d07385fa3d8d8f5a177b2bd3e0af
records/sweeps/e1/eta0p4/noghost_s37/summary.json	1240	5215b0d30bfc0613f889baac7cddb8c1a194258cb3162dfb67f67d16a1a5b239
records/sweeps/e1/eta0p4/noghost_s40/summary.json	2233	719131d690a84049d880ece9fdcd351e1917497709bf1aa9f2ae2e1a0215217a
records/sweeps/e1/eta0p4/noghost_s45/summary.json	1235	78bcd346bc94b3a72c865f65e83455fd307e5a0a2f25469bd5f98e31c8bec01a
records/sweeps/e1/eta0p4/noghost_s46/summary.json	1222	278329b44430a9b39eac85f396e5274ae04a8204e0a603336665da552597665b
records/sweeps/e1/eta0p4/noghost_s49/summary.json	1221	5710c5c76573540ad654c2e68bb1f0620b327cc940274dfe64bf2f7834d134d2
records/sweeps/e1/eta0p4/noghost_s53/summary.json	1218	3b19a23f0cfac94577cc0f03dc248f9f7c4eaa2be7f5f08c25f8c9b840329cc0
records/sweeps/e1/eta0p4/noghost_s54/summary.json	2243	e38e8aae623070d3fcfaa8a94e495dd42a13cee4ca9608877ddc2615d587bc4b
records/sweeps/e1/eta0p4/noghost_s55/summary.json	1218	c3da6475e5744b30350e20078c541c140c422a8b55d9f3892eee52c02e26546f
records/sweeps/e1/eta0p4/noghost_s58/summary.json	1236	1b2f8ffe2da711654f2cb8038fc07bff0d3cb296f07e9785049cb24ed3aa9af3
records/sweeps/e1/eta0p4/noghost_s62/summary.json	1219	37a4816bcccb4c3162530cc2de497700ba9b31b1ebc8d100dcfbb6c467ccee52
records/sweeps/e1/eta0p4/noghost_s64/summary.json	1221	29adde3f259348c7de8ceea00b2e2db325c77822641cf9dc2f3beaf8b57f11b6
records/sweeps/e1/eta0p4/noghost_s65/summary.json	1220	47d92fce5e2782727548653d577b212d97a294720c9fccc946313c3fa813e3e2
records/sweeps/e1/eta0p4/noghost_s75/summary.json	1241	e9f874f1666030dac6191b6059a0a91db510dfad48acd86fa5029c396fe60f46
records/sweeps/e1/eta0p4/noghost_s76/summary.json	1225	875b8b93d6751d02d96726a3b39b6d0916891dac56b6edf5c7788efcc5bb349e
records/sweeps/e1/eta0p4/noghost_s77/summary.json	1241	ce9e8c7286ef7b560ceab89ee8fa33593651723b9ed5363bfc219f1fcc302c25
records/sweeps/e1/eta0p4/noghost_s79/summary.json	1221	e01db46d6002121390eec14368025bd2ae62df38a06f0aaf440459ba34a0a37d
records/sweeps/e1/eta0p8/ghost_s01_d4/summary.json	1904	69e47ca1a43b4c991ad7d28f5a742321f8cbf60f86a34d3653d9979cdc110ab3
records/sweeps/e1/eta0p8/ghost_s01_d5p5/summary.json	1912	13064536e89ac3f7008087b245216ab6c879a8ebcb4f139a059e57f0bf83bc30
records/sweeps/e1/eta0p8/ghost_s06_d4/summary.json	1937	132625e3c5a27408ec49b81eb5126b53878c0f7b4e2681cf00d71f234e249a12
records/sweeps/e1/eta0p8/ghost_s06_d5p5/summary.json	865	929726333222edf0501396f378899042e8ece5fbba42cdb2d16dad84268d470b
records/sweeps/e1/eta0p8/ghost_s07_d4/summary.json	1936	69229674064194fd72227904a45e30217deff1779b3a5a2725665ca63ee49ca2
records/sweeps/e1/eta0p8/ghost_s07_d5p5/summary.json	866	0b5b79fa922f28d6bb96c6aabd38409165e95dccef77f2c44fc245b85ca75b00
records/sweeps/e1/eta0p8/ghost_s08_d4/summary.json	1925	f0989d36de75962cfa6c1ed4b3b24d21ba4c84b2e1616dd107a777d643cd324d
records/sweeps/e1/eta0p8/ghost_s08_d5p5/summary.json	864	7105727ccb2b199782d2e27de1c27e30d1fb528d6679c40a010a713c60d8f37b
records/sweeps/e1/eta0p8/ghost_s10_d4/summary.json	1941	ed40be79e3ca402a167c281eeb3aec7f4e8b2010db578da01bd891c342bdc73f
records/sweeps/e1/eta0p8/ghost_s10_d5p5/summary.json	864	c61791db235b15455f14a9b442516ce244c6ce5a1a2c680ae11de13204b2d706
records/sweeps/e1/eta0p8/ghost_s18_d4/summary.json	1935	e21d346728338830cd9449b2619dcdfac71938009861ef82ec5c04674910a326
records/sweeps/e1/eta0p8/ghost_s18_d5p5/summary.json	865	04615bbdda66fa5c4bc178f6b300963e867f2ddfe078d26cbe4c11cb9c61081c
records/sweeps/e1/eta0p8/ghost_s25_d4/summary.json	1930	66791bae4a64994a1fcaf43e814bfa0e433530bc6e7235c89f0a2b5c6bdcb1cf
records/sweeps/e1/eta0p8/ghost_s25_d5p5/summary.json	864	7ec95dc3af19b79f99a1d6c348e7dcc42f2738ebc53c1d490cd461a481a6a19f
records/sweeps/e1/eta0p8/ghost_s27_d4/summary.json	1927	9e3bf90f5533516affc9343f29b9edeca93ec4d794e46e2e72e07eb972b926bb
records/sweeps/e1/eta0p8/ghost_s27_d5p5/summary.json	1938	49c8ab2c4fadca91d71f0d1fb045420bc9e4c12f8632acbc0fdfd68a1e58052b
records/sweeps/e1/eta0p8/ghost_s30_d4/summary.json	1917	cbcdd8c14988a52dcfb0a6c9affe2e3b7803f35274e5afc0aba445b58cd871e4
records/sweeps/e1/eta0p8/ghost_s30_d5p5/summary.json	863	83eedd8b27ccfe9808594dc2a6f96e92d29bbe6afea3cd2c5ca1921db9a16d95
records/sweeps/e1/eta0p8/ghost_s35_d4/summary.json	1925	90a2513f5fba5663798d9c8dcdd3babe74be3ab5724d6c99718db7431c7b81c0
records/sweeps/e1/eta0p8/ghost_s35_d5p5/summary.json	866	02410e806a4f2b6f57c53e70c0c67efcec099be614815c350255c42039314c0b
records/sweeps/e1/eta0p8/ghost_s36_d4/summary.json	1933	1faefd167fc7a23269c780f905b40a64a45e594cf92e4628c7dbaa3727675baf
records/sweeps/e1/eta0p8/ghost_s36_d5p5/summary.json	1937	1a56bdc48bcf6798f4dc25dd43b026a66adbb8864f2ac719ba532f84610a8eec
records/sweeps/e1/eta0p8/ghost_s37_d4/summary.json	1919	2f5e7659770aa0a702ed6971e95309586da24fab704a1e24e03716dae6d10960
records/sweeps/e1/eta0p8/ghost_s37_d5p5/summary.json	1926	1c2051d1168be0eaebd09db87d2f6201d097e9c0c64be5c3ec85d65b01ee9acd
records/sweeps/e1/eta0p8/ghost_s40_d4/summary.json	1926	e132f9ff2f67c304a329d20e28a6e4af4ed3d909c1d9f1dfdb28b105ce992df1
records/sweeps/e1/eta0p8/ghost_s40_d5p5/summary.json	866	0bfef4761eba41e959239cff2e32c83fe037e87fd4bca8270e97f014103e8352
records/sweeps/e1/eta0p8/ghost_s45_d4/summary.json	1921	d2df5a9a5c333b7b68efc60414bc3302c45e1706cfc48f1907f51f6ea73c0fef
records/sweeps/e1/eta0p8/ghost_s45_d5p5/summary.json	1932	65673c80c9df71ca89353e1984101fa5baeaadaf80d8e129d03940449a045d4c
records/sweeps/e1/eta0p8/ghost_s46_d4/summary.json	859	485a4f2230d94f8631b4cd1df00172a0c46461f1b819ba0d9a580021ce199b4c
records/sweeps/e1/eta0p8/ghost_s46_d5p5/summary.json	865	98538149c43a9fac26997c3de7090e5f8e8ffcff2130bc06883a536b0ff86d42
records/sweeps/e1/eta0p8/ghost_s49_d4/summary.json	1941	1c2696a0b8efeb975b5dc94809f6bb341ba411ffbdcc1ac1f80eb0c7e562b8aa
records/sweeps/e1/eta0p8/ghost_s49_d5p5/summary.json	1943	629a7e52dade2088a7a760701669c88ca6fe22d53500e95499efa80924efc159
records/sweeps/e1/eta0p8/ghost_s53_d4/summary.json	1928	fa09b73ae03bab8ab9b31d8c6248a57c0c677ef4dbefd14d08d59379f5f8b489
records/sweeps/e1/eta0p8/ghost_s53_d5p5/summary.json	866	2fd69defdf3b64d3b3020933598f5964d6b60743d09567b2ad16c628e4b98fd5
records/sweeps/e1/eta0p8/ghost_s54_d4/summary.json	1929	9cae438df312776fdd3a719b4fe59b253152d34436f1264bcb3d79065ea34f85
records/sweeps/e1/eta0p8/ghost_s54_d5p5/summary.json	1935	dd68a0d402c58ebf1daa090d7c8c4580d9db542010cb53054b732791d8d228cf
records/sweeps/e1/eta0p8/ghost_s55_d4/summary.json	1931	9e470bdabead9ac5079d7ffebcc62c2d718cb107a56352b7b8c070f91581475b
records/sweeps/e1/eta0p8/ghost_s55_d5p5/summary.json	1940	a69cdd2171eeaa0b3cdf51539216cfdd0fb3c123c10262daca84250a7e2c5f0c
records/sweeps/e1/eta0p8/ghost_s58_d4/summary.json	860	1354c40cd145cc0ff490a2c737f205d1f04704584d41b19991ac2b6fe65d2f49
records/sweeps/e1/eta0p8/ghost_s58_d5p5/summary.json	866	1b60f7bce55e4e72d8e6e732ece0112c3fbecd947502875c1a50c992b6a3d991
records/sweeps/e1/eta0p8/ghost_s62_d4/summary.json	1928	72e15736853ceaebe87d7419ef33d5fb28f722990fc29be3065c736169f18cf1
records/sweeps/e1/eta0p8/ghost_s62_d5p5/summary.json	865	71c1c97e78630670f31d06694d8b2cd2c637d1f968986a9de6b7e448fc351327
records/sweeps/e1/eta0p8/ghost_s64_d4/summary.json	1900	02f4e9d7fa4bc1013f983436fbc3973bd720e03f4308f6e09e7a68b6dd863a75
records/sweeps/e1/eta0p8/ghost_s64_d5p5/summary.json	866	291d6cf58ff8db1470dbdbde15f9b755ec4ee5307219fbcda19fb98a337aeaf7
records/sweeps/e1/eta0p8/ghost_s65_d4/summary.json	1929	4ab73273fef802491a757fb11c5ddbabedbb2ef825c3823630ecfadd9999990a
records/sweeps/e1/eta0p8/ghost_s65_d5p5/summary.json	865	4f8c7407b1a957977e2df33cb70009f60398e2ad1fa35b3a485da912afcd6781
records/sweeps/e1/eta0p8/ghost_s75_d4/summary.json	1945	10ddf8a8eeccd9b6d767be5057e9694282d456bb9424d0c99311b63451383883
records/sweeps/e1/eta0p8/ghost_s75_d5p5/summary.json	864	e990cffe993e3f8dacef59344532782912fb7c4eaeb666297ec885df81d8f6bf
records/sweeps/e1/eta0p8/ghost_s76_d4/summary.json	1915	a7b53f5f5a98a114556ea8744cd676f2fd7102ff58b468dad8b0aa4a079ef063
records/sweeps/e1/eta0p8/ghost_s76_d5p5/summary.json	865	1f8b2c86778d5df30ced2ffe9e3c96e69d583ee62c65353cb10552cffb52cf3b
records/sweeps/e1/eta0p8/ghost_s77_d4/summary.json	1927	938293838d6d32a2710f51ba294c6f1ee274d79518f9fd4d939468bdf7b56375
records/sweeps/e1/eta0p8/ghost_s77_d5p5/summary.json	865	d1554dbdf60650ecc8467daad1e5912fc02fd78636f6a5bae3d779c30db1a723
records/sweeps/e1/eta0p8/ghost_s79_d4/summary.json	1930	768a58bb9f11f11fd2165f5f48f9afc299afe129b2ef1c064bc4cac2e52be288
records/sweeps/e1/eta0p8/ghost_s79_d5p5/summary.json	866	95bc8322aa619a7e55014699210bd78b4a5fc12c43ac3e2548d9ca9a6b31aa5d
records/sweeps/e1/eta0p8/noghost_s01/summary.json	1212	77fba1be9e297337a64aa32769874642ac3a057b80a31051d31981b39bd30104
records/sweeps/e1/eta0p8/noghost_s06/summary.json	2253	2fc856d8666a9526cc3817c00c55047465bede52f36c5ad09be13acfafb0e7a8
records/sweeps/e1/eta0p8/noghost_s07/summary.json	1225	34e40861e8d3a05e7bcbfdbd76b72b1567278f0682ee9075b93072c698456869
records/sweeps/e1/eta0p8/noghost_s08/summary.json	1239	75fb5ecc3072ffd839ef0e55785b0932ee621cce0001ac449915854692c063a9
records/sweeps/e1/eta0p8/noghost_s10/summary.json	1216	27be62dc11d0cb275253dcb49df6351dca0cd02c1735f9f9215ff9171ff80bf8
records/sweeps/e1/eta0p8/noghost_s18/summary.json	1243	f7d9e8f7cc6fbd44b9dce33986f1a3e65a5081dfabbabd85b1a38a2a5bdb2fc6
records/sweeps/e1/eta0p8/noghost_s25/summary.json	1232	b7ba6da68da701ac81a0c761c6dee839c5210c79f68a5f1f777ee40920cd1a2e
records/sweeps/e1/eta0p8/noghost_s27/summary.json	2187	dbd8cf2b4afcc71b23bd7d010cf4338eeabd5d5eb0ce72123649542f11cff336
records/sweeps/e1/eta0p8/noghost_s30/summary.json	1220	2354927c36e51164161b2af9fef854f4eb54eb4d8396dd3c2f1c182d053c023b
records/sweeps/e1/eta0p8/noghost_s35/summary.json	1221	6dc5072c7fc066ee31e038d7ea17524762bc0529b4c839f09e9a5d6b83f956b4
records/sweeps/e1/eta0p8/noghost_s36/summary.json	1235	1e23761d567007692374c1898361f4e3b84e4baadb6e168b743dd2bdc769f8cc
records/sweeps/e1/eta0p8/noghost_s37/summary.json	2239	09db924702ec2efbad3e0f36a7c2ecc4d9bb066f8cc099a377d77e589c741f92
records/sweeps/e1/eta0p8/noghost_s40/summary.json	1243	e68860a052bfbb84c96b01549450b9e9362c3101da3496ab08d5e74d54274652
records/sweeps/e1/eta0p8/noghost_s45/summary.json	1235	ef12e7fd6e741564a0afd91771a3cb01e6b26c1d655c514e3cc09b831c01df11
records/sweeps/e1/eta0p8/noghost_s46/summary.json	1222	5146a1a8ee0669b40e4a4c84229ce1f0dbc66f708f3554e210f8471d6db8384b
records/sweeps/e1/eta0p8/noghost_s49/summary.json	1219	1ab36245a6ccc27217b16c246bc7bfa11858d791d3006f00aac90092edf67364
records/sweeps/e1/eta0p8/noghost_s53/summary.json	1219	7c49c866efa4620b08286469eca951a90f18302d748a425546372a467f8db6d4
records/sweeps/e1/eta0p8/noghost_s54/summary.json	2229	f8e7dc149fb296345ff9eb77b22c43519b78b0d0b8b603306feeecc7c11e377b
records/sweeps/e1/eta0p8/noghost_s55/summary.json	1218	9101a64fb7210f3fb5d3b51bd13fd1abde5f94874258e0c813735b6185db624d
records/sweeps/e1/eta0p8/noghost_s58/summary.json	1235	c489e29c6e358cc2597db1b628ae236e6f26b7d227204e47d350e67cf4c84631
records/sweeps/e1/eta0p8/noghost_s62/summary.json	1221	3d4db78d36b40ee0e7eb5a26bfcb66ac497f8dac128fcde0d9cb9779ac5dac46
records/sweeps/e1/eta0p8/noghost_s64/summary.json	1222	8e0f674118ecb6962c0c79421fd5c45c3af5f4d95f4963711b96c8ae7afa8e1f
records/sweeps/e1/eta0p8/noghost_s65/summary.json	1218	262f1f7c79801a515276b317edccb55679b9a9dbac7d71832781544bf6e9bbb4
records/sweeps/e1/eta0p8/noghost_s75/summary.json	1242	fb7bc794616b636b3a9e7791eced6ca5f0c1180d8135082edf73560b55480e65
records/sweeps/e1/eta0p8/noghost_s76/summary.json	1225	b80fcb982e6aecd1e48e33e0fea73ccce866834e57bfd0b13d1aa30494a8e747
records/sweeps/e1/eta0p8/noghost_s77/summary.json	1232	13390ef41c628826368b8c7461063e4bb29a77d7a323b6eda307c8832d82b15c
records/sweeps/e1/eta0p8/noghost_s79/summary.json	1229	30ca9a6055ac235a38214ca2b3301adaa11c2bd0a71a61c1ade01206c7788260
records/sweeps/e1/vfloor1p0/ghost_s01_d4/summary.json	1919	a40515c66a00ea40282a2926c6ebcc1038f1ebc9f61bfa9564fb77578f0a1289
records/sweeps/e1/vfloor1p0/ghost_s01_d5p5/summary.json	853	c42c5a7e37ebbae13da0dbe51daa2c46b90224da4225bd0dba36cac9e0cf46ad
records/sweeps/e1/vfloor1p0/ghost_s06_d4/summary.json	1941	f92df2f4607fe3d251460473fd616daf1f02cd6f38f568b06081ee0e8c74e4a6
records/sweeps/e1/vfloor1p0/ghost_s06_d5p5/summary.json	874	02d9b950647b25c97ff1c43702a30f6e9f59a28d03b82ba10c75e56e66badbb8
records/sweeps/e1/vfloor1p0/ghost_s07_d4/summary.json	868	0b1a7c9463fbbfbd9fa0b15dfef096c613238a19caeb10e1a9b130476298993a
records/sweeps/e1/vfloor1p0/ghost_s07_d5p5/summary.json	873	5c363b504c6ee48ba86da7cba26d21ceef5eedc586f2d8f6e1d6aa732be70ca2
records/sweeps/e1/vfloor1p0/ghost_s08_d4/summary.json	1940	c02570ca453a3a649e40ee4dfdb708bc640e4a8449af4de9078adad5fe3047b2
records/sweeps/e1/vfloor1p0/ghost_s08_d5p5/summary.json	874	395c6ec6b3f207e6766aca918a4dedc024b070fac28cbbf43c227bd2e9a40769
records/sweeps/e1/vfloor1p0/ghost_s10_d4/summary.json	1940	cd78fd45fb6d6e52e836a6ea92b1b85318c2251c5d31632f14023a21bbf99bee
records/sweeps/e1/vfloor1p0/ghost_s10_d5p5/summary.json	1950	7d612afcaefb9112378ae2fc5325eb3e243cd673514a0ad09c294a9d197aebc0
records/sweeps/e1/vfloor1p0/ghost_s18_d4/summary.json	1946	3affac566877120ef9b1220c7b2adf42e4c1fec5b07971a36818c7a48e6a4100
records/sweeps/e1/vfloor1p0/ghost_s18_d5p5/summary.json	874	8708695cea30bd9eb7b8c66b850e10ca6d00b5713f4dfb594d9d7a969f6e03e7
records/sweeps/e1/vfloor1p0/ghost_s25_d4/summary.json	1939	7ad792f9e5d18c8b7a9e00078acd3fddac4f55025e241cab79410e350d289e47
records/sweeps/e1/vfloor1p0/ghost_s25_d5p5/summary.json	873	7bd8a4c23612a95b57ab75290ded8b3ec1b8e2a1fb71be3728ecb3acdf7b9d58
records/sweeps/e1/vfloor1p0/ghost_s27_d4/summary.json	1937	295ab81c2dc9dc0e87d7a3331065c36c9689fa1c608669fcfc5d9888cc60f0ba
records/sweeps/e1/vfloor1p0/ghost_s27_d5p5/summary.json	1946	4efcee3c103e1729e0767788b1c99571923c18d943d811828a8794dff82671f1
records/sweeps/e1/vfloor1p0/ghost_s30_d4/summary.json	1926	59d2aff21a9e599e21dd11fa1292235a8aee27cf7b6ce870a990eabe4d913b4a
records/sweeps/e1/vfloor1p0/ghost_s30_d5p5/summary.json	872	43b6b42b70de7fff01d32c6e7f55676be64fcff487d7cac9edc2bad7ac3dffe6
records/sweeps/e1/vfloor1p0/ghost_s35_d4/summary.json	1930	ea6935f14fc76cfee50503ba2a398031c8525b891418df6cf06bc12d039f438f
records/sweeps/e1/vfloor1p0/ghost_s35_d5p5/summary.json	875	dbcfb6cfb87238e0f2c37ee73b288924b311fb23fa21cde1a19c92749844f7c7
records/sweeps/e1/vfloor1p0/ghost_s36_d4/summary.json	1946	51b616388c5bf35e946bf41b7f169244938d60fe63ae102e24a8e536396c8d6b
records/sweeps/e1/vfloor1p0/ghost_s36_d5p5/summary.json	1950	0c28fc10ac039cd773d48f30fdae2c79a3b73738d05640882583d04f19db2a8c
records/sweeps/e1/vfloor1p0/ghost_s37_d4/summary.json	1931	fd03b4b773f569c03c0f47256821b351172c2d77459cf25332f2bdaca68dbaa9
records/sweeps/e1/vfloor1p0/ghost_s37_d5p5/summary.json	1942	1033ef0f475f6ad6d06027ba4b8db3d2815517e6d29031f8050237b3983d2a5c
records/sweeps/e1/vfloor1p0/ghost_s40_d4/summary.json	869	73567a890dbf30c1112bbe0a285e27a154fcc73d17890b4c9624b47dfcbf7e7c
records/sweeps/e1/vfloor1p0/ghost_s40_d5p5/summary.json	875	8be574ff059a90572242cd2dac983b05ff738807ce18d56a677a8b23808e9028
records/sweeps/e1/vfloor1p0/ghost_s45_d4/summary.json	855	7ee4ae83fa1351b7dc5886742ce265b93ce540c098a81bd5b13aae5556748e02
records/sweeps/e1/vfloor1p0/ghost_s45_d5p5/summary.json	874	22b9a3e2d08a03c0e3af85d141b2023a14961df62c1ea8d7505638531acaff5a
records/sweeps/e1/vfloor1p0/ghost_s46_d4/summary.json	868	ca226bd3feee862a0ba6a6cf0f923654a3898fd452103157c7c2b92239c3dfb2
records/sweeps/e1/vfloor1p0/ghost_s46_d5p5/summary.json	874	1cb69fb51159bab18b5ecb6127ec667b637ce1a92aba101811e01e8c0e10a98e
records/sweeps/e1/vfloor1p0/ghost_s49_d4/summary.json	1950	2c8b0ded3fac2a541e53222d91ff7b1ba632f6ec50c56e6840376699d7a85fc4
records/sweeps/e1/vfloor1p0/ghost_s49_d5p5/summary.json	1960	b08007d00b317e386eab450647bef3d1ec20ffe7b620e2151a81a875d4e0eea6
records/sweeps/e1/vfloor1p0/ghost_s53_d4/summary.json	1937	476a6e33f6f198e7c9a37440ca653d2ff48eebb122b2fbc667545fbba679fac0
records/sweeps/e1/vfloor1p0/ghost_s53_d5p5/summary.json	875	88879583bbeb8b801524153d7c1c2fdcbdf9e57388d60e307793da238205d19f
records/sweeps/e1/vfloor1p0/ghost_s54_d4/summary.json	1939	ea0f861e9ced31717583652f2680cf46a3b4e329362c8d3ab586ce2d70bf1759
records/sweeps/e1/vfloor1p0/ghost_s54_d5p5/summary.json	875	56bee8fa813c778e3f5c866398744b398e7cece3235c57223b25568825803c9d
records/sweeps/e1/vfloor1p0/ghost_s55_d4/summary.json	1937	503e061d5fcfe2a773407e5a76707110898140527ca99aa1c88c1463963e65fd
records/sweeps/e1/vfloor1p0/ghost_s55_d5p5/summary.json	1947	f964c592a93419f4a338582e663c6306aeba2565aa1aa96b3f4c455849c47606
records/sweeps/e1/vfloor1p0/ghost_s58_d4/summary.json	1922	52ea2427936094480e5b8d55875f64a57703afd153acefd95e95db2389c7de1f
records/sweeps/e1/vfloor1p0/ghost_s58_d5p5/summary.json	1941	fa059bdd40a5eee7eaab1a88ba5bf4c51016e46d7100263d9aa7c7daaa3ebd26
records/sweeps/e1/vfloor1p0/ghost_s62_d4/summary.json	1937	2bba40056fd7fc60189574922a0e6bfc46e8c2cee3a48b4426f7826e169b3f32
records/sweeps/e1/vfloor1p0/ghost_s62_d5p5/summary.json	873	b4b788af12817a5605e2812c323c83bfa59db98367cfd990d17455743761fbd1
records/sweeps/e1/vfloor1p0/ghost_s64_d4/summary.json	1909	2b7e9fc1e86a8fad921eaabb9c250ba1bf646dda6753858d6be62e125ecacf70
records/sweeps/e1/vfloor1p0/ghost_s64_d5p5/summary.json	875	7cb533661a48eaf887590b703739ef6fca649903beec1f577eb401a3d1bc25f6
records/sweeps/e1/vfloor1p0/ghost_s65_d4/summary.json	1938	11660516728d326782f7670ff528d4d301f51c0b58512b93c7d7e8879ccbe14e
records/sweeps/e1/vfloor1p0/ghost_s65_d5p5/summary.json	874	3db9fa1c382a981e62670425f5fbc0b6798a6e86984e1c34c29d7d388e06ffb4
records/sweeps/e1/vfloor1p0/ghost_s75_d4/summary.json	1952	975efeb8b59a62f001ea7166eb983fa489d84299a5043049de44c2ef17dc694d
records/sweeps/e1/vfloor1p0/ghost_s75_d5p5/summary.json	874	643bf9de9b059cf4b22e3100c7e15e6dc52274056f6a6e5a8d8c4d63584754ac
records/sweeps/e1/vfloor1p0/ghost_s76_d4/summary.json	1930	f05ea484cf355627b959ed8d14f88b43ad39435d027487871a8bf76f4bb4ff15
records/sweeps/e1/vfloor1p0/ghost_s76_d5p5/summary.json	874	0b0283bac6b61b722869e375a90cf4a3c9316d6aba0e10a27fd8a20ce0476c0c
records/sweeps/e1/vfloor1p0/ghost_s77_d4/summary.json	855	1b14a0848eaaa2edcdf381af02799d4081fc99b49b2b47c09901c7871b7ae2c4
records/sweeps/e1/vfloor1p0/ghost_s77_d5p5/summary.json	874	787ce965ffe71ea78792c8f0dbb919e627ca04884af3d1bbaeb9a594c2982629
records/sweeps/e1/vfloor1p0/ghost_s79_d4/summary.json	1938	6fd618d066609fc84f02c6557894d9ddf1e256e3cf06d304436f61e912e0e743
records/sweeps/e1/vfloor1p0/ghost_s79_d5p5/summary.json	875	75c8104cc9ed8df50b5b53c755823875146daa22ed8eb5ee14216c939d478dff
records/sweeps/e1/vfloor1p0/noghost_s01/summary.json	1215	3a760af596e9a66cc0c5c36a5b0b23c899ea0c46c92c48b868d24bf5ba8c5ab3
records/sweeps/e1/vfloor1p0/noghost_s06/summary.json	1227	47d3869c1a28946184dfdaabe4eca91b2b6ee6ab3df8be82fe31cffab82491c0
records/sweeps/e1/vfloor1p0/noghost_s07/summary.json	1231	a3ec108c5d1f96efa8c65734bad2523c0b4b37e6adda4edb6e1566fe4c453923
records/sweeps/e1/vfloor1p0/noghost_s08/summary.json	1224	3d2d188ab708916b4c0888e5cca3951ab38dd26a456213abd2c29abc9b56a273
records/sweeps/e1/vfloor1p0/noghost_s10/summary.json	1210	8b54165fea718c389330fc8bc98a363f1d621a98fa54045773d7f6f2b63dc070
records/sweeps/e1/vfloor1p0/noghost_s18/summary.json	1217	828d271bd6c9bc3845d9978714defe591bfe707cb73bc0037ef02728b8d9586c
records/sweeps/e1/vfloor1p0/noghost_s25/summary.json	1235	d10d734c3249c70b3dd8d5df21e1e356e17823358df7893941a329daa6b85bf8
records/sweeps/e1/vfloor1p0/noghost_s27/summary.json	2192	ef64f45eb481041d0804d5022cd8588c2140a2924d8819fe2844e9ea7941dae6
records/sweeps/e1/vfloor1p0/noghost_s30/summary.json	1222	1e19c2b4b5c03fbdb2db3d5d3355a1f2b2bb9ba5f69760fb84fd3aac58f3a04c
records/sweeps/e1/vfloor1p0/noghost_s35/summary.json	1224	262169beeccaa5674c83c8ebc0638d5923f2ae1e54656969786de109212c1712
records/sweeps/e1/vfloor1p0/noghost_s36/summary.json	1239	0ecc321db704dde855db1d3c4aee1a28d25e57a31020417c2370f8cf4b3affc3
records/sweeps/e1/vfloor1p0/noghost_s37/summary.json	1243	cb09f78c3174f70866398e34dbd1fa5500036a9c801f9011801ab45448fcb009
records/sweeps/e1/vfloor1p0/noghost_s40/summary.json	1245	c7db89e427b99945fec74939bb23d30a081c2f366314af194b0a7a07b5186317
records/sweeps/e1/vfloor1p0/noghost_s45/summary.json	1236	ee2b802a91f8e8e1fa5c13d02411f59dfef529f1f85c74ab5835f6f0cea246ab
records/sweeps/e1/vfloor1p0/noghost_s46/summary.json	1224	8debb93ae2cd08a76a31343d9220380b761236ff7e22daffeb7f2dfe3bdd67b5
records/sweeps/e1/vfloor1p0/noghost_s49/summary.json	1225	15381e185b4a386ac53164608613d3841ff580592d9a0201060d31b3122582b8
records/sweeps/e1/vfloor1p0/noghost_s53/summary.json	1222	4a4251c0880e019ac44a40149ebba6a4a0c2a66ef2e02aceeda4c88a042bd53a
records/sweeps/e1/vfloor1p0/noghost_s54/summary.json	1242	1edbfc1ff81d5b4162dc5b5b8b2896b72d1a86c7883fbd492d6c6d07fb9b82ff
records/sweeps/e1/vfloor1p0/noghost_s55/summary.json	1213	8416fea85e86c0d554b9602af0b89b946bad99f8c5e444266e9c96ce16fad2ff
records/sweeps/e1/vfloor1p0/noghost_s58/summary.json	2221	c0158f97bf7ea83598d1f3372f5fa571b6f3de94a3f7c21a5369f3dea4b46b19
records/sweeps/e1/vfloor1p0/noghost_s62/summary.json	2169	704f29b40d1c1995758e10e75bb9705484005702a206bbd5cfcc3c13e0d8a838
records/sweeps/e1/vfloor1p0/noghost_s64/summary.json	1225	44b444f0240291da8f39bb281c3e0047cb736ab43aad3b7b86e1c301ddaaa079
records/sweeps/e1/vfloor1p0/noghost_s65/summary.json	1224	300202de083f03f79b371249024466d357fd6e2a2874c1df61a71f87ccc4e341
records/sweeps/e1/vfloor1p0/noghost_s75/summary.json	1211	838fc74e1468df6a98babc1b07d055dcc223ab0f6d6087444ab06fe38e2daae4
records/sweeps/e1/vfloor1p0/noghost_s76/summary.json	1233	8bca73345856e59c06583caf0d964beaecbc6efe77acaf443cc88ad7342aa314
records/sweeps/e1/vfloor1p0/noghost_s77/summary.json	1234	c9bfff1a94158c39c4adea1d3b1544821ea115bf837612d58ad44155da669fe4
records/sweeps/e1/vfloor1p0/noghost_s79/summary.json	1245	53ef50fb92d16da5c93c4e2a38c21cd9b32ecdb5c2729b9e89185e2e6d24be92
records/sweeps/e1/vfloor3p0/ghost_s01_d4/summary.json	1913	e424bd71224808fa9fbd9a616610b030d1c0e0f6fc262f060ad1e140abccd382
records/sweeps/e1/vfloor3p0/ghost_s01_d5p5/summary.json	853	db9b555e6b9c14b5ab0c036e0ba8111a9f462d2830769d231e3f37dd5ea46633
records/sweeps/e1/vfloor3p0/ghost_s06_d4/summary.json	1943	6595b234c321ded1f1fd2b1c144af214ee0234f51d5f3b4903f0e86bc265bb08
records/sweeps/e1/vfloor3p0/ghost_s06_d5p5/summary.json	874	c2ae94121b83a25cb874eff5bd38d2e614e3bf6cc3fe8758d3b09e4fb63ef3a0
records/sweeps/e1/vfloor3p0/ghost_s07_d4/summary.json	855	ea6c46ba375c0f4f945591bb3211da41d05001acb1c4c3c954acd6bd737cb2b2
records/sweeps/e1/vfloor3p0/ghost_s07_d5p5/summary.json	861	9780b6129ce0326a0f7974998dd2754f1e7108d9bcbef0cb2efb2643f9ab71c1
records/sweeps/e1/vfloor3p0/ghost_s08_d4/summary.json	1940	dd6a7bc6c5225fdf243865ee282b381d2fcf54fbe7fe1a09f5f4832a9cd1a339
records/sweeps/e1/vfloor3p0/ghost_s08_d5p5/summary.json	874	9115b3c748bc9878a5721cc719250900ea50a5d92986491d9b7deeacfba8a6eb
records/sweeps/e1/vfloor3p0/ghost_s10_d4/summary.json	1946	a4bb71904f01180f0d90fdf12c4bd1c208d6d4c85595222782c81fee3ca235d2
records/sweeps/e1/vfloor3p0/ghost_s10_d5p5/summary.json	871	7e94f399c51de781ea8e59e5e0cf4d304b91edee063588aec84b464bbaf0b0ba
records/sweeps/e1/vfloor3p0/ghost_s18_d4/summary.json	1946	90f1abe4831ecabc6e7bf6025b7efb3f3b0cad7566411dc3efcd72b56b107977
records/sweeps/e1/vfloor3p0/ghost_s18_d5p5/summary.json	874	eb84969c5fc822040391355939571b6b00bf4b2dd401db3ebc1f1de00d198e7e
records/sweeps/e1/vfloor3p0/ghost_s25_d4/summary.json	1939	c93a2bc082b7d893a73866e07b37d4c7d2e8a4fbba398c2ba8c0639fced7cc07
records/sweeps/e1/vfloor3p0/ghost_s25_d5p5/summary.json	873	e4d5683826e43768be7bae15e89ad5c8da89afa657c74ebf9712d9fa65186c95
records/sweeps/e1/vfloor3p0/ghost_s27_d4/summary.json	1937	78e4303dc593277932d28a74bb82b01b37e515553a50a94b1aceb02b27190deb
records/sweeps/e1/vfloor3p0/ghost_s27_d5p5/summary.json	1947	442cad8a6d8cf2aaaceeded1ff7ef63144b375f5d1aeeb52e84bf7333d83e498
records/sweeps/e1/vfloor3p0/ghost_s30_d4/summary.json	1926	d8c07bdefb78f7c3947f00023ccadfbcb0e1b9f488f34852e720bba619a210bc
records/sweeps/e1/vfloor3p0/ghost_s30_d5p5/summary.json	872	2e4c6c383de72325386c5f7ba352d9448cb23cae925c58547cba21b48fce7652
records/sweeps/e1/vfloor3p0/ghost_s35_d4/summary.json	1941	09021f8fc7d0e81144cdfda7eeecf78fe39ae8e615e717aefb38fbe083859f6c
records/sweeps/e1/vfloor3p0/ghost_s35_d5p5/summary.json	875	6fc865fd1799962f86ea23203451c1c4a7bf44278d7bcf30cb18517e82a7d2f4
records/sweeps/e1/vfloor3p0/ghost_s36_d4/summary.json	868	97e8bac9c17907117cd7a48d60b230626697a220ffd9049e50d72d94511599d5
records/sweeps/e1/vfloor3p0/ghost_s36_d5p5/summary.json	874	3574cbfb6a1027650f4da4a34a40f949442365e34be012941596d59e268c326f
records/sweeps/e1/vfloor3p0/ghost_s37_d4/summary.json	1931	90ea1c01bdc11e5f2666c0f7dabe3de11278b2aabcfb19e56193b70837a7b672
records/sweeps/e1/vfloor3p0/ghost_s37_d5p5/summary.json	1942	ffda0e8b1029b42888de21edcd9ac9efabd9b1574fdaf6d198a118f6bd2979ae
records/sweeps/e1/vfloor3p0/ghost_s40_d4/summary.json	868	ed00972c55722f325f10484ae9371a2d6c12a17944028555e1055ded487db01b
records/sweeps/e1/vfloor3p0/ghost_s40_d5p5/summary.json	875	929c779e1d3498cd8ccee573272b36afaa281ff0d50bb174d0f88a9fd26970e7
records/sweeps/e1/vfloor3p0/ghost_s45_d4/summary.json	1931	68da6a1bc96be9f1b2e38582821d4ced5bbe37e7805316412dc25db7f526fc66
records/sweeps/e1/vfloor3p0/ghost_s45_d5p5/summary.json	873	d585744a1202a9540639e2e5f8ec11f958cd903b2a1615954c1f437820e7a798
records/sweeps/e1/vfloor3p0/ghost_s46_d4/summary.json	1938	112d143373cb9d95b0bb9b94943dedf79c0e85931ef76f4e27e1b72d4b7c6f94
records/sweeps/e1/vfloor3p0/ghost_s46_d5p5/summary.json	874	af32d6b361033b08f214a006d1412f9078c64b85dfd39096bb63145d88c8a89e
records/sweeps/e1/vfloor3p0/ghost_s49_d4/summary.json	1949	77617cda87d9b119042d43b5fcc0421bfdeded8bc3bb162d96cd0d97e7e1e267
records/sweeps/e1/vfloor3p0/ghost_s49_d5p5/summary.json	1946	476da9f0b1464c2e6ab52d12b7d50902bce9a9ca323e999060005f61fdb9dbf1
records/sweeps/e1/vfloor3p0/ghost_s53_d4/summary.json	1938	d70a70db3244f1a2be4bd18dbd26b57af0853011d009a61ad4885319dc509762
records/sweeps/e1/vfloor3p0/ghost_s53_d5p5/summary.json	875	4b86c339e644d6dbd5a7944eefc836dca9aaaf818ff5e14a5e335ad220078458
records/sweeps/e1/vfloor3p0/ghost_s54_d4/summary.json	1945	4aaddced879fb0f3454a0b5b92902fce799f3fb324b62d2bf3989697d041b0ca
records/sweeps/e1/vfloor3p0/ghost_s54_d5p5/summary.json	874	bf73f6e065dcea0ddb8da710dab8aecbf8fcb4f25468c01b0a673ae0bb136a38
records/sweeps/e1/vfloor3p0/ghost_s55_d4/summary.json	1939	7052bffe3397b17583c3615760476d363feb473940b9f932443daf345f326d73
records/sweeps/e1/vfloor3p0/ghost_s55_d5p5/summary.json	1945	5f713dfea479f74c6200989707ef580426aef2072e01c5364d3fa811db58f6fa
records/sweeps/e1/vfloor3p0/ghost_s58_d4/summary.json	868	f48d953dcfab35de48c56d9fb6d03572507aca26e61ddf05a1ff1cb5f8b25380
records/sweeps/e1/vfloor3p0/ghost_s58_d5p5/summary.json	875	b9068a5b6f4155c7a4dd6ff96aa4be8bc840eeb8b3d9b48fda3e31d8e9478acb
records/sweeps/e1/vfloor3p0/ghost_s62_d4/summary.json	1933	0eadfa4658e866ef4c71ec160ade0ebc7f5ea5e85369b7bf17758f3352cba08d
records/sweeps/e1/vfloor3p0/ghost_s62_d5p5/summary.json	1941	7ab36c5b9d8d9031077552b81c54ad83f1079d17465dc10b131130878621f7e8
records/sweeps/e1/vfloor3p0/ghost_s64_d4/summary.json	1909	5114e17e5c489ed080c88986ac0308d125eb77033736e0b929c734979b4e003a
records/sweeps/e1/vfloor3p0/ghost_s64_d5p5/summary.json	875	e94a5b970669bab85cf7cb487504f3668c51390b72b6aac5318464014ec70823
records/sweeps/e1/vfloor3p0/ghost_s65_d4/summary.json	1944	f2b8baddd102d2ae2664479bbef39c8ddf758f56e5442aff3eeef45404054841
records/sweeps/e1/vfloor3p0/ghost_s65_d5p5/summary.json	874	bd972ad4ed0b8135c243db8dd8910eec3090ca698caf2875c83098898309e219
records/sweeps/e1/vfloor3p0/ghost_s75_d4/summary.json	1952	069131fd7cf8f5c522c806185ce4ee2768e97b4540219126416466aef94125b0
records/sweeps/e1/vfloor3p0/ghost_s75_d5p5/summary.json	874	fda51cceed2ef0f6e5194273edc9650dd0de38c96a6cd89185c173c743118021
records/sweeps/e1/vfloor3p0/ghost_s76_d4/summary.json	1930	76bf0ebbc52f002296eef97068a2f5f9ac69fdd4c8a391c9dfee22a57b22e253
records/sweeps/e1/vfloor3p0/ghost_s76_d5p5/summary.json	874	4c6d91ac1af4e71669fc8b5cb2efacc53ff349a5a1e468dfc421dff3d33a5e1c
records/sweeps/e1/vfloor3p0/ghost_s77_d4/summary.json	855	4cb936f85fa73f7b605cac270c2e1e7cfb4996ed63d064fd5589df697e30414c
records/sweeps/e1/vfloor3p0/ghost_s77_d5p5/summary.json	874	d26f3ebb7dbb02cd110877a31ce5dc3479757a7ffce32917b3307f2f08dda920
records/sweeps/e1/vfloor3p0/ghost_s79_d4/summary.json	1939	1024da4c05b79e1bc9a61e04de647b219d7862d2d4d1114f0f34d8aa0e0ee18b
records/sweeps/e1/vfloor3p0/ghost_s79_d5p5/summary.json	874	89cd1d1009b9853f14d8cc11b6b365dae3616ff555fb9a558cc71eaae0293d07
records/sweeps/e1/vfloor3p0/noghost_s01/summary.json	1216	c7258257da9ed2db2568d8390b7825a08033cbb921224fba0d53089f156546c6
records/sweeps/e1/vfloor3p0/noghost_s06/summary.json	1231	b4f87dc67bf0c1a3f9a01f400750b3b663b23abfe35036640f135b4a345884ad
records/sweeps/e1/vfloor3p0/noghost_s07/summary.json	1231	18d897ce8bc212d612a7547afe4ec16ab372a9450fd6604a4352de8ce5b006d8
records/sweeps/e1/vfloor3p0/noghost_s08/summary.json	1228	e08433add243f9663a7a4c6edf48760308c093975132ee5f47a35764cf8b11d9
records/sweeps/e1/vfloor3p0/noghost_s10/summary.json	1221	e995c493b77f6814057ced6f50687dca6cadf7832f97f0177a5c361d040870b2
records/sweeps/e1/vfloor3p0/noghost_s18/summary.json	1217	6150f66c117983eaf2176334f24e5a0ed080d0a41eba10ef17399ea6374221cb
records/sweeps/e1/vfloor3p0/noghost_s25/summary.json	1235	6cfa86b77ba9a467bc082aea9ceb95b7375f5de0e11ac15361931c46c39f97c7
records/sweeps/e1/vfloor3p0/noghost_s27/summary.json	2192	8761d5e7b582130c1cff56136b70cbaf41d05c6dff0daafdacc9657f6d148c41
records/sweeps/e1/vfloor3p0/noghost_s30/summary.json	1222	48429b46aa9b40979acd9676e1490a3222dcec42ff157aa51670663b996e1620
records/sweeps/e1/vfloor3p0/noghost_s35/summary.json	1223	3a49b4fa2c244807a0ffc5ef70c84fe1b0a9e67a54653ba6fe54c0c3ba60b806
records/sweeps/e1/vfloor3p0/noghost_s36/summary.json	1241	dddc0bf14cc5e8988325ccf42eafec52d9b3768232a1879426454b3b1cdf9e1e
records/sweeps/e1/vfloor3p0/noghost_s37/summary.json	1242	b41904fba16160b89a127f834056eac42d4614059bb7b0d773a729f6ac4ef826
records/sweeps/e1/vfloor3p0/noghost_s40/summary.json	1247	d9952ce4adcdb9fad0b9c76b0f6537f468c23f046b6dcf46fb5634578610589a
records/sweeps/e1/vfloor3p0/noghost_s45/summary.json	1236	8c1ba64d3e26deb8b315bb1c90c0518bfb754abcc257d53cf05d58c20ca1aa5e
records/sweeps/e1/vfloor3p0/noghost_s46/summary.json	1222	f08e4e99f7c2120f8d87216cc151bede665b4218803dd985fae6e257c808c391
records/sweeps/e1/vfloor3p0/noghost_s49/summary.json	1226	56cd12d7e315654b2e7bfc47e96f59c54529060cd79c87a72d111a45224d88b9
records/sweeps/e1/vfloor3p0/noghost_s53/summary.json	1222	017c2fbd89ec7c7d054ce683bd2c68aff867fde4d39e336c125547f039a6775b
records/sweeps/e1/vfloor3p0/noghost_s54/summary.json	1244	ee5cc2458c75547b746f3d463f55f0e11fe1766f13dc053e936ba2847b470ec4
records/sweeps/e1/vfloor3p0/noghost_s55/summary.json	1222	a0a16c76396489dbfa7e8c5db19369668b2c0950229fded28cfa8c6297be639b
records/sweeps/e1/vfloor3p0/noghost_s58/summary.json	1228	fd2802b32f12ce61ae2d2458a95622bab9b594a85b41c3eb2e9368633c53f847
records/sweeps/e1/vfloor3p0/noghost_s62/summary.json	1223	f76740754ad038dbe2f7bcd305fe6af9055c43eaa8945387876d244babc85bd7
records/sweeps/e1/vfloor3p0/noghost_s64/summary.json	1225	dd07fbf32d712604d8d0e1c1a18ff2bc348a4cd710ea118dbba8ed66e7144347
records/sweeps/e1/vfloor3p0/noghost_s65/summary.json	1225	f2a32bec882a5cd5273b9ae1f8e1c8398c4cc8cf465430e033813bad0310fad5
records/sweeps/e1/vfloor3p0/noghost_s75/summary.json	1211	31d6e644ea846ae24d5b82c928a3612000ac4e733b47082aa0399531cb002c75
records/sweeps/e1/vfloor3p0/noghost_s76/summary.json	1234	90031ff3465b3f4eed4d26a76799454288c1ab39c651df2bb8f3febfef31b59c
records/sweeps/e1/vfloor3p0/noghost_s77/summary.json	1222	28a3d97a453b2198d8620194bb54bd0541c67fba14db1f963231d0749b656452
records/sweeps/e1/vfloor3p0/noghost_s79/summary.json	1244	0c7a067a88a1655d4eacb5ee6f89ac2776d654a47a649876e4798131f4556f50
records/sweeps/e1/wmax15/ghost_s01_d4/summary.json	1902	16ffa2dc8c79b27d0a2d654062c99ce21f0fcce83a8a8d099a4d650f469b742a
records/sweeps/e1/wmax15/ghost_s01_d5p5/summary.json	1909	86138c76e01b48c313e4f6a9963b46931c7700eb16295db97a80c7ecb7be435e
records/sweeps/e1/wmax15/ghost_s06_d4/summary.json	1935	661809c9ebe8497f3464ace2581c3e56ce0af361dca4bb3659f3e781464ae555
records/sweeps/e1/wmax15/ghost_s06_d5p5/summary.json	1941	74d25803c3b335c2c9579af673fa79738f132cd5e0067e7f43468b7e02991c8a
records/sweeps/e1/wmax15/ghost_s07_d4/summary.json	1899	e705a8bd97506ff40b5fbadcc1d6c10538daa819096fb3b98629d92aac16e141
records/sweeps/e1/wmax15/ghost_s07_d5p5/summary.json	1898	19bdfd3aca75fd6f83ffef2880be354c016191f082df285a8de4b3d2b5e48404
records/sweeps/e1/wmax15/ghost_s08_d4/summary.json	1931	c539fb8b05dd2aa49150e151a924bd3e813582f1bfc2868852f5561971f0041e
records/sweeps/e1/wmax15/ghost_s08_d5p5/summary.json	865	7d58ec67add2c26b54c0c7fb02ad781d71c7c857ff13c8ba34af937d5bef3018
records/sweeps/e1/wmax15/ghost_s10_d4/summary.json	1939	7a6ed91913ed9cdd0f4536e8b8b8289d2a46b1b548898ad9fd237789158d056e
records/sweeps/e1/wmax15/ghost_s10_d5p5/summary.json	864	8cc019e0aca406ff9f23263bbdc007dfa34b90f920fac4b1bb392d4af5cb0aa2
records/sweeps/e1/wmax15/ghost_s18_d4/summary.json	1937	dc919a7e2fc46aa0cc4d42dd28f7fd2b2828562974e6de52223a082fe95738f2
records/sweeps/e1/wmax15/ghost_s18_d5p5/summary.json	865	517b83b5d3f1dc891513e8f8b5e93389e7b486a50c167e553babcee4d2e25790
records/sweeps/e1/wmax15/ghost_s25_d4/summary.json	1930	8b6969a1bb9c72821d978e2883e326ea113e9ef0161ec5c5871c2cef81f17ab7
records/sweeps/e1/wmax15/ghost_s25_d5p5/summary.json	865	ca9898f0d60d6bd4979ddca04a5cb82f7c599a374fec7dcb856ba6f9b6e7f1a6
records/sweeps/e1/wmax15/ghost_s27_d4/summary.json	1928	634dff0443f0ddd037207ef8d9331627c0b22ec2ad5412468c06acee8dfea4fe
records/sweeps/e1/wmax15/ghost_s27_d5p5/summary.json	1938	9920109228a85e021b698cc578d9dc266748e06c6edb66c3fbdc2d16c1b2262a
records/sweeps/e1/wmax15/ghost_s30_d4/summary.json	1925	e5dab368e579d482849c347de00dae51bdb253f1a7ba1d81b60a862008ef4e4f
records/sweeps/e1/wmax15/ghost_s30_d5p5/summary.json	863	f01ffd109859a86f81fbbaaf9b9a753b857b745961cac55eb16bcb98363d3c9d
records/sweeps/e1/wmax15/ghost_s35_d4/summary.json	1923	0bae6794654aa76e7569af3a71c3d02a7922a23b1458033baae2aa8f481449df
records/sweeps/e1/wmax15/ghost_s35_d5p5/summary.json	866	b59d8a27bae6f751c1dfe23a0d3767557d70f2ead2e8009acfb3111a374b0536
records/sweeps/e1/wmax15/ghost_s36_d4/summary.json	1939	1f801b600828df53642b9c6bc08800da2af53fd8121528851a15f63fbfa9d43b
records/sweeps/e1/wmax15/ghost_s36_d5p5/summary.json	865	ae122d97a5a95377bcfd99b778e1b57984908c151754dbf4c9ea21ae06da3f1a
records/sweeps/e1/wmax15/ghost_s37_d4/summary.json	1924	008dacc40c6e929c589e455491d4cd56dc6b005bcc5a3cb906fff61930724ca7
records/sweeps/e1/wmax15/ghost_s37_d5p5/summary.json	1924	8badf7b4190c492f9ba077e979f5a38f05a151095a003b0d2c95e900d80c9fcd
records/sweeps/e1/wmax15/ghost_s40_d4/summary.json	1927	a4c62a224f70f8a8176bf7d83a1184cc5daf5e57c8eb72ffbc27ff82eb3dfb33
records/sweeps/e1/wmax15/ghost_s40_d5p5/summary.json	865	dba4095a7bd0a6c005cf77c067f167b2332c1582812301d7cb46dd4daad36267
records/sweeps/e1/wmax15/ghost_s45_d4/summary.json	1929	6bee86a9bd68550131f60d998277e5f5c617d33c17875ca8e509447b8179046c
records/sweeps/e1/wmax15/ghost_s45_d5p5/summary.json	864	98cfae2f02724db40b8d483e61acfa34d77ef5d59124946b528107270b99d8bd
records/sweeps/e1/wmax15/ghost_s46_d4/summary.json	859	ead46c21046103496c2844b50f0ec73cba000993e2bc9abe8dba122f7617e1b5
records/sweeps/e1/wmax15/ghost_s46_d5p5/summary.json	865	b078de8f33b520fec7dd623a3212aec613f8d20b086bf39b4a3ce616c716a2bb
records/sweeps/e1/wmax15/ghost_s49_d4/summary.json	1941	ba965396110a1780dda5eee063e1994d7c7858cdf680c7cc60927d89af1ea6fb
records/sweeps/e1/wmax15/ghost_s49_d5p5/summary.json	1945	b1a482fabaa0874f89a6aa6752d588fbdc17d86b6f144aae97234138ed098b36
records/sweeps/e1/wmax15/ghost_s53_d4/summary.json	860	f3bba1de342a8218a88ef58b04532b6573c206c7c476de38af4eef4c3b92add5
records/sweeps/e1/wmax15/ghost_s53_d5p5/summary.json	866	087da05b53a2ac40a733b1d285b0323009b517d0bdbd8b81f19409988fa30c34
records/sweeps/e1/wmax15/ghost_s54_d4/summary.json	1925	1080cfd2c088b405f3e2899e209ed838cb1ce2aaf3119179e72e74cb0a7a46ac
records/sweeps/e1/wmax15/ghost_s54_d5p5/summary.json	865	e0bd719fd5c9f0f8be6152f116893008271e437e3fa3108c95d0506d2dd85e97
records/sweeps/e1/wmax15/ghost_s55_d4/summary.json	1929	a067dfd9e001e4a385ed4136484994409e8db0d16467645b3877452bb91d6c74
records/sweeps/e1/wmax15/ghost_s55_d5p5/summary.json	1938	d124afe5f016c6d8b789658faa4668e430a5211cc41cf5df2c996588e375592c
records/sweeps/e1/wmax15/ghost_s58_d4/summary.json	860	a47115b8b209bec7bc3b0886753ad78d73a80fefc8522dea097bf76c20d3aef5
records/sweeps/e1/wmax15/ghost_s58_d5p5/summary.json	866	344993b93b4df98afb18b337817e2dbb840bf748446bd0d88bd798b42bc16454
records/sweeps/e1/wmax15/ghost_s62_d4/summary.json	1926	0779a61af705836190cd846d7dbd7c94303e5e4db5efea12858d72f8f5cc581a
records/sweeps/e1/wmax15/ghost_s62_d5p5/summary.json	1930	50b732ce6eaa23b1dddfdb375b69394e8950e853ff4661cee101a2c39251ecc3
records/sweeps/e1/wmax15/ghost_s64_d4/summary.json	1927	a38cc840bc0d57f1664dd31e0002670c1dc6fd9d94eeb84033249cf249549dfe
records/sweeps/e1/wmax15/ghost_s64_d5p5/summary.json	1934	187962a611074acdbb713c4312a02ab5fc5adb59da4d5104a00bc0a7ef2d69a7
records/sweeps/e1/wmax15/ghost_s65_d4/summary.json	1933	b3dd43947346f171e845b394b84f589be246ce62ef45bc65c64ec50cae749f43
records/sweeps/e1/wmax15/ghost_s65_d5p5/summary.json	865	7474c83ae829f3c54294ae5a17c0cd4e3cc28ca005d2317fd8fa1925eb61af0e
records/sweeps/e1/wmax15/ghost_s75_d4/summary.json	1943	40c5597ea391bf1d80287dc2f799b562bdc23c5b541f1ae973829ca5c18bb718
records/sweeps/e1/wmax15/ghost_s75_d5p5/summary.json	1945	217e39aa180b23503e0f3eab95829f5df4f327e5676692ca5b3d9b90b28710f2
records/sweeps/e1/wmax15/ghost_s76_d4/summary.json	1921	f698773826bcaac34b7bc390d451814ddae1cdbbc979da4443fece7cfe43a8e3
records/sweeps/e1/wmax15/ghost_s76_d5p5/summary.json	865	f6587f82dab70eb7bde6d73cc728c6c940711fe98b3f74dbb7e9b6872eba2821
records/sweeps/e1/wmax15/ghost_s77_d4/summary.json	1931	f135ede910fd81321da27821dbd1f0e1041aeb049b7eda361bbb12fc4d0da53a
records/sweeps/e1/wmax15/ghost_s77_d5p5/summary.json	865	aa35ac4743050b9e72b8aeefbec162ae791a51c2ae4b9c04dc9b788eea7621b4
records/sweeps/e1/wmax15/ghost_s79_d4/summary.json	1929	b311bef8f7b256c5e468e6db85c7ad8fc84ad11370dfd2f24298118402845666
records/sweeps/e1/wmax15/ghost_s79_d5p5/summary.json	865	c9791859f18bf3d4ce2dd75f814e74bfb4399573d557979edcd914c3818168b7
records/sweeps/e1/wmax15/noghost_s01/summary.json	1214	2a3af923712320f5f9ae47d313bfc1c77f2f4f88d41b378857f8a289935b26a7
records/sweeps/e1/wmax15/noghost_s06/summary.json	1237	73794d943950e494357ab9a38cdef05242991c05b16da0aec3bf5267f4b18c20
records/sweeps/e1/wmax15/noghost_s07/summary.json	2231	c9a05a152844e724f476023f1810206ccdb5e3276d9c2572a1f3a1ef99e8ae56
records/sweeps/e1/wmax15/noghost_s08/summary.json	1237	4506382625a3b231ea224d51b299a61d80a91f9208094875a6da8efad471c7b4
records/sweeps/e1/wmax15/noghost_s10/summary.json	1216	ec716d8a8a76564b71e125d1a6c098dc48d22aa49000ce62c8e37e247fcec9db
records/sweeps/e1/wmax15/noghost_s18/summary.json	1240	7070e8641f598d971af8a84fdc40d7b7df54d7da824cb127677c5f055649f945
records/sweeps/e1/wmax15/noghost_s25/summary.json	1222	e8025d1059ce4731910bf8f5cdcd62d5f33fe430020cf01ef22900dc069c0ea1
records/sweeps/e1/wmax15/noghost_s27/summary.json	2189	9f2c86e5b210a8797ec0153bc5b32690996cb8697db8fb4dfad4c4a487829d05
records/sweeps/e1/wmax15/noghost_s30/summary.json	1219	9d4c6a465ec78fbfa5cc4e37ad566a01cdb0f345c7b783eebeabc0855cc10cc0
records/sweeps/e1/wmax15/noghost_s35/summary.json	1221	0491682df72ddfd1b6bdc6c768fe8ae9e13253b9a0c3b9641a0d5cdf0201db9d
records/sweeps/e1/wmax15/noghost_s36/summary.json	1237	8b02213749790058ca4528c3e53372a6dd5c033f4ba9a9b0e395a9f3baa188e0
records/sweeps/e1/wmax15/noghost_s37/summary.json	1241	3472b73fd54a87a32825b80339409a50e31efbfa741655ac60133a95cc70032c
records/sweeps/e1/wmax15/noghost_s40/summary.json	1240	b0e71e1493388a02c05b6fca785f3eca7a5356da086000482e2e50a9a38c466b
records/sweeps/e1/wmax15/noghost_s45/summary.json	1232	5e0e3cbf47c8a7af9f6839a1877a1d26f690ad7aa79a50466fcb6cb6226b8a60
records/sweeps/e1/wmax15/noghost_s46/summary.json	1218	ffb1cae512d196e7dd23ce2458b886a7f4cb617c466fd3cb8a6c7bb2e199e3e0
records/sweeps/e1/wmax15/noghost_s49/summary.json	1220	5f9cbd1b58b139de8f98af9afae005fe54985641e976b131fb50362713f4c8cc
records/sweeps/e1/wmax15/noghost_s53/summary.json	1220	dda4ac0730c2c977fa985375d0f85c03e3ecbd3d320c90d5b61486d7798f9acb
records/sweeps/e1/wmax15/noghost_s54/summary.json	2017	da4a0f49e0f9b941b5164432cc23f315a618c8c2164ece8eb7c510f3a67e4c77
records/sweeps/e1/wmax15/noghost_s55/summary.json	1220	f18c6295df7d17fd60bca1c6ad7c145559f4e2bb7d8c66d9d295227bc0d58abf
records/sweeps/e1/wmax15/noghost_s58/summary.json	1233	0a84ccb68f703b83eb6890ce313582225f7e8c1ce445bf0900167a5689418faf
records/sweeps/e1/wmax15/noghost_s62/summary.json	1220	0e7e1bd28a812a4bc8d99ccb090ed9a7403cf2e8d78ca44b78179e7598e26f3d
records/sweeps/e1/wmax15/noghost_s64/summary.json	2208	c43f6110a51ff1e9fd1968e803d108173e1a620a637fb8caf0e0bb6f5db9bafb
records/sweeps/e1/wmax15/noghost_s65/summary.json	1221	b908f382aa72cad1c327149151bbbe3a6080fa4fb9b13ba466d2f83e8aabd541
records/sweeps/e1/wmax15/noghost_s75/summary.json	1240	c37477e80972415ba1cb7feb74b50a8d96e2636d7aaaab50779a868a5b01f97a
records/sweeps/e1/wmax15/noghost_s76/summary.json	1226	186e59291fa4813c0f7378c27391a32bf784154c44bab18c2e71392948273528
records/sweeps/e1/wmax15/noghost_s77/summary.json	1245	b2c2edd4d962096c9b556a033fd91ea03293fffb2d03b452ce36432b8a5cee5a
records/sweeps/e1/wmax15/noghost_s79/summary.json	1234	97af89e1470d22ea9091be1c49723a7ad376153276f33c5c1ec18a0fb13e368c
records/sweeps/e1/wmax35/ghost_s01_d4/summary.json	1906	f9e167cecd30ef7d5801e2c06113170b1cb8ddd68d05faaf47380587f3c63584
records/sweeps/e1/wmax35/ghost_s01_d5p5/summary.json	1914	7ccd8e3be5950564cfca70db971ac2d0f920a01b9eaceff4c7131bfa18cbe8ca
records/sweeps/e1/wmax35/ghost_s06_d4/summary.json	1932	304c73a53ebd90ad0bdde5117ddee397195aa894fe771ae2ea78f091c88ef22d
records/sweeps/e1/wmax35/ghost_s06_d5p5/summary.json	866	ac5f6d63324461b41a559b673befc0b40700c685aee70420b73962bb47fa0469
records/sweeps/e1/wmax35/ghost_s07_d4/summary.json	1936	c9a7671ca864a915508a190ede63b70c94edde11072e177d9cedab8f45d98b30
records/sweeps/e1/wmax35/ghost_s07_d5p5/summary.json	866	765177470ad50985d43628bd7ce2b5ebe524174e01dd0198fa475f5327aafb23
records/sweeps/e1/wmax35/ghost_s08_d4/summary.json	1929	fc467ac7f0c01fc33694b69688aefada86e4497dc92407e81c8f3e311e66b1c3
records/sweeps/e1/wmax35/ghost_s08_d5p5/summary.json	865	45788795a1d8b9955f6aea2aef24fd0e002202c621df26dd7812cd5b972a6ba3
records/sweeps/e1/wmax35/ghost_s10_d4/summary.json	1937	8e131ca8864e44f81bf8944d29cc2c5dd1f2898fe69f57cd56f4493330004a1b
records/sweeps/e1/wmax35/ghost_s10_d5p5/summary.json	1942	3b12c78d5d1b12b2ee47c11bede333a9d55b8f1b9aae4ed7b0fbfbb855ea79b9
records/sweeps/e1/wmax35/ghost_s18_d4/summary.json	1935	0eefc545080498f71a61b7a3c529ffc35b29f18c3a7f64adb45234d986ef5e0f
records/sweeps/e1/wmax35/ghost_s18_d5p5/summary.json	865	77a129d1980e39772cff62121cadcaf1a2d3bcc839f8b07b57719453ff947b4f
records/sweeps/e1/wmax35/ghost_s25_d4/summary.json	1930	6491682d893d8c88550e3b1dd9f801db8b85353e59b2dc4c2c2189933360a387
records/sweeps/e1/wmax35/ghost_s25_d5p5/summary.json	864	7b31eeb789663fafd4324c4623bff90f993636041df9aab6ce9ee2d2cbb52f90
records/sweeps/e1/wmax35/ghost_s27_d4/summary.json	1927	12f8792f4f363dc6201d445131d65d4e3548a50615dead44f1a1e80c8615918c
records/sweeps/e1/wmax35/ghost_s27_d5p5/summary.json	1937	63db98d92939edb183fc91bce2705dd5ee6ecfddb414db361b9748e48c4c9cf4
records/sweeps/e1/wmax35/ghost_s30_d4/summary.json	1925	99eafd46cb6dbaa177b995b445a675b96d2e28c033683ecf4fa3919a699d11b0
records/sweeps/e1/wmax35/ghost_s30_d5p5/summary.json	863	932ae61200299df83512271d72519344578c287bb96a2497904dc3322e382ebc
records/sweeps/e1/wmax35/ghost_s35_d4/summary.json	860	93d83adab47fdc8d4280357f3046669e3f1a43cb3cc2c25e24158c7689382027
records/sweeps/e1/wmax35/ghost_s35_d5p5/summary.json	866	5c2c9c60dcaa73d60dca4a2ab2069daff7900091627f7f1a38a1a709192d9097
records/sweeps/e1/wmax35/ghost_s36_d4/summary.json	1933	ef2dd9255c04d29607d396daeb951e6dbdb1acd40ce4f2ab77850c76f5811b22
records/sweeps/e1/wmax35/ghost_s36_d5p5/summary.json	865	2a9182537d79e938b6be5a459f525610bc261ba60ab4c0cd1d6f134ccdc1e6fc
records/sweeps/e1/wmax35/ghost_s37_d4/summary.json	1914	a5e8c8a9dcd16db1c41e7c228d0128cddcddd319523ba67c517d15903795b23e
records/sweeps/e1/wmax35/ghost_s37_d5p5/summary.json	1933	f58f1db70ecf406729788862a29a6b8681790421d9bff160ec25e45ee184ca2c
records/sweeps/e1/wmax35/ghost_s40_d4/summary.json	1919	6d1de8014b6fb239449e0f97a872c2363ab5087d755e9ebe556e09c312787d34
records/sweeps/e1/wmax35/ghost_s40_d5p5/summary.json	1926	a65af174177c735fe65321826221c808f93f6eb4f7dd97d93594f511029bd55d
records/sweeps/e1/wmax35/ghost_s45_d4/summary.json	1925	aa1ddf7f6498d4c48b492b165547fa36041722b77d493d8dee355f28d7949023
records/sweeps/e1/wmax35/ghost_s45_d5p5/summary.json	1928	d9ba072e6d26339ce84b7d66772c3681a419b8f4871dc3c4efa2173ade5fd01d
records/sweeps/e1/wmax35/ghost_s46_d4/summary.json	859	e7572d39d38a0b756611e9333b0aa4c50569cbae7a70cf1c02cc08cd61c8851f
records/sweeps/e1/wmax35/ghost_s46_d5p5/summary.json	865	93b3e4676fb9b4e07fa66bdc01348cffa8b8fe1b6f03714cdbdf76429854c1a5
records/sweeps/e1/wmax35/ghost_s49_d4/summary.json	1937	d49c4766b98f697775ced17a55a03b555b46a76c1b5af3bbddd924aea6c0fa04
records/sweeps/e1/wmax35/ghost_s49_d5p5/summary.json	1945	85bdb2a0ac13aa9c601e67435523bd6c4cd51625875471d48ff1cc8f00acadb1
records/sweeps/e1/wmax35/ghost_s53_d4/summary.json	846	192880c4d401b33752d9ebf975466b5187d5cb2cb28cc10ff7b5c452d13853af
records/sweeps/e1/wmax35/ghost_s53_d5p5/summary.json	866	ead78bc4c868b2911a7f99bc74282255e73ecc42efb7496074160d911465d52d
records/sweeps/e1/wmax35/ghost_s54_d4/summary.json	1925	9a439d1884a359f6db2c8d74c03f9c7834234564a7e750d23e0397d732d3447e
records/sweeps/e1/wmax35/ghost_s54_d5p5/summary.json	865	3d3dc16ffc455ec1e9b13a688f3e96f58e6be235b518446d986cefdc8b322eea
records/sweeps/e1/wmax35/ghost_s55_d4/summary.json	1935	8c604a5aa9cbd6777a0e7aae816d1c1ab521bd9758d04b15005748d09057fc41
records/sweeps/e1/wmax35/ghost_s55_d5p5/summary.json	1937	13e03cfdecc0da2445a02fc878082bf6700065edfb05544cd7245ba44bfd8eda
records/sweeps/e1/wmax35/ghost_s58_d4/summary.json	860	c77fda47409ebcc022b2b4b468e02ef4a5e9375e3bfa405f2995f1aa0ce5d2ff
records/sweeps/e1/wmax35/ghost_s58_d5p5/summary.json	866	5d2edcdbcf4fffbc52ce6634058636177667ca827aa5958564305c09801ccf6c
records/sweeps/e1/wmax35/ghost_s62_d4/summary.json	1927	c4381e43144c3803f11cc6609c673b08496fbe05365865dfec10411b97ed78be
records/sweeps/e1/wmax35/ghost_s62_d5p5/summary.json	864	8d487c5724fec29994ff039e42c890b6f2b4b44115458e0d1e531c886c2df262
records/sweeps/e1/wmax35/ghost_s64_d4/summary.json	1898	313634b02596af902513ed24403dfeb8817783ceea598988d0ac8efa4a66f934
records/sweeps/e1/wmax35/ghost_s64_d5p5/summary.json	866	1d09e1853d4d9a804ddf63197774e1647342e124cb3ea95a3e83daead83e6767
records/sweeps/e1/wmax35/ghost_s65_d4/summary.json	1935	995cca927541ca8c8382367694b9568a020c098b7391d5f75dd23ecbffdf4cd4
records/sweeps/e1/wmax35/ghost_s65_d5p5/summary.json	865	eb7461cfb264bcb87cd32bd20b32d9c2fce79a6c78a997c1d7f2ec0cc5024a73
records/sweeps/e1/wmax35/ghost_s75_d4/summary.json	1939	aff3c5ea28d98e711b4f8de95c10cbabf88cdce29daa84381a4b4b6d443ade52
records/sweeps/e1/wmax35/ghost_s75_d5p5/summary.json	865	a0b0265474bbec18d59e6cc257b9fd1211cd5dc118c4b7923c89a36a96474f99
records/sweeps/e1/wmax35/ghost_s76_d4/summary.json	1919	5bed93ae64cec19e29a698b94def4c3b488b99458869b4974bf487db2bc142d5
records/sweeps/e1/wmax35/ghost_s76_d5p5/summary.json	865	38e551a239ded83e51662af2da29d9266b12de11250a8490752538765190d6d2
records/sweeps/e1/wmax35/ghost_s77_d4/summary.json	846	6f377356eefce238a1b83f19a125cb529fc0539f8ddcf66ae48b00936a18849c
records/sweeps/e1/wmax35/ghost_s77_d5p5/summary.json	865	d2d8bce191dd95ad4b18b9dd3b497807744af9764b783e15a8420f4570f63d07
records/sweeps/e1/wmax35/ghost_s79_d4/summary.json	1927	85c0369a981ec218cb46e8ad1329b6730180cd640663ac9f029b013a99e87d58
records/sweeps/e1/wmax35/ghost_s79_d5p5/summary.json	865	7448db97877e8d0fbe32137763907727145831e8eb561b0b64adba3431cd52aa
records/sweeps/e1/wmax35/noghost_s01/summary.json	1214	e45cdd7c2b0915a81434391e7e77f38daba83f55db1f01194dc489c41975b22d
records/sweeps/e1/wmax35/noghost_s06/summary.json	1230	1542834815299a2145f295714224211bdc3667552139f8dd6f865b216a8b3b39
records/sweeps/e1/wmax35/noghost_s07/summary.json	1227	20d344db7dc6e742971043f4d3bdd0dfc1de6157906c291c847b309acbf80276
records/sweeps/e1/wmax35/noghost_s08/summary.json	1235	45bf8e5e1ebb9c4ec2ed7d5cd468f0ad969d6632d55e0875d155e3366a653961
records/sweeps/e1/wmax35/noghost_s10/summary.json	1207	b477a262a51df5952f6be70f3145f0c1316c30f0b157b518bc130158e6954e46
records/sweeps/e1/wmax35/noghost_s18/summary.json	1242	dbec75513bfc04c52baa67d36a678d8c45b99310125a04c9798fc01c76e54b2a
records/sweeps/e1/wmax35/noghost_s25/summary.json	1231	bc720597fbe26bffbef7d05a3f1342b8f314ea76a5995e9be28a78bfff749890
records/sweeps/e1/wmax35/noghost_s27/summary.json	2189	46daae1d26b8c484f725f48c9864b0c8e662a0f7da7bad8e8db44e7ee4ddf4f3
records/sweeps/e1/wmax35/noghost_s30/summary.json	1212	4f9c032c6375fe581443468187a801c718f9ec6b3ab013bdbbf98f39ba6479e9
records/sweeps/e1/wmax35/noghost_s35/summary.json	1203	bf8e776cf54ad24d281068c09b340f43cb73e29ae9d711e238209db2b11e55b5
records/sweeps/e1/wmax35/noghost_s36/summary.json	1234	56526e62a69acdefd45adea65d2b9c4db1a0b4f6ca32738266e16ccfa7676da3
records/sweeps/e1/wmax35/noghost_s37/summary.json	2230	21b544bf65430a073ed6a8209fb4caee31732cf691fa85003a516808c5cca37d
records/sweeps/e1/wmax35/noghost_s40/summary.json	2212	8b651f697954c7b950a1640412f6c676e03d2c5f3345bb4c86de983fe84083e0
records/sweeps/e1/wmax35/noghost_s45/summary.json	1233	a5f2479522c33485965f17b046426d80a8afeb06f3a53af81a05b1c22667bafe
records/sweeps/e1/wmax35/noghost_s46/summary.json	1221	20e3da333af682aa992cbba5d28085e1f7cbd25c6ccd3851dc4fc3189957a246
records/sweeps/e1/wmax35/noghost_s49/summary.json	1220	5fd7f29dc6bc0ed75dd77ddf3cc1505960556964b54c0222e685b645a9769e5c
records/sweeps/e1/wmax35/noghost_s53/summary.json	1221	4b500f18634d3ea82a2715ee94675cce7202cc4ab9a5d1a5615f02471d34fada
records/sweeps/e1/wmax35/noghost_s54/summary.json	1239	fab1d24cf5426bcaae71f8654294da11f065d8e48a216f92b84d0794b4ca5c28
records/sweeps/e1/wmax35/noghost_s55/summary.json	1209	b99ef0df6892a9b6850167a3a26826cbb37332ea850da426fdd048ddff6a8c3f
records/sweeps/e1/wmax35/noghost_s58/summary.json	1237	faff406de5e499411d6b12bb53f9a33cb97edcf27463fb2b1f9c29e39d832eeb
records/sweeps/e1/wmax35/noghost_s62/summary.json	1212	c4d94bba3c1cc4b7efc6e5ac53bc3ef9db1a1072dfe89650a4675565949140ea
records/sweeps/e1/wmax35/noghost_s64/summary.json	1221	3c57937841bca7ad948159a90c75099cc973f8dd270f714c8c0eb34de8bcc14d
records/sweeps/e1/wmax35/noghost_s65/summary.json	1223	0e4027868ddb176283b5340b97b090ea15a810ead6c228124da4b7cc35f96499
records/sweeps/e1/wmax35/noghost_s75/summary.json	1242	9389b452de58c0548f8dddf1d6c1300f893341ffa02beaf7afc57b83ee54793b
records/sweeps/e1/wmax35/noghost_s76/summary.json	1231	0c4c8774914f2a308aabd3c52a5c600f5b5c1307d023fd743621645f3b3f7e9b
records/sweeps/e1/wmax35/noghost_s77/summary.json	1237	673b34396491de19a5d87b164d087216d36fcf43d42c491557d602ac28a3407f
records/sweeps/e1/wmax35/noghost_s79/summary.json	1242	42769c5539dae03a6c0db43587edf6c6f2540604a5546524e8bfea46ec05cc43
records/sweeps/e2/s01_d3p5_v1_aeb_only/summary.json	1923	d9bc38902ef4e201b8387134ac6487447d562d46f65cbbcae28aa0e8f3a24b2c
records/sweeps/e2/s01_d3p5_v1_mind/summary.json	1892	f85a118a7a541bbb9d5d0cdf325b8cccac5943cb73033591e6d81c7bfc0c00bc
records/sweeps/e2/s01_d3p5_v1_ours/summary.json	1882	9c882e9744ed19eb07f04d821bb5e270bf5ca61a497983a570be6862c1c9ba33
records/sweeps/e2/s01_d3p5_v2_aeb_only/summary.json	1915	f74a0e1dc9010ef60cab68da800d94177e65c4c8f27f3a19d1b8cfc82875ce92
records/sweeps/e2/s01_d3p5_v2_mind/summary.json	1896	41b8a0c4f39841ebe3e09d3e1cf686428469f40500bdbf4ffbd0c29b0eabaa22
records/sweeps/e2/s01_d3p5_v2_ours/summary.json	1900	f8d3ffdb3d1a481934f55d18a0bad933c88339a080ad7985dfcc48adc878cd99
records/sweeps/e2/s01_d3p5_v3_aeb_only/summary.json	1919	27dde00d75e19fe595dc0755327905d712f24a5fd43654eff42a56cf0cff2366
records/sweeps/e2/s01_d3p5_v3_mind/summary.json	1894	b2f36eaf901ea2bbc0ea061f80e80617f9cd124ec1c5303912943a99f8684d9a
records/sweeps/e2/s01_d3p5_v3_ours/summary.json	1886	27630f173f4e6686b796fbdbe41c954dccd85b3dbe2a0f212175a6dfad57f318
records/sweeps/e2/s01_d4p5_v1_aeb_only/summary.json	1917	cb9445ac7b6b5f5c83bcd7bef76effe20e02fb552f7a1ca4d166abe759377172
records/sweeps/e2/s01_d4p5_v1_mind/summary.json	1895	e493eb1c9aef4e9cafe31eba677743ba991a4578b600e216867d50ea6763c5d4
records/sweeps/e2/s01_d4p5_v1_ours/summary.json	1880	dce90a55a1482858876ba4e636c92ad42a8de05c85019fb83f45fa02e79fa9ba
records/sweeps/e2/s01_d4p5_v2_aeb_only/summary.json	1917	cf032373288d0e57ef7b2c51a71ae26eb547e85fd58d612162aa0883d9f281e4
records/sweeps/e2/s01_d4p5_v2_mind/summary.json	1892	c01deedefb04f88ebd9b0cdbd1cced6bce6e446bc1c1d2de3c6e110e8a5a9dd6
records/sweeps/e2/s01_d4p5_v2_ours/summary.json	1882	2d5f604910e6a76be282d8f0c04c6f7ecbd7cc86c691b1a28ea42a694db82957
records/sweeps/e2/s01_d4p5_v3_aeb_only/summary.json	1915	9347f8d3b9d27ae66a0487b14fcb81e51ba344439f3f1e64f65260ea42911ecc
records/sweeps/e2/s01_d4p5_v3_mind/summary.json	2335	63cb2135e098c0be3a0dfbd25674738500f4c0999f3c7a048f13708bb459ca0d
records/sweeps/e2/s01_d4p5_v3_ours/summary.json	1884	ec739524360f5df55be8ab863ca9a7542b5c4a27bcfe65b5d2e7e824189c5ce0
records/sweeps/e2/s06_d3p5_v1_aeb_only/summary.json	1941	31705b6a9b92d0aae64f6e40e6cbf61fc0582f4b2a6cd688f531bdb688304c13
records/sweeps/e2/s06_d3p5_v1_mind/summary.json	844	15001acd6e7e40ff78414ca31013644fabdc50e522432f24369b09f06b5718cd
records/sweeps/e2/s06_d3p5_v1_ours/summary.json	1926	b3d3bd580b12869bfe0cb2434c5d3fb52bb664fd1df2d73966700c8110c879e1
records/sweeps/e2/s06_d3p5_v2_aeb_only/summary.json	1929	864dc5c78862fe44ac139ff9eb9e3a4cd2b7d5a7bbdb286554fb97d51f2ddbc1
records/sweeps/e2/s06_d3p5_v2_mind/summary.json	1914	528c4dd8fb9f6f5bee8d4866b1b54205fca96ddda9112c4da550988d192a3510
records/sweeps/e2/s06_d3p5_v2_ours/summary.json	1916	8170c7b65d26392ef532c6a490e11b8c08ae52d6672e6387d2648dd981168b75
records/sweeps/e2/s06_d3p5_v3_aeb_only/summary.json	1935	e896a34ed69e1f0f91ff891701a1565f6226730d735ebe1d553ae719d354a01c
records/sweeps/e2/s06_d3p5_v3_mind/summary.json	2353	df28186fb100056db46ff15bcf6fc2c41a09686ac9e1b502741df05b9d03273f
records/sweeps/e2/s06_d3p5_v3_ours/summary.json	1918	ba03cdf348e01ee4f4731ca413747aa9b83ff92acd5e2c1ac8320010dfc7f24b
records/sweeps/e2/s06_d4p5_v1_aeb_only/summary.json	1941	39302fbdf050a36891923a6482ec8e1a2e5910f8a50d624e1aa1d16bf46da265
records/sweeps/e2/s06_d4p5_v1_mind/summary.json	1928	5f099f45325964dc35f259aec1bc90704f1ba68688d0145657ea737a2a690910
records/sweeps/e2/s06_d4p5_v1_ours/summary.json	1919	1ee551b4219cf91a979377ad0251243f08a517f5164b8ab2790ba86b76977580
records/sweeps/e2/s06_d4p5_v2_aeb_only/summary.json	1935	e4c22f12914b602d8dc08451e256bb2a680f1b10ee85814c843d9f19238da110
records/sweeps/e2/s06_d4p5_v2_mind/summary.json	1914	ef3459e1dead3cadd604b3ae1eba4fb45b6e505356c2b39616566db38c15641b
records/sweeps/e2/s06_d4p5_v2_ours/summary.json	1913	79ce77746cbcca1ec0249ec9bf85a72ad12de06201ad886f8de2eb776801e914
records/sweeps/e2/s06_d4p5_v3_aeb_only/summary.json	1939	9b4525db807d7fb6c225d440d63d0f552ee25b7626617bf23a1db57166c040d6
records/sweeps/e2/s06_d4p5_v3_mind/summary.json	1912	f534d77d45f13f353026ec3a122b157cc81b8dc39fcf1b74a897a91ea1b2aa3b
records/sweeps/e2/s06_d4p5_v3_ours/summary.json	1917	22f3245addce8f898268736757f1a8d92e52dee81717ac8dcc22d2dbe07915dd
records/sweeps/e2/s07_d3p5_v1_aeb_only/summary.json	1924	ef3e5b83112757d64264f671abd397b0997f9a5c367420526ebcf0e6986c6104
records/sweeps/e2/s07_d3p5_v1_mind/summary.json	1911	b18eb539e83ab36dd8a1dc5fc9a43710921c94fb6c71ea0c419ca96942be643b
records/sweeps/e2/s07_d3p5_v1_ours/summary.json	1916	132fca86ab5d3df633c16b47a1a9fde326bead614176376b05ae5ef96c645d35
records/sweeps/e2/s07_d3p5_v2_aeb_only/summary.json	1930	55a0847220d60218434406db973c1a1ddc1b74554fb24262b6ab2b4fad79d331
records/sweeps/e2/s07_d3p5_v2_mind/summary.json	1915	61c4f4c3cd44cccc94de1b201ebfc81a521f9194bd0bde91fcd3dccd0f67d234
records/sweeps/e2/s07_d3p5_v2_ours/summary.json	1920	b2b14c5f81fadfc894be6a9fceff1f88751aa2380b73cd9bc1dc6bba124843d4
records/sweeps/e2/s07_d3p5_v3_aeb_only/summary.json	1922	4561fa80df4a410c030307ef6697aa4bed9245505a95ac1a0dc32c9cb7575189
records/sweeps/e2/s07_d3p5_v3_mind/summary.json	1911	556b372e0bdeef05b700603adc76b8a199f999e61cec18d8e6611ab72bd60ffa
records/sweeps/e2/s07_d3p5_v3_ours/summary.json	1914	394ccab24916654bbf0b91cdde0345d65b05b64f4a78c682a0befa294a6649d9
records/sweeps/e2/s07_d4p5_v1_aeb_only/summary.json	1931	1998435421cbf0181284da6e5822534fd0bbbe611e35021ce5ba5fc2de56befb
records/sweeps/e2/s07_d4p5_v1_mind/summary.json	2352	7bfca9ea5048318fc302aa0bc0f93fca8b5234cc84972c01858e0036e07be8ce
records/sweeps/e2/s07_d4p5_v1_ours/summary.json	1914	5c0b7ce9a004ef5b27fefc7f82364c18a67160ba1ada1a2c019afbf2371d4f90
records/sweeps/e2/s07_d4p5_v2_aeb_only/summary.json	1929	6bc5dc57dba26c6e8bf07c88bcfb05bde987a0a8695fea670514eb1a7ee7e951
records/sweeps/e2/s07_d4p5_v2_mind/summary.json	1906	c6313e47f668aed501e858631e850a61e2d6440c2935424e14df57953a7ec0ed
records/sweeps/e2/s07_d4p5_v2_ours/summary.json	844	c73a9f7a25ed676bb3ac68933361bae1b39e0b59afe63dc531c5c742104eee81
records/sweeps/e2/s07_d4p5_v3_aeb_only/summary.json	1937	18f815984e77b77586ec6d7937da1598b28c93292bd9d9e033b08bb14a7efd18
records/sweeps/e2/s07_d4p5_v3_mind/summary.json	1906	13ffdf7a74002f84c66f615ebbfa540a2281c81881a4114a9ef0125d31793679
records/sweeps/e2/s07_d4p5_v3_ours/summary.json	844	d6f435cfe4a9e5bdbd07fc89a8cda48f39aaa1f5dc8346bc7031a45aaa2f2ca8
records/sweeps/e2/s08_d3p5_v1_aeb_only/summary.json	1943	669712999eba251ed110d5a4f6682a1a20f1d7bda78e9eab7d7a895da5cf4de6
records/sweeps/e2/s08_d3p5_v1_mind/summary.json	2350	5f4e1022795f3579fd5e2f2a2c711e4086968d4e0fc0bf043f64af3ddb7d88d2
records/sweeps/e2/s08_d3p5_v1_ours/summary.json	1914	b362541ed5ad677a21b1b26716580a70e44a7e6547ea8c085bb3bc22cc3d6b5e
records/sweeps/e2/s08_d3p5_v2_aeb_only/summary.json	1933	0afd9e685d609180543439b2be320a58fcfeb7fafb159f203f6ae96fc828608b
records/sweeps/e2/s08_d3p5_v2_mind/summary.json	2349	f4884f7f2aa69257455b41ec67164454f38e94859cde3ae5a3fa2a91d3c76c5e
records/sweeps/e2/s08_d3p5_v2_ours/summary.json	1912	73e2c87f43fe9c7248f552ecfc64fb373f672c9f7243277aae445e4664c1c3be
records/sweeps/e2/s08_d3p5_v3_aeb_only/summary.json	1931	24ae8e12a104e9975e9cb2ad47920ad759e103d2944cecfc71773221632ef9e2
records/sweeps/e2/s08_d3p5_v3_mind/summary.json	1908	417f0be3eb15e3d2a7ae1900b43b592a0128a43537ee8c073df73598cfbfc6b0
records/sweeps/e2/s08_d3p5_v3_ours/summary.json	1910	1ccdc1b1a4c7faf543a660cdbbbb784e5ee3d6ec72b02f086204fa3bf6271c3a
records/sweeps/e2/s08_d4p5_v1_aeb_only/summary.json	1943	adea71351a18eaeb8a7a9a7672970fb5692fe822266eaf0fa670010b58a5fe52
records/sweeps/e2/s08_d4p5_v1_mind/summary.json	2344	0b317f2dc81dd055ad310118629f8a50898d6b134da4f7bbff40061baff5d227
records/sweeps/e2/s08_d4p5_v1_ours/summary.json	1919	3390f46e8105e4f87f8eef8c136359cb452a18913a9ac59fb4e1b29b35123f1a
records/sweeps/e2/s08_d4p5_v2_aeb_only/summary.json	1931	c12bd129b029643675396daa07bf95e2fb31aa33b213e0997fbf691a84732e29
records/sweeps/e2/s08_d4p5_v2_mind/summary.json	1908	a671821fd8700c4913d0465341be13ad5bfe52d533e21b4c4efe408457a93daa
records/sweeps/e2/s08_d4p5_v2_ours/summary.json	1917	9b155eddbdbccd8ee286f7b8cff72a411f7fb5fdcb9a3729545daf2d4d4731e5
records/sweeps/e2/s08_d4p5_v3_aeb_only/summary.json	1935	49d3423b1af1a77a8e8a109ec6eeb3ba9112dce9204177c6b32a2f752d615ed8
records/sweeps/e2/s08_d4p5_v3_mind/summary.json	1908	71e19f8b4e1e0699f037423b22530fd622154f32733658fe548a6c45efda27a2
records/sweeps/e2/s08_d4p5_v3_ours/summary.json	1919	c23f583ab74c86c2e3df850088b706e7ff0075815282ef00cb2fcc4ed90602aa
records/sweeps/e2/s10_d3p5_v1_aeb_only/summary.json	1953	d64f405d330c8c2f3d27bb2807f613ecf059f470a1c24cbb106483ead8ab5a7a
records/sweeps/e2/s10_d3p5_v1_mind/summary.json	1926	010c51675a20cc974d4990693fb30987da59c67ffe3bbdf5eed8c14791d9538f
records/sweeps/e2/s10_d3p5_v1_ours/summary.json	1927	7a448efab3f4d7ca9932eebd4a9174e2367a27d7e48f5bdc37d51d562e244546
records/sweeps/e2/s10_d3p5_v2_aeb_only/summary.json	1951	e2a2ffeb95befab663f4fc52538cec12bdb1972a6b2145bf7379060081e112af
records/sweeps/e2/s10_d3p5_v2_mind/summary.json	1908	f966973a30403e10c8b362f7fd6d9523ded70294131a6007d5a8f5118c4cf0d2
records/sweeps/e2/s10_d3p5_v2_ours/summary.json	1923	b94053821082e2d2af9551bc2d2e39cfea53c512d3b3b50e061d80307fbf75c3
records/sweeps/e2/s10_d3p5_v3_aeb_only/summary.json	1945	08a3ed769f7a1e8ad2fac4f9d6e38f37152a9c0e34fd76f96e08b2d0f3b6c50d
records/sweeps/e2/s10_d3p5_v3_mind/summary.json	1918	4dc64ad15fd093a28c969ab0c1c2e1a9b86c0307c61f22fd09e7b37fc37ec057
records/sweeps/e2/s10_d3p5_v3_ours/summary.json	1923	2956312a0eaccb38650fa5a14b4adbfeeac459365053913691f7809d1d3230ec
records/sweeps/e2/s10_d4p5_v1_aeb_only/summary.json	1949	0d73672642a46e1cec6da30642d4f70df95001d11458afa874c42caad48bdd89
records/sweeps/e2/s10_d4p5_v1_mind/summary.json	844	e30e5b7e414f2d3744b1ed29a0a5b2552e6a12f32b712985d66683dc17e64cc6
records/sweeps/e2/s10_d4p5_v1_ours/summary.json	1924	1a7faeb884355797654d1af82fa2ce32cf3a34bde19dc8a134914b2289fd7523
records/sweeps/e2/s10_d4p5_v2_aeb_only/summary.json	1949	e612d93e683d0b13223a7469973eb120fdddd987955485ee410f32d97ac6664a
records/sweeps/e2/s10_d4p5_v2_mind/summary.json	1910	b2367aa6219f34d69851418f15e06781eab31a94e4bc5f0ce966fc63ef341a97
records/sweeps/e2/s10_d4p5_v2_ours/summary.json	1922	6fadc7911518851ad6de2e22ed5e83f18661a9b390674e1594a73cb9bd917598
records/sweeps/e2/s10_d4p5_v3_aeb_only/summary.json	1939	052cb5460331569be565700d0b3b4ca105fa32263749033029589fb5d278100f
records/sweeps/e2/s10_d4p5_v3_mind/summary.json	1918	1f7612c9e6b0ff19a291260d01689cc4201c18e332473648975c6d58e2b912cb
records/sweeps/e2/s10_d4p5_v3_ours/summary.json	1918	f7b7966302a101e395d9028e0d0a5c7264ed361b128938b4d471226bbe2357f5
records/sweeps/e2/s18_d3p5_v1_aeb_only/summary.json	1947	7cc0d9a8898a2007b75a96efbc976bd84e2727453abdcb7153e65a8c5e5bdddc
records/sweeps/e2/s18_d3p5_v1_mind/summary.json	844	954f89a724fed663e8c996db46b1505273618420911ccd4d6c7aa3682c0d5123
records/sweeps/e2/s18_d3p5_v1_ours/summary.json	1918	07c7b714a432f8bce77b4bbb99049abff0c8e030f05f1a6dca1aaf1e224afd5c
records/sweeps/e2/s18_d3p5_v2_aeb_only/summary.json	1945	947e68f7982620b15e8424346336d13b5c6e5c5a5bad044b605f3c39e650c073
records/sweeps/e2/s18_d3p5_v2_mind/summary.json	1920	e59daea260f027264ef29346d2e44d2b84d3d2e3a2049b41662c4bbe49c9df85
records/sweeps/e2/s18_d3p5_v2_ours/summary.json	1912	89107f9246d9f7ffd3d78f7e710ef3dc08db0edc1d5541b15bc0d406c7de0b6a
records/sweeps/e2/s18_d3p5_v3_aeb_only/summary.json	1945	00103a51bf4227431131ad889a2eb23c56363a16be8be79c3c09d05f5f112c57
records/sweeps/e2/s18_d3p5_v3_mind/summary.json	1920	9c145093b8ca00b8518a4e37689e47698269a03057419788ab32721e522ccff7
records/sweeps/e2/s18_d3p5_v3_ours/summary.json	1918	eb48b03c3845ef8be14dd8cfb49db2b4f25f0b795b99b0e7e924566009be3ea3
records/sweeps/e2/s18_d4p5_v1_aeb_only/summary.json	1949	4322b5930df977696f64de4e05b8f106235bd0d6a9178699ab281b66acb8f9c1
records/sweeps/e2/s18_d4p5_v1_mind/summary.json	1918	6974831d81a295972a1f0973f30c3ad23a257681c879b438f2aef8d3590473a5
records/sweeps/e2/s18_d4p5_v1_ours/summary.json	1925	304bdbf15a05cbc72a2c350859e9025724ddc7e13224b9292ab642af2d6a5118
records/sweeps/e2/s18_d4p5_v2_aeb_only/summary.json	1937	16d319de847c96e3e3d0ecafdca60d5c9c43c4d45d0002add8a44f7865cac6fd
records/sweeps/e2/s18_d4p5_v2_mind/summary.json	1918	ce01270a9ee1cd4c326f112d3112ac9bd4e9bc105fb6c03d23ec6de56591cd99
records/sweeps/e2/s18_d4p5_v2_ours/summary.json	1925	855d43f80178b3c58aedb6d8b80ec39b099a617605ddf6ef08c7a198a10b3982
records/sweeps/e2/s18_d4p5_v3_aeb_only/summary.json	1939	8b52f39b9c5dba78f4bd2e61e6308c3557518b372694e7bc389974642fe6de8f
records/sweeps/e2/s18_d4p5_v3_mind/summary.json	1914	44430caecd41f09893d47efe3a4385ba80a9af79d4934bb117de3347ec86fbb3
records/sweeps/e2/s18_d4p5_v3_ours/summary.json	1925	9f823e90404b1c197a797cf5460001819e3be28f3979e90c5b4cb5d216d6032f
records/sweeps/e2/s25_d3p5_v1_aeb_only/summary.json	1942	e580769a64cebebd0481a1ad85eb05a90aa9bdd9a856537f01ce9733d5e6a5e9
records/sweeps/e2/s25_d3p5_v1_mind/summary.json	1909	0e96acb7b963d75831d0aaec59dbed8f7a35a660240a3756d01f143f96d1a30d
records/sweeps/e2/s25_d3p5_v1_ours/summary.json	1921	be5a8511b28c975aa1a0f1494610cdc4d0640c3d4b1eca988b5fa506ef9130de
records/sweeps/e2/s25_d3p5_v2_aeb_only/summary.json	1934	c103a67ff966aded029dc0e261656317f6cd208a40e70e7896666dbcaae0aacb
records/sweeps/e2/s25_d3p5_v2_mind/summary.json	1905	04c14617dcbc92a43d81a75ea469958b5f21109312665a1161da044ccac92334
records/sweeps/e2/s25_d3p5_v2_ours/summary.json	1905	ad599da852078cfe804a372ad117709d4c7f1721d930b8418a5c4e357fd5a178
records/sweeps/e2/s25_d3p5_v3_aeb_only/summary.json	1930	0a679d5b034943c1e3cf8e2ff22f01f37dd9c32ef4e246c84a58195c94da5bc2
records/sweeps/e2/s25_d3p5_v3_mind/summary.json	1909	c94273d7149b5348f369da499ddcf33e887b23db931d18f75d44df8ea6f2133f
records/sweeps/e2/s25_d3p5_v3_ours/summary.json	1910	f71403609a532f671081c98f39b72895df73e8157d5a7e703ef6f07962d3db8a
records/sweeps/e2/s25_d4p5_v1_aeb_only/summary.json	1931	7f80a9fbd47379b10fa87c457a922940b33cb4649cfc8f152a6c53af3492ed5c
records/sweeps/e2/s25_d4p5_v1_mind/summary.json	1916	eee849a9223f36f2067c93f5284c9dba768de3042b10b388cdd95364dd42931d
records/sweeps/e2/s25_d4p5_v1_ours/summary.json	1910	5d1973a1cf98c84f3de4f8e348a8881b8eb531d507de8026c4339cf7abbd1e86
records/sweeps/e2/s25_d4p5_v2_aeb_only/summary.json	1937	fdb2e55aab662a0b0bd3d907e77a9a6ebfdf79fd9695277289683f39fea8ed6d
records/sweeps/e2/s25_d4p5_v2_mind/summary.json	1906	3e5b3b48c76827f897c54667ccccdcd5a3cf01467d017697b854afa591fd3ed9
records/sweeps/e2/s25_d4p5_v2_ours/summary.json	1908	283ad3065f7ce41e88182542e370688610682b7d831951e547df3b69e8acea21
records/sweeps/e2/s25_d4p5_v3_aeb_only/summary.json	1931	d31114c73c2ccc6c1638206ee2345abf8c0c825eb3ee1e3b2235ac31e58a7e25
records/sweeps/e2/s25_d4p5_v3_mind/summary.json	1916	5c3a7fb15cb1dbf84618394bb04992e46992037e6c7224cf148c2e55aabff45a
records/sweeps/e2/s25_d4p5_v3_ours/summary.json	1906	4c974532da2a5eed31183fa276659642858ce4fc04ffe15fe28895aa96bb4d7b
records/sweeps/e2/s27_d3p5_v1_aeb_only/summary.json	1940	97ddf62887cbb74e1891981f26596e009d3106993d9721b774984be49fd22655
records/sweeps/e2/s27_d3p5_v1_mind/summary.json	1919	cde7d6a852b375b08031f06e6082da0da76dd1f25c6bc07c4596ebe94df11782
records/sweeps/e2/s27_d3p5_v1_ours/summary.json	1916	6c5acb39443de48ed16014e7c714a4149174712c2cce28505d95db824caccfd3
records/sweeps/e2/s27_d3p5_v2_aeb_only/summary.json	1942	066f5175eeb55c7db9be275458262853be75d5ed6bf8d95e6449f609a3cb439a
records/sweeps/e2/s27_d3p5_v2_mind/summary.json	1917	e651907339b9a4fc4c4d2d92150013306eb09629663634ccc5d1dff824f80857
records/sweeps/e2/s27_d3p5_v2_ours/summary.json	1917	4f5335f1e28766456b7773df1bc04c2fbeaed59c0fe68c49023a97ba42f03396
records/sweeps/e2/s27_d3p5_v3_aeb_only/summary.json	1942	37a4d3b3c2964fe3b29762ffba4b98d795c7a047ce0028d89d4237157d6ff1eb
records/sweeps/e2/s27_d3p5_v3_mind/summary.json	1919	2c340a64db70e364b3bc520b86060e738c3aa6876fac8e8abf2dae7503b953c3
records/sweeps/e2/s27_d3p5_v3_ours/summary.json	1917	032461499ef9cc1b9d03ee3998b1b384d50e8fa03f2084ce9b5b179aeb366042
records/sweeps/e2/s27_d4p5_v1_aeb_only/summary.json	1945	2140c71b9ee1356ed6280d626e9c30de9bf3a81867c4a660591269a776edb0a0
records/sweeps/e2/s27_d4p5_v1_mind/summary.json	1916	1ef6f8fac83477a9bf8a0de1661a0186284c85c412f13d499215c40aced3a9d2
records/sweeps/e2/s27_d4p5_v1_ours/summary.json	1920	18fdf13699659768ac1841e64093218ef22fbdbb70d553b0dd9906698138e1f4
records/sweeps/e2/s27_d4p5_v2_aeb_only/summary.json	1939	e384e52fb065e6a4bd259e20b112c8ccd51426b20a38978a079c5bf72b54817d
records/sweeps/e2/s27_d4p5_v2_mind/summary.json	1915	cbb87fac1f7799c8d1d3cd27eaee923d6fd2e40649a4a7eeac845617fb41dd73
records/sweeps/e2/s27_d4p5_v2_ours/summary.json	1914	3d9db990c1114554e7934c8698c68438a5d9d61e9b5b078fec65de81e0cf501f
records/sweeps/e2/s27_d4p5_v3_aeb_only/summary.json	1941	438fc963f8bb8f35ce6abff432e170660ed31d9be950307f043711200828a467
records/sweeps/e2/s27_d4p5_v3_mind/summary.json	1913	19dcdd37c701c6c21b3d0e9fbe9dd54d130cc30f7db0b889a599c0f5f0b70f3e
records/sweeps/e2/s27_d4p5_v3_ours/summary.json	1916	0c73845a6eae4e4c77aa8057dea68df46dfd525edb4356e31deb67d81b69cf39
records/sweeps/e2/s30_d3p5_v1_aeb_only/summary.json	1943	da3357aa6478249f7668e8787bc1d3fecb8fe8e23d5f3a28c7b0db56a39c716b
records/sweeps/e2/s30_d3p5_v1_mind/summary.json	1911	bc4046d7898a7fe21133f95529cecbd56bbba6984afb291fff569a42abd6eeff
records/sweeps/e2/s30_d3p5_v1_ours/summary.json	1916	5ddc851c2fd11db5e042072340c02cdb80d09606a30e27f3c7fc90c000760ac4
records/sweeps/e2/s30_d3p5_v2_aeb_only/summary.json	1941	c5441aeffc28e4dcdab567c011501628fbd3845a745e4bc2e0e76cd4a95019c8
records/sweeps/e2/s30_d3p5_v2_mind/summary.json	1908	ea9802d435560dc9dde32799ae59cdf9ebfff3c529ff3646c08a0a62ddbce296
records/sweeps/e2/s30_d3p5_v2_ours/summary.json	1916	fbe0ab758688c044e9197f102efc1f116baf578ef349ac460c639c7b3b5bfe4b
records/sweeps/e2/s30_d3p5_v3_aeb_only/summary.json	1935	62da7acfe8cb8d6a5a27984b18e51ecacd88a542314ad83230f4aa7e1e844aac
records/sweeps/e2/s30_d3p5_v3_mind/summary.json	1908	ebedbed90eaf69e623f30f49455f2e10cad2fb12d28a005e06bd8761e2298871
records/sweeps/e2/s30_d3p5_v3_ours/summary.json	1911	3f9ae89fd621fc011d5bab49e5a375bf84eb4fbc22bed902c1a85d6f443594ac
records/sweeps/e2/s30_d4p5_v1_aeb_only/summary.json	1946	fb4d345e2e99bead89f2829ff6d92d3e15e2e536f35955bee971861c31b507c2
records/sweeps/e2/s30_d4p5_v1_mind/summary.json	1914	3554354d1e2ccc53dc683e57d67330a2217b70ab622939ddb677a9eb78bf9274
records/sweeps/e2/s30_d4p5_v1_ours/summary.json	1919	edd720559743d61474ed31fb6cd12ba7ddd4c372bf9ff2c42d9ad8e19a0a8db4
records/sweeps/e2/s30_d4p5_v2_aeb_only/summary.json	1938	5104565a7b609ed506251ced5017a79ccaf708c015ce12099c2297474a264905
records/sweeps/e2/s30_d4p5_v2_mind/summary.json	2349	b7f0a9db20ad434331e8feb3578bb76a60ea2b860ff264fa4ab16b08847eca7c
records/sweeps/e2/s30_d4p5_v2_ours/summary.json	1915	482be5463fa5915ade09009f158ec1a1f0ceb74d80c4d96bb91152b44c213afb
records/sweeps/e2/s30_d4p5_v3_aeb_only/summary.json	1937	9c1002e03dc2ca2a82ecccd5e76929b4cf9b092a1297dff0261f232871ebb64c
records/sweeps/e2/s30_d4p5_v3_mind/summary.json	2350	22eb80a9e7816714f3e8c8151f1af78da11bcabaa579e50d457953262468e7d1
records/sweeps/e2/s30_d4p5_v3_ours/summary.json	1911	a0058907a19732ed69c157ed9a16eff91ae985d261a56a81a6b357d415e593fd
records/sweeps/e2/s35_d3p5_v1_aeb_only/summary.json	1928	a9069581d5eff8596783a66a62480509ed504f9aa6db52dfc13df6b1c426ef37
records/sweeps/e2/s35_d3p5_v1_mind/summary.json	2346	eedbaff998528f7dcf67401c8c150b9f93b1a909b0ac9da826cf0579c453489c
records/sweeps/e2/s35_d3p5_v1_ours/summary.json	1914	8493d0c4149c1daec6e099ef1cb7cc7d0a64e7bb0ce38567e9ca31537aa546d0
records/sweeps/e2/s35_d3p5_v2_aeb_only/summary.json	1930	d5461645969b32eb405a9bf4f6013f392189b2672b1247e3ca71052609e67bff
records/sweeps/e2/s35_d3p5_v2_mind/summary.json	1906	b6b831a0b5ce036f87e1ee9c34f0c485f24658b509403db66281c1b4e1611728
records/sweeps/e2/s35_d3p5_v2_ours/summary.json	1904	787065a0f6a7c32dd3a2ce259e39d4ca26c2794e1fb69c3cafd219a5d74f0a79
records/sweeps/e2/s35_d3p5_v3_aeb_only/summary.json	1920	15a746620912d2cf16b3c9effa63b4d03f3eb488c7c9103dbfcec41e90518687
records/sweeps/e2/s35_d3p5_v3_mind/summary.json	2342	85c2b9c4fbfe5c7723d1bf904fcc5e8f6bf27ffc5082065b7cb2f1f1c28a714b
records/sweeps/e2/s35_d3p5_v3_ours/summary.json	1906	0f6b9a58f69a9fd4e55d8afe0e7d96f2b0e5ef948473d05bfd17c773a4e54922
records/sweeps/e2/s35_d4p5_v1_aeb_only/summary.json	1919	80affc63b09ea851358214d341e7c646e1ca3d003ff23b8c108ca1a851f6b369
records/sweeps/e2/s35_d4p5_v1_mind/summary.json	2333	4231e255055374e1be3a61e7678eb82c0c58aeeae38fd8d5134ed9b2a4c759f0
records/sweeps/e2/s35_d4p5_v1_ours/summary.json	1902	2a34a364d6878e7f7b7c27fef16a63d90a9051f8f66a5773115013c1607e3f19
records/sweeps/e2/s35_d4p5_v2_aeb_only/summary.json	1912	6e458fad2371708cdd8e91d9ef0deb20e79ae59afcdf269a72ab59104fa30976
records/sweeps/e2/s35_d4p5_v2_mind/summary.json	1895	95757fb5d426c1b47a9c8d81ad496b79dae03751b580f27b7194d781de1cd4a8
records/sweeps/e2/s35_d4p5_v2_ours/summary.json	1908	303837bd7098f694fa85b0227325ce72dad1b6f6473f58e00b9de953a25cc91a
records/sweeps/e2/s35_d4p5_v3_aeb_only/summary.json	1928	765ba9b3736bc7f0ceca111c3f0cccf0e748386ad1b57121395930b2d4a7f6d4
records/sweeps/e2/s35_d4p5_v3_mind/summary.json	1905	83a28f6e5a36f84d4fb588a27e07489ff9c102fcc63a6cb346d423e8621da631
records/sweeps/e2/s35_d4p5_v3_ours/summary.json	1908	a6cd5e8a75a8bca436d7fd54f0a060d009c8e2ab21368f70b350641dd46b548c
records/sweeps/e2/s36_d3p5_v1_aeb_only/summary.json	1943	62c8016fef18edf542f750e3889e66853cb73e3cbf101b5bd17c698d12b02fa8
records/sweeps/e2/s36_d3p5_v1_mind/summary.json	1912	98ae6fcf03588bc55d883a0bfa6445c3f60db48c36c122d5b0cb41daba518918
records/sweeps/e2/s36_d3p5_v1_ours/summary.json	1922	927758d891b4811fbfae48d358f374dff5209d5d49eb2aa5b82bc72d4eae581b
records/sweeps/e2/s36_d3p5_v2_aeb_only/summary.json	868	822744a0580a350d27b3291e7795a24bde9f1a6b665f04e3e75ce2f874258399
records/sweeps/e2/s36_d3p5_v2_mind/summary.json	1921	740ce9aeded101f60688d3266c93903fba8a24d02bd4d4ce4cc8acd4bb6846e9
records/sweeps/e2/s36_d3p5_v2_ours/summary.json	1925	88a576ec7bb0227230265effdb1959d44f46cdf04d6ad49cdbde75d43c790303
records/sweeps/e2/s36_d3p5_v3_aeb_only/summary.json	1944	4b226fa6f44f04cb68fbc5c4baec13303a8cb335f2f24f5dc35932ceca1a30f2
records/sweeps/e2/s36_d3p5_v3_mind/summary.json	1920	bc1edfc2a6d0d86add974543ebe039ea9e171d2f8a35171824f16db6db214f72
records/sweeps/e2/s36_d3p5_v3_ours/summary.json	1921	771e3934305de189e926193754bd9ff7f90bd9b68dbc6664e922af42eed8fe57
records/sweeps/e2/s36_d4p5_v1_aeb_only/summary.json	867	772e1008ae2c555c2e401084dfe3470f8b20116cd53523423bbfde2f9ca404ff
records/sweeps/e2/s36_d4p5_v1_mind/summary.json	1914	c7273b29258972208d9fa6d3188c8db2b66ef33866a7cb2c55cb29ab78447e25
records/sweeps/e2/s36_d4p5_v1_ours/summary.json	1921	2141120bed31ee487d559d493df855da5a734b2413c4462eeb25ee37f974197e
records/sweeps/e2/s36_d4p5_v2_aeb_only/summary.json	867	0ac17509f4e096365140348b0bd6497d0c0469dec20661d6dd604c02ae423db0
records/sweeps/e2/s36_d4p5_v2_mind/summary.json	1923	1c972436c81e11493bf92e4dd73a3e44d4fb544e666c6a92cabefa3df6e02abe
records/sweeps/e2/s36_d4p5_v2_ours/summary.json	1923	25b0ff2e31947f33106d5d5bd5d4d7510c0ab247f58e9ff9040dd166404f3706
records/sweeps/e2/s36_d4p5_v3_aeb_only/summary.json	868	e11272973732e2a7584c14be1335f1b7b1821a58fd05e5b4a3ffe003f8cdc24d
records/sweeps/e2/s36_d4p5_v3_mind/summary.json	1918	a61df161112567faf9fccbe961ca6fef98942e3811b4c916e428049313b7cf76
records/sweeps/e2/s36_d4p5_v3_ours/summary.json	1922	b96246c1b0f94d05bb72063b80e197950229d61a67a72732e9729febc65cb7ea
records/sweeps/e2/s37_d3p5_v1_aeb_only/summary.json	1921	2d67d53d4cdba8f74893df4f0814c703ad08d29a70e78f41bb3dde673ebb37c0
records/sweeps/e2/s37_d3p5_v1_mind/summary.json	1907	0a5360a2303d1d54847be4c776338109f4921c3cb25fe80781d4c6285e7e8a88
records/sweeps/e2/s37_d3p5_v1_ours/summary.json	1910	288628bacab0918befca6a8bd52c7926ecc08b2963b223ce4dd2ec951bd33e14
records/sweeps/e2/s37_d3p5_v2_aeb_only/summary.json	1921	74f888d5acae4945e81800f48b5c8e5dd987f4c62e3f0b47aba868ea9bb96aa4
records/sweeps/e2/s37_d3p5_v2_mind/summary.json	1907	7fcd1a99ff2dc189156831854bd8e78dde8be5afd4a0d4409f65b96903963778
records/sweeps/e2/s37_d3p5_v2_ours/summary.json	1906	5f826fde7baa4b03d6a380854cc2911fc03558c29c92ab4c8fc95cd0739421f0
records/sweeps/e2/s37_d3p5_v3_aeb_only/summary.json	1921	6349747645f564ac88758fc801fa7b49e7104c32179873fa27389a236d90a4d8
records/sweeps/e2/s37_d3p5_v3_mind/summary.json	1907	7dbd4d5782b905d4435734c76670de7c1ec3aa6b33e14a870ac60f5ac8b2ddf7
records/sweeps/e2/s37_d3p5_v3_ours/summary.json	1906	997f79d7faeebc7a7b23d7a8542f3a63797bde967e28412831888838a2b32327
records/sweeps/e2/s37_d4p5_v1_aeb_only/summary.json	1922	1c16ab46b3175f8fef72226642e6b5f26578b5b4bb524ab2abbe627f44fe60e2
records/sweeps/e2/s37_d4p5_v1_mind/summary.json	1907	651f34c34c3dbb8d948b40152d74d3014cc367b35c2ea710e10c9aa69722614b
records/sweeps/e2/s37_d4p5_v1_ours/summary.json	1905	1d49421425fb1f0c0fc8ed05656a26fea1f77aa835e8fb5bd50dfaf422eb61db
records/sweeps/e2/s37_d4p5_v2_aeb_only/summary.json	1921	3eb8ea9d3f81fc5534ab780bc18ebd54fe389e9a3cdd6da676b62395e25a9e3e
records/sweeps/e2/s37_d4p5_v2_mind/summary.json	1907	1cb3c755734703c11d6bc1c285c00f2ddb0f55a3fd7956669850bb566574cb5d
records/sweeps/e2/s37_d4p5_v2_ours/summary.json	1900	4822ba666f7b8b2adb7f2d5a1f691a382bf273682648a478e4c21bb4200e5af2
records/sweeps/e2/s37_d4p5_v3_aeb_only/summary.json	1921	f1c31614d20c7a718518e6f522041869c6ca36aa4ae706066069600124a23a5c
records/sweeps/e2/s37_d4p5_v3_mind/summary.json	1907	d346e64de59458ef65e60f3c376fb806bc425ee279bede221abc28cd49d30576
records/sweeps/e2/s37_d4p5_v3_ours/summary.json	1904	7a5881b996245c735e57841268bc5f34527488f62426213a9411f5fb507fdbb0
records/sweeps/e2/s40_d3p5_v1_aeb_only/summary.json	1927	4d01446238bb6a30a05810d136068d9899f98097397a7e592b3f52c39723db9d
records/sweeps/e2/s40_d3p5_v1_mind/summary.json	1908	c6ccb683959c735b158567772cec6bbae9be991f20207df61f69edf3d0adde1d
records/sweeps/e2/s40_d3p5_v1_ours/summary.json	1912	58a5c8994b3be57393472eac1245722ff82d9f13e264a5953c5e4cecb108e878
records/sweeps/e2/s40_d3p5_v2_aeb_only/summary.json	1923	021e424aa84787d30a1fd7df6c4f0baf15b1896c2dae78c9fe79c355438f1a9f
records/sweeps/e2/s40_d3p5_v2_mind/summary.json	1904	7b299611b72ec963eba68e0c3b76bcb96c5e2011e9d7a03303ba5361560e7ecb
records/sweeps/e2/s40_d3p5_v2_ours/summary.json	1908	eb422ca787ffac1581b41ee5eec8f097a9be60f80b28b89e22c1dac4a833076f
records/sweeps/e2/s40_d3p5_v3_aeb_only/summary.json	1926	de10286d3b1ce64a4baecee622df2c0e8c6049aa4db7f34d9a1938398b7c16d7
records/sweeps/e2/s40_d3p5_v3_mind/summary.json	1902	8d4a67f475055383e5657bfd281b2f87fde653d6e9c3c3ed72af0ad0ea74faf6
records/sweeps/e2/s40_d3p5_v3_ours/summary.json	1914	5a3ced36d8e64a717dbf06b13939514a91ce84f6370ba9075d7211c6af2925ec
records/sweeps/e2/s40_d4p5_v1_aeb_only/summary.json	1923	7844f4c641bbffe87a4bf89d45dfa9c411df44d1a26d1201d256041e1adc98f7
records/sweeps/e2/s40_d4p5_v1_mind/summary.json	1900	7ed6122bd8296e48a1936505efc537280f93ac3542595a07ca377341b601ccfe
records/sweeps/e2/s40_d4p5_v1_ours/summary.json	843	2723a44174245e1ff4308c544b3a290e59bd77834843a017aada81e8bdcf87bc
records/sweeps/e2/s40_d4p5_v2_aeb_only/summary.json	1927	aba05eeb112a80b44ea3a7d07fce67be3ca94c2b6803dbf220997ea92be24028
records/sweeps/e2/s40_d4p5_v2_mind/summary.json	1900	bcfbc01b379a1a0f7f03e3c567270e7d05bb450794b3e1e7c5df02e233a8e56c
records/sweeps/e2/s40_d4p5_v2_ours/summary.json	843	59ce660865c07772eea8bed1e1a8048d0acdc484ee0a6cdd3ba1b77180eed1da
records/sweeps/e2/s40_d4p5_v3_aeb_only/summary.json	1926	6406ab710ce8773325e64a7e1643e19913f6f4f859011c0716e582af3bf4df19
records/sweeps/e2/s40_d4p5_v3_mind/summary.json	1898	6ece12a527b17188e1945b10b816153694e652c7449be0615ead82c005cbd781
records/sweeps/e2/s40_d4p5_v3_ours/summary.json	843	d9623f2e0c74db02fd8575e4bf6c27e688ce4ad14e0f96f7ea8290221fe30280
records/sweeps/e2/s45_d3p5_v1_aeb_only/summary.json	1941	a88e123a7523f5f3208b2475eaddff718f66d984aba86ac257be6e099999ce0a
records/sweeps/e2/s45_d3p5_v1_mind/summary.json	1920	1cfb56e21472b9678791f2cf906ba03eeb0e86f614fee7550984ac116f798abf
records/sweeps/e2/s45_d3p5_v1_ours/summary.json	1897	206340b7f18753f47957eb45ac5677458019173d55195b102e5286994876e1ce
records/sweeps/e2/s45_d3p5_v2_aeb_only/summary.json	1947	11af07548b1da5debd7274fcd33d5589d9639b7e0edfcd5da1a16fcd07d53205
records/sweeps/e2/s45_d3p5_v2_mind/summary.json	1916	1021f14434637716ad4dc1292877af3fa3c97c51a2793896f161be684f755eaa
records/sweeps/e2/s45_d3p5_v2_ours/summary.json	1915	456e2e56deb4c86de63eef2d37e8aa37dcdf35143ebb060a45a72816de25594e
records/sweeps/e2/s45_d3p5_v3_aeb_only/summary.json	1941	f8e709bb1a443aa759a2aee4e5e0685360f833601724a6b3edbdfae73e7c56fe
records/sweeps/e2/s45_d3p5_v3_mind/summary.json	1916	87d328427e2f793e91fb5963b9fe57f4974ffb247f82388a6e6d5526e4247cfa
records/sweeps/e2/s45_d3p5_v3_ours/summary.json	1909	e7dafdd9f074f01a648436c61952a5fe373f816ed35f29229aceb8c31e8338f7
records/sweeps/e2/s45_d4p5_v1_aeb_only/summary.json	1943	0513fd68bc690390a850d6606b59e47d780120e9f48f06142d54a368b3d755c5
records/sweeps/e2/s45_d4p5_v1_mind/summary.json	1908	bf2732e21dcea24dc11c0029392f5aaf39b31eec2fc83a54353ef8f7a9102dd8
records/sweeps/e2/s45_d4p5_v1_ours/summary.json	1927	ae5c96060188bb681ea7daeb05e5ab181ac7395de99dfb49e01247b35795c9ef
records/sweeps/e2/s45_d4p5_v2_aeb_only/summary.json	1945	b779e1ea406075465f67bc33dd29bfe2a6de416caba5148308dd7ff07a2aa6ec
records/sweeps/e2/s45_d4p5_v2_mind/summary.json	1900	c745dd64202b56dc396a522ff82a92543f9f3b6261bf888389ae30ca287c84f0
records/sweeps/e2/s45_d4p5_v2_ours/summary.json	1915	3019c8b358605dbfef57811e05958ddcd19bde6baf418836f328d6a47c77c376
records/sweeps/e2/s45_d4p5_v3_aeb_only/summary.json	1941	fa4154e0fb665f77224c046116a99629d0e6548d54512dfb672a7fbeec5b3b3f
records/sweeps/e2/s45_d4p5_v3_mind/summary.json	1918	ef25d2a76cb306b71bef7a0795a25b3dcaf795d10c9b9da6c9c3f8257127ab19
records/sweeps/e2/s45_d4p5_v3_ours/summary.json	1913	e4840b2c5d7ee4399b5e5994c581606e27f8cd187679df8315557c360e101993
records/sweeps/e2/s46_d3p5_v1_aeb_only/summary.json	1935	6ee71f2885fffa3326ff19d2c9c2991345869391c0482f34e6072a9c624bf9ac
records/sweeps/e2/s46_d3p5_v1_mind/summary.json	1908	f313e8abd3944eba4aba9575ebff1cbbe93f5cfda32a899df9d4c40726fbcf8d
records/sweeps/e2/s46_d3p5_v1_ours/summary.json	1915	4fd1355fce06a5e06189fe5823b852b30458d4d92fb0f438460e20d5b85823de
records/sweeps/e2/s46_d3p5_v2_aeb_only/summary.json	1937	3ee4b50d5c192a84d15b1575a5d168c831b55c565ad599f4a1ae80f12e3c0a5c
records/sweeps/e2/s46_d3p5_v2_mind/summary.json	1908	be7933c04c1aa97112b31308ccc0173d8b0ff6f6c32bd75d3f467937b5f6f8d6
records/sweeps/e2/s46_d3p5_v2_ours/summary.json	1909	644d4c584e49dccf4e9539761ac1eefebfcaaff073caf3722b78f4be35e0f4da
records/sweeps/e2/s46_d3p5_v3_aeb_only/summary.json	1925	8106a12502843e0ef0438c1b824f81741167517d84dfa5a9bd1de21c50640666
records/sweeps/e2/s46_d3p5_v3_mind/summary.json	1904	9ae2fc209c55be0bc7105d7c4bf408a5ae45fffd15c7baf1eb1d66c6124d5a26
records/sweeps/e2/s46_d3p5_v3_ours/summary.json	1909	6a9af7706915137aa35590667293d6ba78d38b5d27c8783fcdc337eabc573eb6
records/sweeps/e2/s46_d4p5_v1_aeb_only/summary.json	1933	10169601eb594043faf70341e37aad24aa830e7dff14512d04a847e25ad145ba
records/sweeps/e2/s46_d4p5_v1_mind/summary.json	1902	b3b7d774a259b89fa8f4ee11f422c47dabcb5f68da5661dabb7057ae53d3719f
records/sweeps/e2/s46_d4p5_v1_ours/summary.json	1913	5cc5603f18f762f718dd54b2c64e91c2ad13827988da0c98784f9be86d508cc0
records/sweeps/e2/s46_d4p5_v2_aeb_only/summary.json	1927	9b34d56c680fed2cf8089cd7e84238fa8bb27c1aa2b3499dde467e458b94ec14
records/sweeps/e2/s46_d4p5_v2_mind/summary.json	1910	2e052f50303ae40588ff76092159edce4b45cd4a74d90c2258b9f45a6c5e06fd
records/sweeps/e2/s46_d4p5_v2_ours/summary.json	1917	469fc0de6fa19178f07f64058a3a48a3d511a030429f6ef46713e151ef9d5c24
records/sweeps/e2/s46_d4p5_v3_aeb_only/summary.json	1935	7fdd6ec49c90189ddd5274fe3ab8ed12f6e55f9adddf1f6d1d27e4384e65e728
records/sweeps/e2/s46_d4p5_v3_mind/summary.json	1908	ac62aa6deb77fb08962aaa03801ba7377ce1efd972cb5ce2f371e6dee9751726
records/sweeps/e2/s46_d4p5_v3_ours/summary.json	843	baf9de5a69b5b70c3a26b56fcbfcee360338ed3a3b938972bec76a2066a12395
records/sweeps/e2/s49_d3p5_v1_aeb_only/summary.json	1948	f57142e194bf5d084a9fedea345dff7be69dde320db34f40aca3ba04b74944ea
records/sweeps/e2/s49_d3p5_v1_mind/summary.json	1920	f4ed2878341aa9536e07a71a72a9ed40f7c89abf428d757c1b6754731947305d
records/sweeps/e2/s49_d3p5_v1_ours/summary.json	1925	410b7a9b7aeee4b1be418126eb88d50803740584fc2e3ed6478cdc514096e35b
records/sweeps/e2/s49_d3p5_v2_aeb_only/summary.json	1946	e10fcc7d3fafe30e1591deb094f298dd4715ba9472f9eee568097d90775fe9ea
records/sweeps/e2/s49_d3p5_v2_mind/summary.json	1921	1579b12cd33b334dd00df05e93413f156421f63657f202bd715b289edd3f5f14
records/sweeps/e2/s49_d3p5_v2_ours/summary.json	1919	e07f68549f01c1e6f2b8cd6fd27a073423f43fbd31998cf5c13c7f6a5326b66e
records/sweeps/e2/s49_d3p5_v3_aeb_only/summary.json	1946	9a97846eaafbec6d090b6fd61430467ebf7c9d32ca80b874e234f76580174953
records/sweeps/e2/s49_d3p5_v3_mind/summary.json	1913	be327acb4e26ff6f16f572599b67c9220f28b9bf1cf65fd9eccc4375b81f71d8
records/sweeps/e2/s49_d3p5_v3_ours/summary.json	1925	d185b785181dcbd045751017b1357357fb09d1a812f68199425807047af0234b
records/sweeps/e2/s49_d4p5_v1_aeb_only/summary.json	1946	782459e06d55e9ba97749b88520593a8a9f4fd7ce6e4757ee50fbf0f5071c3a8
records/sweeps/e2/s49_d4p5_v1_mind/summary.json	1918	e45ade26ef56bb408ffe6130f0912d2b7033ba2a96fadc660db3066d0d895fc4
records/sweeps/e2/s49_d4p5_v1_ours/summary.json	1915	83b924c069769f1c1c128efe123bc7aaa04a052a4c11c1845e9bf966dacfe3c5
records/sweeps/e2/s49_d4p5_v2_aeb_only/summary.json	1948	abda4cdb55c341e66c5974e333901bfa9cfa24f66c312094b2d0b22d062dbcb4
records/sweeps/e2/s49_d4p5_v2_mind/summary.json	1911	d2438bc5d53d366d5cb2bd194787f88a0915d368923a168170bcbe9d632a54d0
records/sweeps/e2/s49_d4p5_v2_ours/summary.json	1929	37c7825635291dcde49b24cf791e15a8935f6ec51af05d6b21d28cb9de43e8cf
records/sweeps/e2/s49_d4p5_v3_aeb_only/summary.json	1952	d6d71ca6626a34cf0291029a9f93dfea97f4dd4119b71ef0cc2ab92555576fb7
records/sweeps/e2/s49_d4p5_v3_mind/summary.json	1921	76fb00582f0105e88c6c1955f52efb46b9b200cff39b1bed1316b7283851223c
records/sweeps/e2/s49_d4p5_v3_ours/summary.json	1921	85866ef90406ef01a301c41cc710bb529ac53eeaf23da92f1f2b9aee29c0a5c4
records/sweeps/e2/s53_d3p5_v1_aeb_only/summary.json	1938	79b9e9d4615775566f828ab50f033c0d8b07fb973fe7d2ce6991006dcc51b1ae
records/sweeps/e2/s53_d3p5_v1_mind/summary.json	844	3916cefa49224e1a9913221a52b55e79a882a3cbb8ebee98b25d417f8e7e29f4
records/sweeps/e2/s53_d3p5_v1_ours/summary.json	1914	574c9b466a01dfde6b91bcd2a2fcf4d5c243f23cd78c3d997ea24df4a744e489
records/sweeps/e2/s53_d3p5_v2_aeb_only/summary.json	1933	755455c143e1c2abf37a948327a95e8fe7fe9f6851a77457fa66ed58ae858a17
records/sweeps/e2/s53_d3p5_v2_mind/summary.json	1911	62f18d119ee1391f744fe683185d05a513058d87fcefc3165a1cc77e91a3c276
records/sweeps/e2/s53_d3p5_v2_ours/summary.json	1908	29a29a9eafa3c0c76c1fe69e931eb042641bf84b2cc668203f302787c71841da
records/sweeps/e2/s53_d3p5_v3_aeb_only/summary.json	1930	2db648ca408df203be407a9ab7ef50942d491d6324b00f6d3e73aee425e4fab0
records/sweeps/e2/s53_d3p5_v3_mind/summary.json	1906	0d0a1f8144c6b60f6f716efddd4d6f5233a5b3b9f13993708caa7a570954816d
records/sweeps/e2/s53_d3p5_v3_ours/summary.json	1912	acdf4c055d5ffa761511fa0af6ae202441ae3fe3bbafa935403a03a49595ef35
records/sweeps/e2/s53_d4p5_v1_aeb_only/summary.json	1931	1016b5715c12846df1ef8b0888fb304a02cb9451a78a036e4f8a4bce2f8b6e09
records/sweeps/e2/s53_d4p5_v1_mind/summary.json	844	ec7a5b0a5e019ef7192e066e90418f207b47545531f9c253b307dcf72a74be15
records/sweeps/e2/s53_d4p5_v1_ours/summary.json	1909	42047c11db999f87a8c4f257da070cb38b32502199fbe7abf3d97938d813a6ef
records/sweeps/e2/s53_d4p5_v2_aeb_only/summary.json	1928	39dfca0855d5fba526004ff1aead50a22d4520ab03a7127bd485da2fd301e7d8
records/sweeps/e2/s53_d4p5_v2_mind/summary.json	1910	dd616f644817d9977700fd18af93f162e2dd14a79803ee4a85a2d606ab377092
records/sweeps/e2/s53_d4p5_v2_ours/summary.json	1909	4456fc03b128ecaa3824959f2d815f9b8fb776e95dd94e48da1172375cc10169
records/sweeps/e2/s53_d4p5_v3_aeb_only/summary.json	1924	a1142736dbddd50e640a5ce99891f1450690b40019293c8c5a2212e3107fc32f
records/sweeps/e2/s53_d4p5_v3_mind/summary.json	1909	8bbddaad840035870c6e53f502482ff25583f56de4b889a593824ea036cef20b
records/sweeps/e2/s53_d4p5_v3_ours/summary.json	1913	beaf73085f373d92265429995cfe9b650a2b6a951004dcfa22b469468158928f
records/sweeps/e2/s54_d3p5_v1_aeb_only/summary.json	1932	5cadb8b7afe2bb6e1809221c4da2a11ec8d3ea2261b2ed6a649ccf4502f63d0e
records/sweeps/e2/s54_d3p5_v1_mind/summary.json	1906	a93099b5b2b5b79dfe05980d756e7cc37d17afc44272c8221f4244c9c1806c31
records/sweeps/e2/s54_d3p5_v1_ours/summary.json	1910	5cc7920ee23ae02c18439f37d81828bdd0420e9545e8ced954da1d211c6b088d
records/sweeps/e2/s54_d3p5_v2_aeb_only/summary.json	1934	061e9195efdc7d7f6449288b69afaee35ca5501eaa534f5cdb2fce8a9ce5c5d7
records/sweeps/e2/s54_d3p5_v2_mind/summary.json	1913	c61ecc27e24062f6ae3933e7e6a9c3a1014d41dc5a39a798f56a3e3818b43144
records/sweeps/e2/s54_d3p5_v2_ours/summary.json	1916	e5894469ebdaa401ef6825da094f2e826303850058b3203ddf52bc9829c424c7
records/sweeps/e2/s54_d3p5_v3_aeb_only/summary.json	2367	f3280c3b3609713d7ca56c4f96aba0aa64852ae3ad5c47930d6cd98beb6a92c2
records/sweeps/e2/s54_d3p5_v3_mind/summary.json	2353	6870cb4a8fa0b2e8bcea1d7cfbdfae76bc4a956f0c70e424b982e4f35170f646
records/sweeps/e2/s54_d3p5_v3_ours/summary.json	1918	fc97021fb9e3ff484aaab8e05b65e8d2d5320355e32ad90fbc2434f99ccb50ef
records/sweeps/e2/s54_d4p5_v1_aeb_only/summary.json	1926	fedab8484a0d130c64e47ed5df075e6732938e3fb5952904244b7dc7dda1cae9
records/sweeps/e2/s54_d4p5_v1_mind/summary.json	1915	c6787f6ca744bd28699b5894fda008cb421aa93bb82cb1234c6995d477183ae4
records/sweeps/e2/s54_d4p5_v1_ours/summary.json	1916	574a1cd0a97188268d02a101b8ee51d671c377ab2b3dd7c6d73ba169402f4be7
records/sweeps/e2/s54_d4p5_v2_aeb_only/summary.json	1924	812340fc02d87841dcb7550757a111b940348de60e52abb0b7428921c0f3b19e
records/sweeps/e2/s54_d4p5_v2_mind/summary.json	2348	2c53af44acc3edaa71f1b625d9bd71300e9a57b199d8654deb7f054405036609
records/sweeps/e2/s54_d4p5_v2_ours/summary.json	1912	6b37f5964a3ae59cc99075f6661e41e21522ef215261d593b512536f11cc1121
records/sweeps/e2/s54_d4p5_v3_aeb_only/summary.json	1936	755ffe780606b0eae05145b545724175b037c98b62c8ef819ce8be1d72d180d0
records/sweeps/e2/s54_d4p5_v3_mind/summary.json	2356	9e6ad1b4753d94786e4280a108f41f2969bcae3704d308135a4210c07f55aacc
records/sweeps/e2/s54_d4p5_v3_ours/summary.json	1912	e3a3e12e1d9941b1bbd2c33facab82ccbfc44436147221d36043a7579627c546
records/sweeps/e2/s55_d3p5_v1_aeb_only/summary.json	1945	f88b927f7d82af1aca21caf731b696b2909925c7d605b5a80a61556482f10812
records/sweeps/e2/s55_d3p5_v1_mind/summary.json	1915	fa1174f48fbec985e51ff55b86e5da4a8175ab73146c9986ca22ecae5340f429
records/sweeps/e2/s55_d3p5_v1_ours/summary.json	1924	23f6073eef5e66c6e5a6a8c1e65f735c8fe18d251eaf3611df5c66f87b5ee1f1
records/sweeps/e2/s55_d3p5_v2_aeb_only/summary.json	1939	b848cae7ac91044234c8866ba879f757c4d794c6d8cd0f045f3c161a6b825f2b
records/sweeps/e2/s55_d3p5_v2_mind/summary.json	1907	dabd7e9cb6576efad5811cb0e3f3050e745186f2be8d9ce1e3732f0d02595ecd
records/sweeps/e2/s55_d3p5_v2_ours/summary.json	1920	be3e2cfecd023b92fabb38f14253de658218d1837f43658ca16ac8768fd8abe9
records/sweeps/e2/s55_d3p5_v3_aeb_only/summary.json	1941	bd7b42d9ab9eb3d2b44071c218697e179b83d6192a7e76e327883327cd1bee78
records/sweeps/e2/s55_d3p5_v3_mind/summary.json	1915	d0df229790096432388358e090e9873c66f538fb6cc256066b4077e8bb0feb2d
records/sweeps/e2/s55_d3p5_v3_ours/summary.json	1926	c4c37e964a7ac87dddb60720cf761c31e6e95c6ccc345f339ae03417b7f91867
records/sweeps/e2/s55_d4p5_v1_aeb_only/summary.json	1941	8b15923740628f8b960717ca389284b28eca4f3bbbba499797d90f453d6b8165
records/sweeps/e2/s55_d4p5_v1_mind/summary.json	1921	12c04749ac3fb56d2b3501fcb7abcd7aac7f6d45c0f1dca84b713bec5db7cdf7
records/sweeps/e2/s55_d4p5_v1_ours/summary.json	1911	d31623882d78708c199380a1d8fc6c579b4868123f37d897c6d0f2df91a6846f
records/sweeps/e2/s55_d4p5_v2_aeb_only/summary.json	1937	bef71b90da96cebb2096077a5b35c8acfa685018546431b138fde3d9772caea0
records/sweeps/e2/s55_d4p5_v2_mind/summary.json	2362	386c3563b7bc46a159c620c412e3fc5b90eca6cee3ed1aacd2ff2d172a6e1c53
records/sweeps/e2/s55_d4p5_v2_ours/summary.json	1915	0965e7c48829cf500386ad4b5084e20f8353399df55e8453dc93b07ddf2c1cbe
records/sweeps/e2/s55_d4p5_v3_aeb_only/summary.json	1939	943975034a176425114db292a469accec5339eb837a940d5965b69126d0095aa
records/sweeps/e2/s55_d4p5_v3_mind/summary.json	1913	e4dbb4c4bfff1bfb080c04924c245b2479b5fbe4bc7958acf4ddcfe30cf121f5
records/sweeps/e2/s55_d4p5_v3_ours/summary.json	1917	342af5819044e2a259dc5d29460aed34cb0effb188cacc724d3e72313af3c1d6
records/sweeps/e2/s58_d3p5_v1_aeb_only/summary.json	1940	a510378ebfd6c9220114cb5e7eaa231df6737adfaacce9ad12eaa36a0cc147fc
records/sweeps/e2/s58_d3p5_v1_mind/summary.json	845	3ff32d16f543e5693959a85ce720b7d51a50a8db3b3acd38d71204979b556280
records/sweeps/e2/s58_d3p5_v1_ours/summary.json	1918	0e9cf08aaefc6cd5780741df1211e9cae3192b3222e4176638c78f89e63a9de9
records/sweeps/e2/s58_d3p5_v2_aeb_only/summary.json	1938	570a8cf97d1b5372df9f44ab431e8300e9d6207d1890953c9051ed8e7a655b66
records/sweeps/e2/s58_d3p5_v2_mind/summary.json	1913	23c570b851be1481c8310c86c4a4c6c410baf21275842636b894aba8b641c137
records/sweeps/e2/s58_d3p5_v2_ours/summary.json	1906	df89e03ed3f89f433115a05b96c2a177efdb34b539b7dfd37e912569034afeca
records/sweeps/e2/s58_d3p5_v3_aeb_only/summary.json	1934	5b38d8baf7d3d5418347c3cf07cc0d8ed54105ae33d0c4a3d5c2c5aaa6a7b7be
records/sweeps/e2/s58_d3p5_v3_mind/summary.json	1906	232fc7bf77e9304a0af9d3ffc6601deaacd9e3c9f892e1495b63ec97bbb6597c
records/sweeps/e2/s58_d3p5_v3_ours/summary.json	1906	f5c8bc5afef28489c7a94e9156f7d78f791d41e01b91f0f11d32f34af3293b03
records/sweeps/e2/s58_d4p5_v1_aeb_only/summary.json	1939	fc4a1ece5dbe46f7193bda4a0c9f1710ad02eab5287bcbc5c907fed691797438
records/sweeps/e2/s58_d4p5_v1_mind/summary.json	845	015ff70d6984b696823b656260bfc66357e8986e8cc2f35abaa7f7e516d14569
records/sweeps/e2/s58_d4p5_v1_ours/summary.json	1918	ee795aec4000cfbacac860cd226fdb559f4e5dac6be1547229b9f0f23d5fc34c
records/sweeps/e2/s58_d4p5_v2_aeb_only/summary.json	1940	f335e25a817af34a06b4e095238b507e2aaace8d9763a6173bd4fc2d1ab44a69
records/sweeps/e2/s58_d4p5_v2_mind/summary.json	1910	89824efb799cb35a03905c8fe8eaa6a7bbcb69b97502e07e7e1e8044d2181d99
records/sweeps/e2/s58_d4p5_v2_ours/summary.json	1918	f5c41ef9745c4799e559a5ab97b5b517d98e76285a277ea7d91979283878cf2d
records/sweeps/e2/s58_d4p5_v3_aeb_only/summary.json	1934	99609ae33f7ead63f450a3ca7d39a0e11623bebb1e9f96a0679cd9e543f5a1f9
records/sweeps/e2/s58_d4p5_v3_mind/summary.json	1903	2b728d962b66782f38cea7854ef176c03940dfdf99a56886daa6ece75c24c054
records/sweeps/e2/s58_d4p5_v3_ours/summary.json	1906	ab42967d33b0295c0727439d1cb13fefeeed9e9c4323fc623c5f157ce5632979
records/sweeps/e2/s62_d3p5_v1_aeb_only/summary.json	1934	af9838d8e2210f2fb58b7b7eab8d8d5cc4492e199914e734726e6facf53968ef
records/sweeps/e2/s62_d3p5_v1_mind/summary.json	1912	ed56753a45dbd06ac4e34e66651c1be9a2620cb9f74258f2fb984c67e75b87a7
records/sweeps/e2/s62_d3p5_v1_ours/summary.json	1917	285ee14729bbe1bc0e6551af3c81597cf82297ab41a8dec59e829e93a4541d20
records/sweeps/e2/s62_d3p5_v2_aeb_only/summary.json	1934	a5f41d5e59e0590105c69f60c5c5ae2ee0ac448f15be30fa9e2b57036b21079a
records/sweeps/e2/s62_d3p5_v2_mind/summary.json	1908	b431948cde5e3c88bbf8c036973d206e9fe618c6a5573cd0b8947dafaa99709f
records/sweeps/e2/s62_d3p5_v2_ours/summary.json	1897	e8bc72c82d69a03cb8d0ba945709f6ca4c3ce8f6cd43ea824242ba97fad59f79
records/sweeps/e2/s62_d3p5_v3_aeb_only/summary.json	1940	cd4e11f340c8a568a0cdfb6c57c2a037ab4016d673d3c320cb9c3e1d04581d61
records/sweeps/e2/s62_d3p5_v3_mind/summary.json	1912	f8485d3a4235892e3912e718c3745d85f58908a3711d887df8571416d15523df
records/sweeps/e2/s62_d3p5_v3_ours/summary.json	1905	f59f8fae32f16b9815ece4ca5d3595944223181624ea443f11a386bf1184dbd8
records/sweeps/e2/s62_d4p5_v1_aeb_only/summary.json	1942	ae1bd33bd71f709bd858fc38e2606b4967e7b540d74cb006678d159e203c53fc
records/sweeps/e2/s62_d4p5_v1_mind/summary.json	2339	058700624118353def6cc9d8b230a648ee7bbd6ad7ef68fa9b43931af7226808
records/sweeps/e2/s62_d4p5_v1_ours/summary.json	1909	b2b2e385e0b78d5dd8388ecf08cde871b76d144597edd22febf649ffebf8e8dc
records/sweeps/e2/s62_d4p5_v2_aeb_only/summary.json	1932	0e58530c45f73a9194f465b412ebb87e327061a7374048eaf0577411929fca3c
records/sweeps/e2/s62_d4p5_v2_mind/summary.json	1906	29e082d3cdf3330514238572f9f8987508540f71dc6e80f222d165de39f1b650
records/sweeps/e2/s62_d4p5_v2_ours/summary.json	1913	fe8de48034cb8ba41455358b5c8465fbd8e9f8422028113c83dffe1da55b2e72
records/sweeps/e2/s62_d4p5_v3_aeb_only/summary.json	1934	dbd88ec643e7fdcb642d1fc22aebbe228aee518aeff43303bed32774d89a9f5f
records/sweeps/e2/s62_d4p5_v3_mind/summary.json	1908	253e44d4b1fdcfaaae5a81c3fe665f427235920a8a7c1f435f3cb74cd8d51da9
records/sweeps/e2/s62_d4p5_v3_ours/summary.json	1913	72844fdae1fa7b54fa5d6e15aa9ab720cde91a4cc73b175712de152e2a2c2ab2
records/sweeps/e2/s64_d3p5_v1_aeb_only/summary.json	1940	82f10af6c8cef9019f61d8936cb8f191de82287ff80387c179eef7d2419a1533
records/sweeps/e2/s64_d3p5_v1_mind/summary.json	1927	999f56ea27edd028f50936434d85598798df1458b5d5ac03559bc9908206f42a
records/sweeps/e2/s64_d3p5_v1_ours/summary.json	1924	0fe090c78f3fa93538aeb4b17cddaf7decc111629e028c47265a139378ee03d9
records/sweeps/e2/s64_d3p5_v2_aeb_only/summary.json	1940	d710f13cf9eaf244e21246ce13420695301122851f25bab064076b57c921e708
records/sweeps/e2/s64_d3p5_v2_mind/summary.json	1915	d108cfb03851a9ffc7bb37662f4bc6941d3149f4cac90534cbdcf5c6b21505a1
records/sweeps/e2/s64_d3p5_v2_ours/summary.json	1920	38923f04870199b8e90594f652b4543fa951ee848783a7e0fc74f4b651994b80
records/sweeps/e2/s64_d3p5_v3_aeb_only/summary.json	1936	1c5dbdbde475657c8c0047286ac3108ca062f994ef22ccaf0cd40f0c3d7465de
records/sweeps/e2/s64_d3p5_v3_mind/summary.json	1913	e9ef1d5f91fce4288039cbba0b9378b85f170a5f01e1cdb0a46321d5934aa7ba
records/sweeps/e2/s64_d3p5_v3_ours/summary.json	1916	d1b22d2c413b61e4b92370955eb1b931ecc9d2f58d8de3aad7291ba93d93398f
records/sweeps/e2/s64_d4p5_v1_aeb_only/summary.json	1934	6a8dead1fd26721de0ae01f7d48cc91a422d586cf8de52d720c632394b8ea963
records/sweeps/e2/s64_d4p5_v1_mind/summary.json	1905	c892f81d3cd4c5a1cdb4bb7ada40ef323e5b717679c8b57d2f85a8fda9a9f4f8
records/sweeps/e2/s64_d4p5_v1_ours/summary.json	1878	a37c71b9bffca6cc80d7670a60f8ae3370406260ef3e5ca80aa6d6486a567c0e
records/sweeps/e2/s64_d4p5_v2_aeb_only/summary.json	1934	a6ef01a145c1d962c30408949abe46d1347760b8d585f29700a71eb756f0b46f
records/sweeps/e2/s64_d4p5_v2_mind/summary.json	1913	22e3cc3a721750caf1164c11598fb344ee3301d71dc511b54e190c85e8191b6f
records/sweeps/e2/s64_d4p5_v2_ours/summary.json	844	56b7353dae6660980ff9de03e99c24be7212e38d1775523ece5de6c961a0ddb7
records/sweeps/e2/s64_d4p5_v3_aeb_only/summary.json	1938	6475157b3bd678470dab4a4c8e39b05b6e10ad18a5dc79b264eff2ec8502437a
records/sweeps/e2/s64_d4p5_v3_mind/summary.json	1913	edfe5201178118db62983916f50175237f17b7822ce1c26a1a867ccf898b75bf
records/sweeps/e2/s64_d4p5_v3_ours/summary.json	1886	4e70f5659679e2cfbfd3e070e1b11d9a3a811dfa0579924133763d15ab4fbc26
records/sweeps/e2/s65_d3p5_v1_aeb_only/summary.json	1945	82f3fb4e25f3a9df7703086dfce25b8f6903c2f55a06aaea3d7468f52a9b494b
records/sweeps/e2/s65_d3p5_v1_mind/summary.json	1892	0d69d7db30514689960f064ff54a9d08565c0b3c5507a52776ea55048f75d6fc
records/sweeps/e2/s65_d3p5_v1_ours/summary.json	1919	8a234b9f1709db486e5df076a793f71a0a65cd7070cd2742a9c44bbf0c937e87
records/sweeps/e2/s65_d3p5_v2_aeb_only/summary.json	1941	cd0ab8fb79929c600728d0c0bc13304c044fb66d7b3b8b9b604825ae3a78e917
records/sweeps/e2/s65_d3p5_v2_mind/summary.json	1906	e5c6a40c9de84b91b239ce95d74e4aca867267cc7ad3da5fe62e4891e5d633ee
records/sweeps/e2/s65_d3p5_v2_ours/summary.json	1909	05023f581a579a4d9435400e78d89d26eb06acb61db5874c09b45de133768886
records/sweeps/e2/s65_d3p5_v3_aeb_only/summary.json	1937	4ce7e823ac7e08cfb93663d77c60d0f447c86879713fb9d7a162cbfbbedb7bc9
records/sweeps/e2/s65_d3p5_v3_mind/summary.json	1902	c4e955207674f89e15dd49e3746d6d43d6210ff7948d7fc633e529486be9fba1
records/sweeps/e2/s65_d3p5_v3_ours/summary.json	1901	a12897e1dd990c1eda37c13eef78edfaa044482779a7c838efee0ae89eeb732f
records/sweeps/e2/s65_d4p5_v1_aeb_only/summary.json	1944	1051b962c0b869d805d3b8d3c7abfe7854e34a910c823c9482781567db62951c
records/sweeps/e2/s65_d4p5_v1_mind/summary.json	1892	efb6267474702afbc201fcdcc4d0eb1818fa61a4af97491fbec6bb52a014a1a0
records/sweeps/e2/s65_d4p5_v1_ours/summary.json	843	0c678aa7d1307c781cc404497519bf5fd69a70a388af26448079da441631ac66
records/sweeps/e2/s65_d4p5_v2_aeb_only/summary.json	1942	12f569c2a55385b3020280ed0237c5338bfec88e8a8c13ddbf3a50c8aeb10b49
records/sweeps/e2/s65_d4p5_v2_mind/summary.json	1914	7f1cd59ce7418e2ae73b2f17ece460932fd2f5f3a2f9ba9107f20a65eddf0874
records/sweeps/e2/s65_d4p5_v2_ours/summary.json	843	37baa863a4e4121703470b22d1b815f12a6c1db29df49dd2cd89a5861c15d1cf
records/sweeps/e2/s65_d4p5_v3_aeb_only/summary.json	1944	cf8c292dbf4043326a98e257565cd18bd0305745a6b3c772c73d35964b91c74d
records/sweeps/e2/s65_d4p5_v3_mind/summary.json	1912	1f33a0d6c89fe44f9638ded83c6322c6bd74c804c80c84a4d05d7fb950923031
records/sweeps/e2/s65_d4p5_v3_ours/summary.json	843	2fbd7c983156a6da67cc4385f0ff1aec9392c5f632a1c98ebbf2dea6c86502e2
records/sweeps/e2/s75_d3p5_v1_aeb_only/summary.json	1950	d562f9d9d36d794548678249cfa45faa3cfefe01e253f4105da5f3bd8668cfb7
records/sweeps/e2/s75_d3p5_v1_mind/summary.json	1921	66c9b71f86d1e36a2ece4a4d337702437df38479cec53dc5bae3ca4a5210257f
records/sweeps/e2/s75_d3p5_v1_ours/summary.json	1917	6c299cff1db8afd48bc4464b622a7b6bde06f52e96677e33520d4014cfc44b89
records/sweeps/e2/s75_d3p5_v2_aeb_only/summary.json	1942	79f4573203aa6f7abc4e55ff4d721e28c06eccf516cb75384d8accf47f97dfb2
records/sweeps/e2/s75_d3p5_v2_mind/summary.json	1923	fe7245ccba601038a45de943577d52dfdcb5f0e437d4d2ff49cc456613882538
records/sweeps/e2/s75_d3p5_v2_ours/summary.json	1919	0bd47f98268a869d763293e74f8f77a7bfbab874e9e582a2267fd4cb60f250da
records/sweeps/e2/s75_d3p5_v3_aeb_only/summary.json	1946	1a6fb453c415a4c487cd12299456b26d72ad50bda6120c536568f03f476f6b11
records/sweeps/e2/s75_d3p5_v3_mind/summary.json	1917	0d36863a107e10ad1a8bf5781905532dacb46cc15a47ee23c6a6427a0bec3392
records/sweeps/e2/s75_d3p5_v3_ours/summary.json	1926	488d2982b0b40ee4964b66e1b32f6d3ad88a19fe9d151b4dc0e6fd12e5b7a0d0
records/sweeps/e2/s75_d4p5_v1_aeb_only/summary.json	1943	8982c90e890bf142062fec713e7ef65d0201f6de14d827f5b812856a6bcd7284
records/sweeps/e2/s75_d4p5_v1_mind/summary.json	1930	756d2af1edcd70d4d23c2bd5c00e0088050e3364fe2f42b55b10cc8ed684c619
records/sweeps/e2/s75_d4p5_v1_ours/summary.json	1929	0f5eec07a47650bc359285d7bd4321cd94377657e831ec69090892a89c36d715
records/sweeps/e2/s75_d4p5_v2_aeb_only/summary.json	1943	e841d0d115064854b12e6f9ab756ec9a7ddb17cff6df9b7b4a31dcb0706b62ca
records/sweeps/e2/s75_d4p5_v2_mind/summary.json	1924	7fb4a82eafe3ee803f983469c8c608830065619aabe3e4591534e48f597a1756
records/sweeps/e2/s75_d4p5_v2_ours/summary.json	1937	8acab3e62bea32c05794c3e74265d6e511d266bf991f7076356925a5f77d7013
records/sweeps/e2/s75_d4p5_v3_aeb_only/summary.json	1935	21c35c277d54400604e04199b2437bf74b8bb8978a35264034bc57bca30fa5c8
records/sweeps/e2/s75_d4p5_v3_mind/summary.json	1922	43c0f77b103410b35c178d455f5c6db9cf4cec8f15670dd0621d609be228e90e
records/sweeps/e2/s75_d4p5_v3_ours/summary.json	1938	1c221d514b06d34f593750287dd52c2f2a43d6d9b9207d51fa3ff5f1b4abfbcb
records/sweeps/e2/s76_d3p5_v1_aeb_only/summary.json	1925	a0f9eb7bd508334e620a4c2168299185a153806ff9cc9a414fb62be64ff88cff
records/sweeps/e2/s76_d3p5_v1_mind/summary.json	1905	29e5ead1a563372f97b0b3aba0cb977f321572f820e61b0f55f2ba0542414c93
records/sweeps/e2/s76_d3p5_v1_ours/summary.json	1907	f9f1d79ee2e5c82bc69b416799b37c90677ee6c5a63ec7765043f8d44d6199b1
records/sweeps/e2/s76_d3p5_v2_aeb_only/summary.json	1933	7df37c9ad3aa79b9d07f47a06826f9c1735fd6dab3a8087b6b2627626c0538db
records/sweeps/e2/s76_d3p5_v2_mind/summary.json	1911	dbb294bfc63714fa0f97a8602121c2a6ce67a5df4ded3f873f30c81bd39e8d2e
records/sweeps/e2/s76_d3p5_v2_ours/summary.json	1907	733d186691f39e64480118051fdba48e3626ba20b6f25eb243cb666c0be103ac
records/sweeps/e2/s76_d3p5_v3_aeb_only/summary.json	1921	0249ca0274ccfffc39398172fc29561fc3782896e4a28f3938d2f3e00336a3f2
records/sweeps/e2/s76_d3p5_v3_mind/summary.json	1895	e4e18cd8613cbb4557c5f2c1c224c43de7e0901e933a38137c2f7771d246b00f
records/sweeps/e2/s76_d3p5_v3_ours/summary.json	1901	27728a83c684fb7de1996de2747e86b018d113531fbe202907359be643ea82d1
records/sweeps/e2/s76_d4p5_v1_aeb_only/summary.json	1924	0bf0ed00d5d3215d987f7b4d7db9c65b48262ed4b64fe34a14dd4451c35e7836
records/sweeps/e2/s76_d4p5_v1_mind/summary.json	1910	48f7d8e9ae87c2e8d10780b0f268f33c20cf34ac414b64f4df80e2efe3ac9dc7
records/sweeps/e2/s76_d4p5_v1_ours/summary.json	1907	720408bae1779b60170490c6c1ac8f12f72d82559e9a21828eec85bfa48495bf
records/sweeps/e2/s76_d4p5_v2_aeb_only/summary.json	1926	7e71d78cc3774d2f37b016587ec8dd419ac81ecdd90e57a7a6ec0cdd51df77ec
records/sweeps/e2/s76_d4p5_v2_mind/summary.json	1894	f47a52cc1ebb80f09fbcdd09909a48e34902f824ceaa7069328c693f6ec5779a
records/sweeps/e2/s76_d4p5_v2_ours/summary.json	1897	26f70b2ce17883a3128b2c185a934d012e5cbde2335b3b8817d878003c52a795
records/sweeps/e2/s76_d4p5_v3_aeb_only/summary.json	1922	8dd819dac1ea0540facfecbe809d1b3a8d3be6517ec03265cba28380d0b327f2
records/sweeps/e2/s76_d4p5_v3_mind/summary.json	1896	7f20bde824580be45de5e195ca17f20c0232093fef32ffce747d5fbd4fd590c7
records/sweeps/e2/s76_d4p5_v3_ours/summary.json	1897	f26665ef3f10dae3f9a6794bc12b27be4d7b0f9d01846d8ed7347d8cb55c7f64
records/sweeps/e2/s77_d3p5_v1_aeb_only/summary.json	1940	97269b0f36c340c934d5e3b3caea9cde40992af158d3a1559a807337acf1c7c2
records/sweeps/e2/s77_d3p5_v1_mind/summary.json	1891	87b60d6aa739582983ab24124a9076e62afe9de4d3460a86339687c3986bfaff
records/sweeps/e2/s77_d3p5_v1_ours/summary.json	1925	e73670e739ab9da33a847c7876931d05066e912428e5600e8039e49ff9e6ec00
records/sweeps/e2/s77_d3p5_v2_aeb_only/summary.json	1946	c7a221620909f0aa0c9a90de96a2544de223fac0cd831529d65bbeca5a16818b
records/sweeps/e2/s77_d3p5_v2_mind/summary.json	1923	701aba531d37df91c40ec4a14433e8f512abbe7df3c97074e1a6ee05b94846d3
records/sweeps/e2/s77_d3p5_v2_ours/summary.json	1916	cc076a11399b296cf729a3173b3de23f6d6204d55dbbd2218092ec6731a9bda0
records/sweeps/e2/s77_d3p5_v3_aeb_only/summary.json	1946	f9f545c093c76413380f2755b9b2380c96b861080ab7c09631daf018e4c0c635
records/sweeps/e2/s77_d3p5_v3_mind/summary.json	1923	9dc99bab33d69ce53c73b080ce1053d3cdeaaa8f10ee814392bc2fb7fc11312d
records/sweeps/e2/s77_d3p5_v3_ours/summary.json	1921	3ab9df913ab199e13d7327986071c879b7a7b99eead33ce42a099822360a0385
records/sweeps/e2/s77_d4p5_v1_aeb_only/summary.json	1945	fbe275046def05cb37fe0aa1eb565e34989080b6f010b2d6902b14c7c9db6a02
records/sweeps/e2/s77_d4p5_v1_mind/summary.json	1910	997b11d5611fa1231333830993d61213d4a8d7a0b5017e1705719ea54f96c804
records/sweeps/e2/s77_d4p5_v1_ours/summary.json	1922	c004d6c1eea594930ca0040990024aabc4d203789ae087c35ce3ccd9a1f984c9
records/sweeps/e2/s77_d4p5_v2_aeb_only/summary.json	1943	9fc95177f1a84cc3ac521bf443c1047e9d955a8bc24cb0ac5b083da9e35c6f82
records/sweeps/e2/s77_d4p5_v2_mind/summary.json	1908	8ca7dd0b8b4febe86422b89007c2ad0440fb112fef03b8388ccff69ee1d7cd23
records/sweeps/e2/s77_d4p5_v2_ours/summary.json	842	9b0722478eca999986cd4cec08235df2990641ad0bfd7586966f5370a2494302
records/sweeps/e2/s77_d4p5_v3_aeb_only/summary.json	1941	02a0deebf147d6b8a76773bd7fe5db85f75b8fef4f1041f68199678767614225
records/sweeps/e2/s77_d4p5_v3_mind/summary.json	1922	c2954e3f512dda03c9a46a4f0f90173c79223c06a00d44ed12993e02231b8009
records/sweeps/e2/s77_d4p5_v3_ours/summary.json	1922	e3b4ef67793caf2fc91f2b5a157d35c21b28a4b9e2b65b74c40c5eeeea1da060
records/sweeps/e2/s79_d3p5_v1_aeb_only/summary.json	1921	6a6ccf885c013a97a47b77af758c42ea9c2a9e4ab3c812ea569dc4b9eab13981
records/sweeps/e2/s79_d3p5_v1_mind/summary.json	844	15883bec833fe912e40d298715fe39063fb02cdfc64204f7507c350ee907ecb3
records/sweeps/e2/s79_d3p5_v1_ours/summary.json	1920	b8f0054b2e1c4680ca0dab96adac8c5992ae11f4780cadd5dd30087ab58d5836
records/sweeps/e2/s79_d3p5_v2_aeb_only/summary.json	1923	fb5640e5446842e45419c8d5923b17aa0a938a951e91204b9b9b9174efc5443d
records/sweeps/e2/s79_d3p5_v2_mind/summary.json	1896	9d1543596938dc7fd8cb7de5bb7d210c2941039789062a29041bd4699199df94
records/sweeps/e2/s79_d3p5_v2_ours/summary.json	1900	ff6c5f02b49b6794885a2c84e40a457c235164a2e3f2fe9a6036297d2c1f2a36
records/sweeps/e2/s79_d3p5_v3_aeb_only/summary.json	1933	0229e4c0c911bfea724ba2849ec2946056bdb9159478fd039f402da15bbdbab6
records/sweeps/e2/s79_d3p5_v3_mind/summary.json	1914	c73273cb14b2c82fca3edbf2dc6fe96eb7445201509beb8733041357e24d7938
records/sweeps/e2/s79_d3p5_v3_ours/summary.json	1914	2d441d551168affd243d3d87f3345a59b6b435fe916094815a0a9d5f8d6c34e0
records/sweeps/e2/s79_d4p5_v1_aeb_only/summary.json	1921	902ddcd01332b9d4110afa4a80176a02550c81ca83d35f8a6d15777c68e3e66d
records/sweeps/e2/s79_d4p5_v1_mind/summary.json	844	050d9b5520dc5697fb638cfb49ba84fef434f1a1812038ea53239fdfff4697e2
records/sweeps/e2/s79_d4p5_v1_ours/summary.json	1918	da12cde8e9c1152be1656e20de1c3eaa2f3ba5415e9eb129392cbf819643b062
records/sweeps/e2/s79_d4p5_v2_aeb_only/summary.json	1921	d863f0a7c8f47c790295e1e4d9e59937531a9577a47f85734356f11c86fa68ca
records/sweeps/e2/s79_d4p5_v2_mind/summary.json	1900	84d94ac23b0e7c76b1e534bba13c10770558035144bbe2e32aa7ba68b04a412c
records/sweeps/e2/s79_d4p5_v2_ours/summary.json	1912	7ce80e635b595e14298e8116386432802540dc88c1261dbbbc3239bdef00b0f2
records/sweeps/e2/s79_d4p5_v3_aeb_only/summary.json	1917	b0fd288daac07f6baa51f785d94850c9c88f30cd4732a5e42e848833bfcd1751
records/sweeps/e2/s79_d4p5_v3_mind/summary.json	1896	de33ea1b8e42e1f8b4e3ea21a962c8c1fd0a30def6ca39f79bcb3b77698a61eb
records/sweeps/e2/s79_d4p5_v3_ours/summary.json	1912	43e23816b1fe105a4079b8b90ab7946b01b80f947190c19a56520bcbe2c28ab9
records/sweeps/records/scene01.jsonl	1739	ffd87c06e286fe79b19a9bb6c002639ca3f99e8b8300ff0adf0bc02fd96a0086
records/sweeps/records/scene06.jsonl	1720	944a98534326e6a9fb7cb6df52c605409d9d82010251abff1c73c8e91c2b14ad
records/sweeps/records/scene07.jsonl	1720	2ac10c44774d37c9c0f69dd98a42eef73a71dd012fa4b7aa52af52d3fb96a3e1
records/sweeps/records/scene08.jsonl	1720	89a8ab946f0228ce4d4a2023984a4117c2ad127f97ac1aaf27ddf9484c776cb6
records/sweeps/records/scene10.jsonl	1752	4c0d26ca7477afa24a13aac9097e8b75588e4156ab8f6e7cf24e7ba58c54d559
records/sweeps/records/scene18.jsonl	1808	42e7114a0fac66db5e6b4f004f18a65b7713d98d985818536a609fed32a87558
records/sweeps/records/scene25.jsonl	1671	2ba805f8597703ba183748ba79ba519a61392f760668e6aa0bed285427d3babd
records/sweeps/records/scene27.jsonl	1667	d3cc6bb49f99d645b9ca98fb581057919d91a1e05f07af7a6e7c33c36c4af7dc
records/sweeps/records/scene30.jsonl	1686	9040e6650a9abc53c8387231ce7ddc037079419dc2e2fd52d77ee33e7f291514
records/sweeps/records/scene35.jsonl	1700	a01a91693dc45a9d7123eff14740b45350b12eca5419c29e9118ed51fdb6a95f
records/sweeps/records/scene36.jsonl	1674	6bf4958b1856ce1039e8f45380514617d08d1fc865d180d2018839ab018cf4e1
records/sweeps/records/scene37.jsonl	1691	9048af369bc3573e3ea896c1e6dbe625c526af3145d08e99cf8ea16a82121a94
records/sweeps/records/scene40.jsonl	1695	657d33dcc680965b18465a5acc06f13d4177caa6fe031fad3356a93397dcd3e1
records/sweeps/records/scene45.jsonl	1692	aab1db85e8891676b9a9599b6784d2dc494c18f38b1489ba8d53309602811e05
records/sweeps/records/scene46.jsonl	1694	c34e51e0fa4856e7d502cd5384d4a0e00fcd0440886991560d407bb4de3b0a7f
records/sweeps/records/scene49.jsonl	1682	a66efa62140f4bfde8031deacceaf8ad770e310436cb7519cb9c39f2067d6cd8
records/sweeps/records/scene53.jsonl	1674	4d07bc370471784c6730eb96884a94ae1edf5b335f8042b9f2fef4fecd243ecf
records/sweeps/records/scene54.jsonl	1694	d0208d7d4e5d32b5ec2c1c5df4ce1cd2265ff99038b677adcdeffd1eecac2282
records/sweeps/records/scene55.jsonl	1685	b7aeaf884a7c64261a9796e367f408dea7604713f4ea9305e785fbd5b395ada2
records/sweeps/records/scene58.jsonl	1694	3eb7525721fa1715ac945ba816f987d2f00a3823229e6b1d418b181c6db2e56a
records/sweeps/records/scene62.jsonl	1677	43eeb0f5f1c673f6070a021ef664d8169bf66d36539c74979b105079d53fcfb8
records/sweeps/records/scene64.jsonl	1685	4b7ffb2c972ee7968e255e35882e90f4c75551d1c77304833348972fdc32f327
records/sweeps/records/scene65.jsonl	1676	9afdee4d318e3203777e724783c4b360eb4957673e133825b652093733530e6e
records/sweeps/records/scene75.jsonl	1681	8bfe7a01cea3b8135fdbe1891f7f5ad2e0c8ddbf2b3a7e8e6a67313f0f4297e8
records/sweeps/records/scene76.jsonl	1675	49511c0fca4eb70a2b737cb669881a8d2739e5b12359ba0dbd4a5412455ab9e9
records/sweeps/records/scene77.jsonl	1690	ec0a530d3d8853b9105dc52e5078e3f7a9b3c91f8e0df5b8416093065a582066
records/sweeps/records/scene79.jsonl	1679	b6e293b9816b126b7d5462df08f661435402caa565c35ebf47d6b0d223e02db6
records/sweeps/tasks_all.jsonl	582876	8344d2cc081d84a113be37a2302f0c8d183857ac7550158fbaed488d2d77da1e
restore_workspace.py	999	119fd61b543d97eb7c8a85164869a083c2776078ef464759a29ce27da9df4aba
