archive_path	repository_path
LICENSE	LICENSE
code/configs/ghost_experiment_vehicle.json	configs/ghost_experiment_vehicle.json
code/experiments/ghost_probe/agg_cloud_sweep.py	experiments/ghost_probe/agg_cloud_sweep.py
code/experiments/ghost_probe/agg_five_system_matched.py	experiments/ghost_probe/agg_five_system_matched.py
code/experiments/ghost_probe/agg_strict650.py	experiments/ghost_probe/agg_strict650.py
code/experiments/ghost_probe/build_cloud_sweep_manifest.py	experiments/ghost_probe/build_cloud_sweep_manifest.py
code/experiments/ghost_probe/run_cloud_sweep_queue.py	experiments/ghost_probe/run_cloud_sweep_queue.py
code/experiments/ghost_probe/run_ghost_experiment.py	experiments/ghost_probe/run_ghost_experiment.py
code/experiments/ghost_probe/run_jsonl_our_system_videos.py	experiments/ghost_probe/run_jsonl_our_system_videos.py
code/experiments/ghost_probe/run_no_ghost_jsonl_efficiency.py	experiments/ghost_probe/run_no_ghost_jsonl_efficiency.py
code/experiments/ghost_probe/verify_run_records.py	experiments/ghost_probe/verify_run_records.py
code/paper/tits_pa_loi/scripts/compute_candidate_pool_audit.py	paper/tits_pa_loi/scripts/compute_candidate_pool_audit.py
code/paper/tits_pa_loi/scripts/compute_param_paired_stats.py	paper/tits_pa_loi/scripts/compute_param_paired_stats.py
code/paper/tits_pa_loi/scripts/compute_statistics.py	paper/tits_pa_loi/scripts/compute_statistics.py
code/paper/tits_pa_loi/scripts/figure_mechanism_case.py	paper/tits_pa_loi/scripts/figure_mechanism_case.py
code/paper/tits_pa_loi/scripts/generate_figures_tables.py	paper/tits_pa_loi/scripts/generate_figures_tables.py
code/paper/tits_pa_loi/scripts/generate_sweep_tables.py	paper/tits_pa_loi/scripts/generate_sweep_tables.py
code/paper/tits_pa_loi/scripts/validate_results.py	paper/tits_pa_loi/scripts/validate_results.py
code/planners/ilqr/potential.py	planners/ilqr/potential.py
code/planners/mind/baselines.py	planners/mind/baselines.py
code/planners/mind/configs/demo_2.json	planners/mind/configs/demo_2.json
code/planners/mind/configs/networks/net_cfg.py	planners/mind/configs/networks/net_cfg.py
code/planners/mind/configs/planning/demo_2.py	planners/mind/configs/planning/demo_2.py
code/planners/mind/data_logger.py	planners/mind/data_logger.py
code/planners/mind/planner.py	planners/mind/planner.py
code/planners/mind/utils.py	planners/mind/utils.py
code/requirements.txt	requirements.txt
code/simulator.py	simulator.py
geometry/ghost_injection_clean81_clean21_plus_new60_20260607.jsonl	数据集/ghost_injection_clean81_clean21_plus_new60_20260607.jsonl
geometry/ghost_injection_clean81_rep30_speed_sensitivity_d5p5_20260607.jsonl	数据集/ghost_injection_clean81_rep30_speed_sensitivity_d5p5_20260607.jsonl
geometry/ghost_injection_new90_le3_candidate_20260606.jsonl	数据集/ghost_injection_new90_le3_candidate_20260606.jsonl
geometry/ghost_injection_new90_le3_clean60_strict_20260607.jsonl	数据集/ghost_injection_new90_le3_clean60_strict_20260607.jsonl
records/baseline_runs/ghost_scene01_f4eaa49a_d3_reachset/summary.json	实验记录/20260612_clean81_baselines_reachset_shadow_w24/runs/ghost_scene01_f4eaa49a_d3_reachset/summary.json
records/baseline_runs/ghost_scene01_f4eaa49a_d3_shadow/summary.json	实验记录/20260612_clean81_baselines_reachset_shadow_w24/runs/ghost_scene01_f4eaa49a_d3_shadow/summary.json
records/baseline_runs/ghost_scene01_f4eaa49a_d3p5_reachset/summary.json	实验记录/20260612_clean81_baselines_reachset_shadow_w24/runs/ghost_scene01_f4eaa49a_d3p5_reachset/summary.json
records/baseline_runs/ghost_scene01_f4eaa49a_d3p5_shadow/summary.json	实验记录/20260612_clean81_baselines_reachset_shadow_w24/runs/ghost_scene01_f4eaa49a_d3p5_shadow/summary.json
records/baseline_runs/ghost_scene01_f4eaa49a_d4_reachset/summary.json	实验记录/20260612_clean81_baselines_reachset_shadow_w24/runs/ghost_scene01_f4eaa49a_d4_reachset/summary.json
records/baseline_runs/ghost_scene01_f4eaa49a_d4_shadow/summary.json	实验记录/20260612_clean81_baselines_reachset_shadow_w24/runs/ghost_scene01_f4eaa49a_d4_shadow/summary.json
records/baseline_runs/ghost_scene01_f4eaa49a_d4p5_reachset/summary.json	实验记录/20260612_clean81_baselines_reachset_shadow_w24/runs/ghost_scene01_f4eaa49a_d4p5_reachset/summary.json
records/baseline_runs/ghost_scene01_f4eaa49a_d4p5_shadow/summary.json	实验记录/20260612_clean81_baselines_reachset_shadow_w24/runs/ghost_scene01_f4eaa49a_d4p5_shadow/summary.json
records/baseline_runs/ghost_scene01_f4eaa49a_d5_reachset/summary.json	实验记录/20260612_clean81_baselines_reachset_shadow_w24/runs/ghost_scene01_f4eaa49a_d5_reachset/summary.json
records/baseline_runs/ghost_scene01_f4eaa49a_d5_shadow/summary.json	实验记录/20260612_clean81_baselines_reachset_shadow_w24/runs/ghost_scene01_f4eaa49a_d5_shadow/summary.json
records/baseline_runs/ghost_scene01_f4eaa49a_d5p5_reachset/summary.json	实验记录/20260612_clean81_baselines_reachset_shadow_w24/runs/ghost_scene01_f4eaa49a_d5p5_reachset/summary.json
records/baseline_runs/ghost_scene01_f4eaa49a_d5p5_shadow/summary.json	实验记录/20260612_clean81_baselines_reachset_shadow_w24/runs/ghost_scene01_f4eaa49a_d5p5_shadow/summary.json
records/baseline_runs/ghost_scene02_5c7f8c2a_d3_reachset/summary.json	实验记录/20260612_clean81_baselines_reachset_shadow_w24/runs/ghost_scene02_5c7f8c2a_d3_reachset/summary.json
records/baseline_runs/ghost_scene02_5c7f8c2a_d3_shadow/summary.json	实验记录/20260612_clean81_baselines_reachset_shadow_w24/runs/ghost_scene02_5c7f8c2a_d3_shadow/summary.json
records/baseline_runs/ghost_scene02_5c7f8c2a_d3p5_reachset/summary.json	实验记录/20260612_clean81_baselines_reachset_shadow_w24/runs/ghost_scene02_5c7f8c2a_d3p5_reachset/summary.json
records/baseline_runs/ghost_scene02_5c7f8c2a_d3p5_shadow/summary.json	实验记录/20260612_clean81_baselines_reachset_shadow_w24/runs/ghost_scene02_5c7f8c2a_d3p5_shadow/summary.json
records/baseline_runs/ghost_scene02_5c7f8c2a_d4_reachset/summary.json	实验记录/20260612_clean81_baselines_reachset_shadow_w24/runs/ghost_scene02_5c7f8c2a_d4_reachset/summary.json
records/baseline_runs/ghost_scene02_5c7f8c2a_d4_shadow/summary.json	实验记录/20260612_clean81_baselines_reachset_shadow_w24/runs/ghost_scene02_5c7f8c2a_d4_shadow/summary.json
records/baseline_runs/ghost_scene02_5c7f8c2a_d4p5_reachset/summary.json	实验记录/20260612_clean81_baselines_reachset_shadow_w24/runs/ghost_scene02_5c7f8c2a_d4p5_reachset/summary.json
records/baseline_runs/ghost_scene02_5c7f8c2a_d4p5_shadow/summary.json	实验记录/20260612_clean81_baselines_reachset_shadow_w24/runs/ghost_scene02_5c7f8c2a_d4p5_shadow/summary.json
records/baseline_runs/ghost_scene02_5c7f8c2a_d5_reachset/summary.json	实验记录/20260612_clean81_baselines_reachset_shadow_w24/runs/ghost_scene02_5c7f8c2a_d5_reachset/summary.json
records/baseline_runs/ghost_scene02_5c7f8c2a_d5_shadow/summary.json	实验记录/20260612_clean81_baselines_reachset_shadow_w24/runs/ghost_scene02_5c7f8c2a_d5_shadow/summary.json
records/baseline_runs/ghost_scene02_5c7f8c2a_d5p5_reachset/summary.json	实验记录/20260612_clean81_baselines_reachset_shadow_w24/runs/ghost_scene02_5c7f8c2a_d5p5_reachset/summary.json
records/baseline_runs/ghost_scene02_5c7f8c2a_d5p5_shadow/summary.json	实验记录/20260612_clean81_baselines_reachset_shadow_w24/runs/ghost_scene02_5c7f8c2a_d5p5_shadow/summary.json
records/baseline_runs/ghost_scene03_beac9976_d3_reachset/summary.json	实验记录/20260612_clean81_baselines_reachset_shadow_w24/runs/ghost_scene03_beac9976_d3_reachset/summary.json
records/baseline_runs/ghost_scene03_beac9976_d3_shadow/summary.json	实验记录/20260612_clean81_baselines_reachset_shadow_w24/runs/ghost_scene03_beac9976_d3_shadow/summary.json
records/baseline_runs/ghost_scene03_beac9976_d3p5_reachset/summary.json	实验记录/20260612_clean81_baselines_reachset_shadow_w24/runs/ghost_scene03_beac9976_d3p5_reachset/summary.json
records/baseline_runs/ghost_scene03_beac9976_d3p5_shadow/summary.json	实验记录/20260612_clean81_baselines_reachset_shadow_w24/runs/ghost_scene03_beac9976_d3p5_shadow/summary.json
records/baseline_runs/ghost_scene03_beac9976_d4_reachset/summary.json	实验记录/20260612_clean81_baselines_reachset_shadow_w24/runs/ghost_scene03_beac9976_d4_reachset/summary.json
records/baseline_runs/ghost_scene03_beac9976_d4_shadow/summary.json	实验记录/20260612_clean81_baselines_reachset_shadow_w24/runs/ghost_scene03_beac9976_d4_shadow/summary.json
records/baseline_runs/ghost_scene03_beac9976_d4p5_reachset/summary.json	实验记录/20260612_clean81_baselines_reachset_shadow_w24/runs/ghost_scene03_beac9976_d4p5_reachset/summary.json
records/baseline_runs/ghost_scene03_beac9976_d4p5_shadow/summary.json	实验记录/20260612_clean81_baselines_reachset_shadow_w24/runs/ghost_scene03_beac9976_d4p5_shadow/summary.json
records/baseline_runs/ghost_scene03_beac9976_d5_reachset/summary.json	实验记录/20260612_clean81_baselines_reachset_shadow_w24/runs/ghost_scene03_beac9976_d5_reachset/summary.json
records/baseline_runs/ghost_scene03_beac9976_d5_shadow/summary.json	实验记录/20260612_clean81_baselines_reachset_shadow_w24/runs/ghost_scene03_beac9976_d5_shadow/summary.json
records/baseline_runs/ghost_scene03_beac9976_d5p5_reachset/summary.json	实验记录/20260612_clean81_baselines_reachset_shadow_w24/runs/ghost_scene03_beac9976_d5p5_reachset/summary.json
records/baseline_runs/ghost_scene03_beac9976_d5p5_shadow/summary.json	实验记录/20260612_clean81_baselines_reachset_shadow_w24/runs/ghost_scene03_beac9976_d5p5_shadow/summary.json
records/baseline_runs/ghost_scene04_34222e09_d3_reachset/summary.json	实验记录/20260612_clean81_baselines_reachset_shadow_w24/runs/ghost_scene04_34222e09_d3_reachset/summary.json
records/baseline_runs/ghost_scene04_34222e09_d3_shadow/summary.json	实验记录/20260612_clean81_baselines_reachset_shadow_w24/runs/ghost_scene04_34222e09_d3_shadow/summary.json
records/baseline_runs/ghost_scene04_34222e09_d3p5_reachset/summary.json	实验记录/20260612_clean81_baselines_reachset_shadow_w24/runs/ghost_scene04_34222e09_d3p5_reachset/summary.json
records/baseline_runs/ghost_scene04_34222e09_d3p5_shadow/summary.json	实验记录/20260612_clean81_baselines_reachset_shadow_w24/runs/ghost_scene04_34222e09_d3p5_shadow/summary.json
records/baseline_runs/ghost_scene04_34222e09_d4_reachset/summary.json	实验记录/20260612_clean81_baselines_reachset_shadow_w24/runs/ghost_scene04_34222e09_d4_reachset/summary.json
records/baseline_runs/ghost_scene04_34222e09_d4_shadow/summary.json	实验记录/20260612_clean81_baselines_reachset_shadow_w24/runs/ghost_scene04_34222e09_d4_shadow/summary.json
records/baseline_runs/ghost_scene04_34222e09_d4p5_reachset/summary.json	实验记录/20260612_clean81_baselines_reachset_shadow_w24/runs/ghost_scene04_34222e09_d4p5_reachset/summary.json
records/baseline_runs/ghost_scene04_34222e09_d4p5_shadow/summary.json	实验记录/20260612_clean81_baselines_reachset_shadow_w24/runs/ghost_scene04_34222e09_d4p5_shadow/summary.json
records/baseline_runs/ghost_scene04_34222e09_d5_reachset/summary.json	实验记录/20260612_clean81_baselines_reachset_shadow_w24/runs/ghost_scene04_34222e09_d5_reachset/summary.json
records/baseline_runs/ghost_scene04_34222e09_d5_shadow/summary.json	实验记录/20260612_clean81_baselines_reachset_shadow_w24/runs/ghost_scene04_34222e09_d5_shadow/summary.json
records/baseline_runs/ghost_scene04_34222e09_d5p5_reachset/summary.json	实验记录/20260612_clean81_baselines_reachset_shadow_w24/runs/ghost_scene04_34222e09_d5p5_reachset/summary.json
records/baseline_runs/ghost_scene04_34222e09_d5p5_shadow/summary.json	实验记录/20260612_clean81_baselines_reachset_shadow_w24/runs/ghost_scene04_34222e09_d5p5_shadow/summary.json
records/baseline_runs/ghost_scene05_074d4f6b_d3_reachset/summary.json	实验记录/20260612_clean81_baselines_reachset_shadow_w24/runs/ghost_scene05_074d4f6b_d3_reachset/summary.json
records/baseline_runs/ghost_scene05_074d4f6b_d3_shadow/summary.json	实验记录/20260612_clean81_baselines_reachset_shadow_w24/runs/ghost_scene05_074d4f6b_d3_shadow/summary.json
records/baseline_runs/ghost_scene05_074d4f6b_d3p5_reachset/summary.json	实验记录/20260612_clean81_baselines_reachset_shadow_w24/runs/ghost_scene05_074d4f6b_d3p5_reachset/summary.json
records/baseline_runs/ghost_scene05_074d4f6b_d3p5_shadow/summary.json	实验记录/20260612_clean81_baselines_reachset_shadow_w24/runs/ghost_scene05_074d4f6b_d3p5_shadow/summary.json
records/baseline_runs/ghost_scene05_074d4f6b_d4_reachset/summary.json	实验记录/20260612_clean81_baselines_reachset_shadow_w24/runs/ghost_scene05_074d4f6b_d4_reachset/summary.json
records/baseline_runs/ghost_scene05_074d4f6b_d4_shadow/summary.json	实验记录/20260612_clean81_baselines_reachset_shadow_w24/runs/ghost_scene05_074d4f6b_d4_shadow/summary.json
records/baseline_runs/ghost_scene05_074d4f6b_d4p5_reachset/summary.json	实验记录/20260612_clean81_baselines_reachset_shadow_w24/runs/ghost_scene05_074d4f6b_d4p5_reachset/summary.json
records/baseline_runs/ghost_scene05_074d4f6b_d4p5_shadow/summary.json	实验记录/20260612_clean81_baselines_reachset_shadow_w24/runs/ghost_scene05_074d4f6b_d4p5_shadow/summary.json
records/baseline_runs/ghost_scene05_074d4f6b_d5_reachset/summary.json	实验记录/20260612_clean81_baselines_reachset_shadow_w24/runs/ghost_scene05_074d4f6b_d5_reachset/summary.json
records/baseline_runs/ghost_scene05_074d4f6b_d5_shadow/summary.json	实验记录/20260612_clean81_baselines_reachset_shadow_w24/runs/ghost_scene05_074d4f6b_d5_shadow/summary.json
records/baseline_runs/ghost_scene05_074d4f6b_d5p5_reachset/summary.json	实验记录/20260612_clean81_baselines_reachset_shadow_w24/runs/ghost_scene05_074d4f6b_d5p5_reachset/summary.json
records/baseline_runs/ghost_scene05_074d4f6b_d5p5_shadow/summary.json	实验记录/20260612_clean81_baselines_reachset_shadow_w24/runs/ghost_scene05_074d4f6b_d5p5_shadow/summary.json
records/baseline_runs/ghost_scene06_c4dccd80_d3_reachset/summary.json	实验记录/20260612_clean81_baselines_reachset_shadow_w24/runs/ghost_scene06_c4dccd80_d3_reachset/summary.json
records/baseline_runs/ghost_scene06_c4dccd80_d3_shadow/summary.json	实验记录/20260612_clean81_baselines_reachset_shadow_w24/runs/ghost_scene06_c4dccd80_d3_shadow/summary.json
records/baseline_runs/ghost_scene06_c4dccd80_d3p5_reachset/summary.json	实验记录/20260612_clean81_baselines_reachset_shadow_w24/runs/ghost_scene06_c4dccd80_d3p5_reachset/summary.json
records/baseline_runs/ghost_scene06_c4dccd80_d3p5_shadow/summary.json	实验记录/20260612_clean81_baselines_reachset_shadow_w24/runs/ghost_scene06_c4dccd80_d3p5_shadow/summary.json
records/baseline_runs/ghost_scene06_c4dccd80_d4_reachset/summary.json	实验记录/20260612_clean81_baselines_reachset_shadow_w24/runs/ghost_scene06_c4dccd80_d4_reachset/summary.json
records/baseline_runs/ghost_scene06_c4dccd80_d4_shadow/summary.json	实验记录/20260612_clean81_baselines_reachset_shadow_w24/runs/ghost_scene06_c4dccd80_d4_shadow/summary.json
records/baseline_runs/ghost_scene06_c4dccd80_d4p5_reachset/summary.json	实验记录/20260612_clean81_baselines_reachset_shadow_w24/runs/ghost_scene06_c4dccd80_d4p5_reachset/summary.json
records/baseline_runs/ghost_scene06_c4dccd80_d4p5_shadow/summary.json	实验记录/20260612_clean81_baselines_reachset_shadow_w24/runs/ghost_scene06_c4dccd80_d4p5_shadow/summary.json
records/baseline_runs/ghost_scene06_c4dccd80_d5_reachset/summary.json	实验记录/20260612_clean81_baselines_reachset_shadow_w24/runs/ghost_scene06_c4dccd80_d5_reachset/summary.json
records/baseline_runs/ghost_scene06_c4dccd80_d5_shadow/summary.json	实验记录/20260612_clean81_baselines_reachset_shadow_w24/runs/ghost_scene06_c4dccd80_d5_shadow/summary.json
records/baseline_runs/ghost_scene06_c4dccd80_d5p5_reachset/summary.json	实验记录/20260612_clean81_baselines_reachset_shadow_w24/runs/ghost_scene06_c4dccd80_d5p5_reachset/summary.json
records/baseline_runs/ghost_scene06_c4dccd80_d5p5_shadow/summary.json	实验记录/20260612_clean81_baselines_reachset_shadow_w24/runs/ghost_scene06_c4dccd80_d5p5_shadow/summary.json
records/baseline_runs/ghost_scene07_50b08823_d3_reachset/summary.json	实验记录/20260612_clean81_baselines_reachset_shadow_w24/runs/ghost_scene07_50b08823_d3_reachset/summary.json
records/baseline_runs/ghost_scene07_50b08823_d3_shadow/summary.json	实验记录/20260612_clean81_baselines_reachset_shadow_w24/runs/ghost_scene07_50b08823_d3_shadow/summary.json
records/baseline_runs/ghost_scene07_50b08823_d3p5_reachset/summary.json	实验记录/20260612_clean81_baselines_reachset_shadow_w24/runs/ghost_scene07_50b08823_d3p5_reachset/summary.json
records/baseline_runs/ghost_scene07_50b08823_d3p5_shadow/summary.json	实验记录/20260612_clean81_baselines_reachset_shadow_w24/runs/ghost_scene07_50b08823_d3p5_shadow/summary.json
records/baseline_runs/ghost_scene07_50b08823_d4_reachset/summary.json	实验记录/20260612_clean81_baselines_reachset_shadow_w24/runs/ghost_scene07_50b08823_d4_reachset/summary.json
records/baseline_runs/ghost_scene07_50b08823_d4_shadow/summary.json	实验记录/20260612_clean81_baselines_reachset_shadow_w24/runs/ghost_scene07_50b08823_d4_shadow/summary.json
records/baseline_runs/ghost_scene07_50b08823_d4p5_reachset/summary.json	实验记录/20260612_clean81_baselines_reachset_shadow_w24/runs/ghost_scene07_50b08823_d4p5_reachset/summary.json
records/baseline_runs/ghost_scene07_50b08823_d4p5_shadow/summary.json	实验记录/20260612_clean81_baselines_reachset_shadow_w24/runs/ghost_scene07_50b08823_d4p5_shadow/summary.json
records/baseline_runs/ghost_scene07_50b08823_d5_reachset/summary.json	实验记录/20260612_clean81_baselines_reachset_shadow_w24/runs/ghost_scene07_50b08823_d5_reachset/summary.json
records/baseline_runs/ghost_scene07_50b08823_d5_shadow/summary.json	实验记录/20260612_clean81_baselines_reachset_shadow_w24/runs/ghost_scene07_50b08823_d5_shadow/summary.json
records/baseline_runs/ghost_scene07_50b08823_d5p5_reachset/summary.json	实验记录/20260612_clean81_baselines_reachset_shadow_w24/runs/ghost_scene07_50b08823_d5p5_reachset/summary.json
records/baseline_runs/ghost_scene07_50b08823_d5p5_shadow/summary.json	实验记录/20260612_clean81_baselines_reachset_shadow_w24/runs/ghost_scene07_50b08823_d5p5_shadow/summary.json
records/baseline_runs/ghost_scene08_63911c23_d3_reachset/summary.json	实验记录/20260612_clean81_baselines_reachset_shadow_w24/runs/ghost_scene08_63911c23_d3_reachset/summary.json
records/baseline_runs/ghost_scene08_63911c23_d3_shadow/summary.json	实验记录/20260612_clean81_baselines_reachset_shadow_w24/runs/ghost_scene08_63911c23_d3_shadow/summary.json
records/baseline_runs/ghost_scene08_63911c23_d3p5_reachset/summary.json	实验记录/20260612_clean81_baselines_reachset_shadow_w24/runs/ghost_scene08_63911c23_d3p5_reachset/summary.json
records/baseline_runs/ghost_scene08_63911c23_d3p5_shadow/summary.json	实验记录/20260612_clean81_baselines_reachset_shadow_w24/runs/ghost_scene08_63911c23_d3p5_shadow/summary.json
records/baseline_runs/ghost_scene08_63911c23_d4_reachset/summary.json	实验记录/20260612_clean81_baselines_reachset_shadow_w24/runs/ghost_scene08_63911c23_d4_reachset/summary.json
records/baseline_runs/ghost_scene08_63911c23_d4_shadow/summary.json	实验记录/20260612_clean81_baselines_reachset_shadow_w24/runs/ghost_scene08_63911c23_d4_shadow/summary.json
records/baseline_runs/ghost_scene08_63911c23_d4p5_reachset/summary.json	实验记录/20260612_clean81_baselines_reachset_shadow_w24/runs/ghost_scene08_63911c23_d4p5_reachset/summary.json
records/baseline_runs/ghost_scene08_63911c23_d4p5_shadow/summary.json	实验记录/20260612_clean81_baselines_reachset_shadow_w24/runs/ghost_scene08_63911c23_d4p5_shadow/summary.json
records/baseline_runs/ghost_scene08_63911c23_d5_reachset/summary.json	实验记录/20260612_clean81_baselines_reachset_shadow_w24/runs/ghost_scene08_63911c23_d5_reachset/summary.json
records/baseline_runs/ghost_scene08_63911c23_d5_shadow/summary.json	实验记录/20260612_clean81_baselines_reachset_shadow_w24/runs/ghost_scene08_63911c23_d5_shadow/summary.json
records/baseline_runs/ghost_scene08_63911c23_d5p5_reachset/summary.json	实验记录/20260612_clean81_baselines_reachset_shadow_w24/runs/ghost_scene08_63911c23_d5p5_reachset/summary.json
records/baseline_runs/ghost_scene08_63911c23_d5p5_shadow/summary.json	实验记录/20260612_clean81_baselines_reachset_shadow_w24/runs/ghost_scene08_63911c23_d5p5_shadow/summary.json
records/baseline_runs/ghost_scene09_9a0ab3f9_d3_reachset/summary.json	实验记录/20260612_clean81_baselines_reachset_shadow_w24/runs/ghost_scene09_9a0ab3f9_d3_reachset/summary.json
records/baseline_runs/ghost_scene09_9a0ab3f9_d3_shadow/summary.json	实验记录/20260612_clean81_baselines_reachset_shadow_w24/runs/ghost_scene09_9a0ab3f9_d3_shadow/summary.json
records/baseline_runs/ghost_scene09_9a0ab3f9_d3p5_reachset/summary.json	实验记录/20260612_clean81_baselines_reachset_shadow_w24/runs/ghost_scene09_9a0ab3f9_d3p5_reachset/summary.json
records/baseline_runs/ghost_scene09_9a0ab3f9_d3p5_shadow/summary.json	实验记录/20260612_clean81_baselines_reachset_shadow_w24/runs/ghost_scene09_9a0ab3f9_d3p5_shadow/summary.json
records/baseline_runs/ghost_scene09_9a0ab3f9_d4_reachset/summary.json	实验记录/20260612_clean81_baselines_reachset_shadow_w24/runs/ghost_scene09_9a0ab3f9_d4_reachset/summary.json
records/baseline_runs/ghost_scene09_9a0ab3f9_d4_shadow/summary.json	实验记录/20260612_clean81_baselines_reachset_shadow_w24/runs/ghost_scene09_9a0ab3f9_d4_shadow/summary.json
records/baseline_runs/ghost_scene09_9a0ab3f9_d4p5_reachset/summary.json	实验记录/20260612_clean81_baselines_reachset_shadow_w24/runs/ghost_scene09_9a0ab3f9_d4p5_reachset/summary.json
records/baseline_runs/ghost_scene09_9a0ab3f9_d4p5_shadow/summary.json	实验记录/20260612_clean81_baselines_reachset_shadow_w24/runs/ghost_scene09_9a0ab3f9_d4p5_shadow/summary.json
records/baseline_runs/ghost_scene09_9a0ab3f9_d5_reachset/summary.json	实验记录/20260612_clean81_baselines_reachset_shadow_w24/runs/ghost_scene09_9a0ab3f9_d5_reachset/summary.json
records/baseline_runs/ghost_scene09_9a0ab3f9_d5_shadow/summary.json	实验记录/20260612_clean81_baselines_reachset_shadow_w24/runs/ghost_scene09_9a0ab3f9_d5_shadow/summary.json
records/baseline_runs/ghost_scene09_9a0ab3f9_d5p5_reachset/summary.json	实验记录/20260612_clean81_baselines_reachset_shadow_w24/runs/ghost_scene09_9a0ab3f9_d5p5_reachset/summary.json
records/baseline_runs/ghost_scene09_9a0ab3f9_d5p5_shadow/summary.json	实验记录/20260612_clean81_baselines_reachset_shadow_w24/runs/ghost_scene09_9a0ab3f9_d5p5_shadow/summary.json
records/baseline_runs/ghost_scene10_6e7a829c_d3_reachset/summary.json	实验记录/20260612_clean81_baselines_reachset_shadow_w24/runs/ghost_scene10_6e7a829c_d3_reachset/summary.json
records/baseline_runs/ghost_scene10_6e7a829c_d3_shadow/summary.json	实验记录/20260612_clean81_baselines_reachset_shadow_w24/runs/ghost_scene10_6e7a829c_d3_shadow/summary.json
records/baseline_runs/ghost_scene10_6e7a829c_d3p5_reachset/summary.json	实验记录/20260612_clean81_baselines_reachset_shadow_w24/runs/ghost_scene10_6e7a829c_d3p5_reachset/summary.json
records/baseline_runs/ghost_scene10_6e7a829c_d3p5_shadow/summary.json	实验记录/20260612_clean81_baselines_reachset_shadow_w24/runs/ghost_scene10_6e7a829c_d3p5_shadow/summary.json
records/baseline_runs/ghost_scene10_6e7a829c_d4_reachset/summary.json	实验记录/20260612_clean81_baselines_reachset_shadow_w24/runs/ghost_scene10_6e7a829c_d4_reachset/summary.json
records/baseline_runs/ghost_scene10_6e7a829c_d4_shadow/summary.json	实验记录/20260612_clean81_baselines_reachset_shadow_w24/runs/ghost_scene10_6e7a829c_d4_shadow/summary.json
records/baseline_runs/ghost_scene10_6e7a829c_d4p5_reachset/summary.json	实验记录/20260612_clean81_baselines_reachset_shadow_w24/runs/ghost_scene10_6e7a829c_d4p5_reachset/summary.json
records/baseline_runs/ghost_scene10_6e7a829c_d4p5_shadow/summary.json	实验记录/20260612_clean81_baselines_reachset_shadow_w24/runs/ghost_scene10_6e7a829c_d4p5_shadow/summary.json
records/baseline_runs/ghost_scene10_6e7a829c_d5_reachset/summary.json	实验记录/20260612_clean81_baselines_reachset_shadow_w24/runs/ghost_scene10_6e7a829c_d5_reachset/summary.json
records/baseline_runs/ghost_scene10_6e7a829c_d5_shadow/summary.json	实验记录/20260612_clean81_baselines_reachset_shadow_w24/runs/ghost_scene10_6e7a829c_d5_shadow/summary.json
records/baseline_runs/ghost_scene10_6e7a829c_d5p5_reachset/summary.json	实验记录/20260612_clean81_baselines_reachset_shadow_w24/runs/ghost_scene10_6e7a829c_d5p5_reachset/summary.json
records/baseline_runs/ghost_scene10_6e7a829c_d5p5_shadow/summary.json	实验记录/20260612_clean81_baselines_reachset_shadow_w24/runs/ghost_scene10_6e7a829c_d5p5_shadow/summary.json
records/baseline_runs/ghost_scene11_ab97bc44_d3_reachset/summary.json	实验记录/20260612_clean81_baselines_reachset_shadow_w24/runs/ghost_scene11_ab97bc44_d3_reachset/summary.json
records/baseline_runs/ghost_scene11_ab97bc44_d3_shadow/summary.json	实验记录/20260612_clean81_baselines_reachset_shadow_w24/runs/ghost_scene11_ab97bc44_d3_shadow/summary.json
records/baseline_runs/ghost_scene11_ab97bc44_d3p5_reachset/summary.json	实验记录/20260612_clean81_baselines_reachset_shadow_w24/runs/ghost_scene11_ab97bc44_d3p5_reachset/summary.json
records/baseline_runs/ghost_scene11_ab97bc44_d3p5_shadow/summary.json	实验记录/20260612_clean81_baselines_reachset_shadow_w24/runs/ghost_scene11_ab97bc44_d3p5_shadow/summary.json
records/baseline_runs/ghost_scene11_ab97bc44_d4_reachset/summary.json	实验记录/20260612_clean81_baselines_reachset_shadow_w24/runs/ghost_scene11_ab97bc44_d4_reachset/summary.json
records/baseline_runs/ghost_scene11_ab97bc44_d4_shadow/summary.json	实验记录/20260612_clean81_baselines_reachset_shadow_w24/runs/ghost_scene11_ab97bc44_d4_shadow/summary.json
records/baseline_runs/ghost_scene11_ab97bc44_d4p5_reachset/summary.json	实验记录/20260612_clean81_baselines_reachset_shadow_w24/runs/ghost_scene11_ab97bc44_d4p5_reachset/summary.json
records/baseline_runs/ghost_scene11_ab97bc44_d4p5_shadow/summary.json	实验记录/20260612_clean81_baselines_reachset_shadow_w24/runs/ghost_scene11_ab97bc44_d4p5_shadow/summary.json
records/baseline_runs/ghost_scene11_ab97bc44_d5_reachset/summary.json	实验记录/20260612_clean81_baselines_reachset_shadow_w24/runs/ghost_scene11_ab97bc44_d5_reachset/summary.json
records/baseline_runs/ghost_scene11_ab97bc44_d5_shadow/summary.json	实验记录/20260612_clean81_baselines_reachset_shadow_w24/runs/ghost_scene11_ab97bc44_d5_shadow/summary.json
records/baseline_runs/ghost_scene11_ab97bc44_d5p5_reachset/summary.json	实验记录/20260612_clean81_baselines_reachset_shadow_w24/runs/ghost_scene11_ab97bc44_d5p5_reachset/summary.json
records/baseline_runs/ghost_scene11_ab97bc44_d5p5_shadow/summary.json	实验记录/20260612_clean81_baselines_reachset_shadow_w24/runs/ghost_scene11_ab97bc44_d5p5_shadow/summary.json
records/baseline_runs/ghost_scene12_e8a81b3c_d3_reachset/summary.json	实验记录/20260612_clean81_baselines_reachset_shadow_w24/runs/ghost_scene12_e8a81b3c_d3_reachset/summary.json
records/baseline_runs/ghost_scene12_e8a81b3c_d3_shadow/summary.json	实验记录/20260612_clean81_baselines_reachset_shadow_w24/runs/ghost_scene12_e8a81b3c_d3_shadow/summary.json
records/baseline_runs/ghost_scene12_e8a81b3c_d3p5_reachset/summary.json	实验记录/20260612_clean81_baselines_reachset_shadow_w24/runs/ghost_scene12_e8a81b3c_d3p5_reachset/summary.json
records/baseline_runs/ghost_scene12_e8a81b3c_d3p5_shadow/summary.json	实验记录/20260612_clean81_baselines_reachset_shadow_w24/runs/ghost_scene12_e8a81b3c_d3p5_shadow/summary.json
records/baseline_runs/ghost_scene12_e8a81b3c_d4_reachset/summary.json	实验记录/20260612_clean81_baselines_reachset_shadow_w24/runs/ghost_scene12_e8a81b3c_d4_reachset/summary.json
records/baseline_runs/ghost_scene12_e8a81b3c_d4_shadow/summary.json	实验记录/20260612_clean81_baselines_reachset_shadow_w24/runs/ghost_scene12_e8a81b3c_d4_shadow/summary.json
records/baseline_runs/ghost_scene12_e8a81b3c_d4p5_reachset/summary.json	实验记录/20260612_clean81_baselines_reachset_shadow_w24/runs/ghost_scene12_e8a81b3c_d4p5_reachset/summary.json
records/baseline_runs/ghost_scene12_e8a81b3c_d4p5_shadow/summary.json	实验记录/20260612_clean81_baselines_reachset_shadow_w24/runs/ghost_scene12_e8a81b3c_d4p5_shadow/summary.json
records/baseline_runs/ghost_scene12_e8a81b3c_d5_reachset/summary.json	实验记录/20260612_clean81_baselines_reachset_shadow_w24/runs/ghost_scene12_e8a81b3c_d5_reachset/summary.json
records/baseline_runs/ghost_scene12_e8a81b3c_d5_shadow/summary.json	实验记录/20260612_clean81_baselines_reachset_shadow_w24/runs/ghost_scene12_e8a81b3c_d5_shadow/summary.json
records/baseline_runs/ghost_scene12_e8a81b3c_d5p5_reachset/summary.json	实验记录/20260612_clean81_baselines_reachset_shadow_w24/runs/ghost_scene12_e8a81b3c_d5p5_reachset/summary.json
records/baseline_runs/ghost_scene12_e8a81b3c_d5p5_shadow/summary.json	实验记录/20260612_clean81_baselines_reachset_shadow_w24/runs/ghost_scene12_e8a81b3c_d5p5_shadow/summary.json
records/baseline_runs/ghost_scene13_f8e2ad51_d3_reachset/summary.json	实验记录/20260612_clean81_baselines_reachset_shadow_w24/runs/ghost_scene13_f8e2ad51_d3_reachset/summary.json
records/baseline_runs/ghost_scene13_f8e2ad51_d3_shadow/summary.json	实验记录/20260612_clean81_baselines_reachset_shadow_w24/runs/ghost_scene13_f8e2ad51_d3_shadow/summary.json
records/baseline_runs/ghost_scene13_f8e2ad51_d3p5_reachset/summary.json	实验记录/20260612_clean81_baselines_reachset_shadow_w24/runs/ghost_scene13_f8e2ad51_d3p5_reachset/summary.json
records/baseline_runs/ghost_scene13_f8e2ad51_d3p5_shadow/summary.json	实验记录/20260612_clean81_baselines_reachset_shadow_w24/runs/ghost_scene13_f8e2ad51_d3p5_shadow/summary.json
records/baseline_runs/ghost_scene13_f8e2ad51_d4_reachset/summary.json	实验记录/20260612_clean81_baselines_reachset_shadow_w24/runs/ghost_scene13_f8e2ad51_d4_reachset/summary.json
records/baseline_runs/ghost_scene13_f8e2ad51_d4_shadow/summary.json	实验记录/20260612_clean81_baselines_reachset_shadow_w24/runs/ghost_scene13_f8e2ad51_d4_shadow/summary.json
records/baseline_runs/ghost_scene13_f8e2ad51_d4p5_reachset/summary.json	实验记录/20260612_clean81_baselines_reachset_shadow_w24/runs/ghost_scene13_f8e2ad51_d4p5_reachset/summary.json
records/baseline_runs/ghost_scene13_f8e2ad51_d4p5_shadow/summary.json	实验记录/20260612_clean81_baselines_reachset_shadow_w24/runs/ghost_scene13_f8e2ad51_d4p5_shadow/summary.json
records/baseline_runs/ghost_scene13_f8e2ad51_d5_reachset/summary.json	实验记录/20260612_clean81_baselines_reachset_shadow_w24/runs/ghost_scene13_f8e2ad51_d5_reachset/summary.json
records/baseline_runs/ghost_scene13_f8e2ad51_d5_shadow/summary.json	实验记录/20260612_clean81_baselines_reachset_shadow_w24/runs/ghost_scene13_f8e2ad51_d5_shadow/summary.json
records/baseline_runs/ghost_scene13_f8e2ad51_d5p5_reachset/summary.json	实验记录/20260612_clean81_baselines_reachset_shadow_w24/runs/ghost_scene13_f8e2ad51_d5p5_reachset/summary.json
records/baseline_runs/ghost_scene13_f8e2ad51_d5p5_shadow/summary.json	实验记录/20260612_clean81_baselines_reachset_shadow_w24/runs/ghost_scene13_f8e2ad51_d5p5_shadow/summary.json
records/baseline_runs/ghost_scene14_2e1a3df9_d3_reachset/summary.json	实验记录/20260612_clean81_baselines_reachset_shadow_w24/runs/ghost_scene14_2e1a3df9_d3_reachset/summary.json
records/baseline_runs/ghost_scene14_2e1a3df9_d3_shadow/summary.json	实验记录/20260612_clean81_baselines_reachset_shadow_w24/runs/ghost_scene14_2e1a3df9_d3_shadow/summary.json
records/baseline_runs/ghost_scene14_2e1a3df9_d3p5_reachset/summary.json	实验记录/20260612_clean81_baselines_reachset_shadow_w24/runs/ghost_scene14_2e1a3df9_d3p5_reachset/summary.json
records/baseline_runs/ghost_scene14_2e1a3df9_d3p5_shadow/summary.json	实验记录/20260612_clean81_baselines_reachset_shadow_w24/runs/ghost_scene14_2e1a3df9_d3p5_shadow/summary.json
records/baseline_runs/ghost_scene14_2e1a3df9_d4_reachset/summary.json	实验记录/20260612_clean81_baselines_reachset_shadow_w24/runs/ghost_scene14_2e1a3df9_d4_reachset/summary.json
records/baseline_runs/ghost_scene14_2e1a3df9_d4_shadow/summary.json	实验记录/20260612_clean81_baselines_reachset_shadow_w24/runs/ghost_scene14_2e1a3df9_d4_shadow/summary.json
records/baseline_runs/ghost_scene14_2e1a3df9_d4p5_reachset/summary.json	实验记录/20260612_clean81_baselines_reachset_shadow_w24/runs/ghost_scene14_2e1a3df9_d4p5_reachset/summary.json
records/baseline_runs/ghost_scene14_2e1a3df9_d4p5_shadow/summary.json	实验记录/20260612_clean81_baselines_reachset_shadow_w24/runs/ghost_scene14_2e1a3df9_d4p5_shadow/summary.json
records/baseline_runs/ghost_scene14_2e1a3df9_d5_reachset/summary.json	实验记录/20260612_clean81_baselines_reachset_shadow_w24/runs/ghost_scene14_2e1a3df9_d5_reachset/summary.json
records/baseline_runs/ghost_scene14_2e1a3df9_d5_shadow/summary.json	实验记录/20260612_clean81_baselines_reachset_shadow_w24/runs/ghost_scene14_2e1a3df9_d5_shadow/summary.json
records/baseline_runs/ghost_scene14_2e1a3df9_d5p5_reachset/summary.json	实验记录/20260612_clean81_baselines_reachset_shadow_w24/runs/ghost_scene14_2e1a3df9_d5p5_reachset/summary.json
records/baseline_runs/ghost_scene14_2e1a3df9_d5p5_shadow/summary.json	实验记录/20260612_clean81_baselines_reachset_shadow_w24/runs/ghost_scene14_2e1a3df9_d5p5_shadow/summary.json
records/baseline_runs/ghost_scene15_e61d64bc_d3_reachset/summary.json	实验记录/20260612_clean81_baselines_reachset_shadow_w24/runs/ghost_scene15_e61d64bc_d3_reachset/summary.json
records/baseline_runs/ghost_scene15_e61d64bc_d3_shadow/summary.json	实验记录/20260612_clean81_baselines_reachset_shadow_w24/runs/ghost_scene15_e61d64bc_d3_shadow/summary.json
records/baseline_runs/ghost_scene15_e61d64bc_d3p5_reachset/summary.json	实验记录/20260612_clean81_baselines_reachset_shadow_w24/runs/ghost_scene15_e61d64bc_d3p5_reachset/summary.json
records/baseline_runs/ghost_scene15_e61d64bc_d3p5_shadow/summary.json	实验记录/20260612_clean81_baselines_reachset_shadow_w24/runs/ghost_scene15_e61d64bc_d3p5_shadow/summary.json
records/baseline_runs/ghost_scene15_e61d64bc_d4_reachset/summary.json	实验记录/20260612_clean81_baselines_reachset_shadow_w24/runs/ghost_scene15_e61d64bc_d4_reachset/summary.json
records/baseline_runs/ghost_scene15_e61d64bc_d4_shadow/summary.json	实验记录/20260612_clean81_baselines_reachset_shadow_w24/runs/ghost_scene15_e61d64bc_d4_shadow/summary.json
records/baseline_runs/ghost_scene15_e61d64bc_d4p5_reachset/summary.json	实验记录/20260612_clean81_baselines_reachset_shadow_w24/runs/ghost_scene15_e61d64bc_d4p5_reachset/summary.json
records/baseline_runs/ghost_scene15_e61d64bc_d4p5_shadow/summary.json	实验记录/20260612_clean81_baselines_reachset_shadow_w24/runs/ghost_scene15_e61d64bc_d4p5_shadow/summary.json
records/baseline_runs/ghost_scene15_e61d64bc_d5_reachset/summary.json	实验记录/20260612_clean81_baselines_reachset_shadow_w24/runs/ghost_scene15_e61d64bc_d5_reachset/summary.json
records/baseline_runs/ghost_scene15_e61d64bc_d5_shadow/summary.json	实验记录/20260612_clean81_baselines_reachset_shadow_w24/runs/ghost_scene15_e61d64bc_d5_shadow/summary.json
records/baseline_runs/ghost_scene15_e61d64bc_d5p5_reachset/summary.json	实验记录/20260612_clean81_baselines_reachset_shadow_w24/runs/ghost_scene15_e61d64bc_d5p5_reachset/summary.json
records/baseline_runs/ghost_scene15_e61d64bc_d5p5_shadow/summary.json	实验记录/20260612_clean81_baselines_reachset_shadow_w24/runs/ghost_scene15_e61d64bc_d5p5_shadow/summary.json
records/baseline_runs/ghost_scene16_46b85132_d3_reachset/summary.json	实验记录/20260612_clean81_baselines_reachset_shadow_w24/runs/ghost_scene16_46b85132_d3_reachset/summary.json
records/baseline_runs/ghost_scene16_46b85132_d3_shadow/summary.json	实验记录/20260612_clean81_baselines_reachset_shadow_w24/runs/ghost_scene16_46b85132_d3_shadow/summary.json
records/baseline_runs/ghost_scene16_46b85132_d3p5_reachset/summary.json	实验记录/20260612_clean81_baselines_reachset_shadow_w24/runs/ghost_scene16_46b85132_d3p5_reachset/summary.json
records/baseline_runs/ghost_scene16_46b85132_d3p5_shadow/summary.json	实验记录/20260612_clean81_baselines_reachset_shadow_w24/runs/ghost_scene16_46b85132_d3p5_shadow/summary.json
records/baseline_runs/ghost_scene16_46b85132_d4_reachset/summary.json	实验记录/20260612_clean81_baselines_reachset_shadow_w24/runs/ghost_scene16_46b85132_d4_reachset/summary.json
records/baseline_runs/ghost_scene16_46b85132_d4_shadow/summary.json	实验记录/20260612_clean81_baselines_reachset_shadow_w24/runs/ghost_scene16_46b85132_d4_shadow/summary.json
records/baseline_runs/ghost_scene16_46b85132_d4p5_reachset/summary.json	实验记录/20260612_clean81_baselines_reachset_shadow_w24/runs/ghost_scene16_46b85132_d4p5_reachset/summary.json
records/baseline_runs/ghost_scene16_46b85132_d4p5_shadow/summary.json	实验记录/20260612_clean81_baselines_reachset_shadow_w24/runs/ghost_scene16_46b85132_d4p5_shadow/summary.json
records/baseline_runs/ghost_scene16_46b85132_d5_reachset/summary.json	实验记录/20260612_clean81_baselines_reachset_shadow_w24/runs/ghost_scene16_46b85132_d5_reachset/summary.json
records/baseline_runs/ghost_scene16_46b85132_d5_shadow/summary.json	实验记录/20260612_clean81_baselines_reachset_shadow_w24/runs/ghost_scene16_46b85132_d5_shadow/summary.json
records/baseline_runs/ghost_scene16_46b85132_d5p5_reachset/summary.json	实验记录/20260612_clean81_baselines_reachset_shadow_w24/runs/ghost_scene16_46b85132_d5p5_reachset/summary.json
records/baseline_runs/ghost_scene16_46b85132_d5p5_shadow/summary.json	实验记录/20260612_clean81_baselines_reachset_shadow_w24/runs/ghost_scene16_46b85132_d5p5_shadow/summary.json
records/baseline_runs/ghost_scene17_c4b2ade0_d3_reachset/summary.json	实验记录/20260612_clean81_baselines_reachset_shadow_w24/runs/ghost_scene17_c4b2ade0_d3_reachset/summary.json
records/baseline_runs/ghost_scene17_c4b2ade0_d3_shadow/summary.json	实验记录/20260612_clean81_baselines_reachset_shadow_w24/runs/ghost_scene17_c4b2ade0_d3_shadow/summary.json
records/baseline_runs/ghost_scene17_c4b2ade0_d3p5_reachset/summary.json	实验记录/20260612_clean81_baselines_reachset_shadow_w24/runs/ghost_scene17_c4b2ade0_d3p5_reachset/summary.json
records/baseline_runs/ghost_scene17_c4b2ade0_d3p5_shadow/summary.json	实验记录/20260612_clean81_baselines_reachset_shadow_w24/runs/ghost_scene17_c4b2ade0_d3p5_shadow/summary.json
records/baseline_runs/ghost_scene17_c4b2ade0_d4_reachset/summary.json	实验记录/20260612_clean81_baselines_reachset_shadow_w24/runs/ghost_scene17_c4b2ade0_d4_reachset/summary.json
records/baseline_runs/ghost_scene17_c4b2ade0_d4_shadow/summary.json	实验记录/20260612_clean81_baselines_reachset_shadow_w24/runs/ghost_scene17_c4b2ade0_d4_shadow/summary.json
records/baseline_runs/ghost_scene17_c4b2ade0_d4p5_reachset/summary.json	实验记录/20260612_clean81_baselines_reachset_shadow_w24/runs/ghost_scene17_c4b2ade0_d4p5_reachset/summary.json
records/baseline_runs/ghost_scene17_c4b2ade0_d4p5_shadow/summary.json	实验记录/20260612_clean81_baselines_reachset_shadow_w24/runs/ghost_scene17_c4b2ade0_d4p5_shadow/summary.json
records/baseline_runs/ghost_scene17_c4b2ade0_d5_reachset/summary.json	实验记录/20260612_clean81_baselines_reachset_shadow_w24/runs/ghost_scene17_c4b2ade0_d5_reachset/summary.json
records/baseline_runs/ghost_scene17_c4b2ade0_d5_shadow/summary.json	实验记录/20260612_clean81_baselines_reachset_shadow_w24/runs/ghost_scene17_c4b2ade0_d5_shadow/summary.json
records/baseline_runs/ghost_scene17_c4b2ade0_d5p5_reachset/summary.json	实验记录/20260612_clean81_baselines_reachset_shadow_w24/runs/ghost_scene17_c4b2ade0_d5p5_reachset/summary.json
records/baseline_runs/ghost_scene17_c4b2ade0_d5p5_shadow/summary.json	实验记录/20260612_clean81_baselines_reachset_shadow_w24/runs/ghost_scene17_c4b2ade0_d5p5_shadow/summary.json
records/baseline_runs/ghost_scene18_1a80b89e_d3_reachset/summary.json	实验记录/20260612_clean81_baselines_reachset_shadow_w24/runs/ghost_scene18_1a80b89e_d3_reachset/summary.json
records/baseline_runs/ghost_scene18_1a80b89e_d3_shadow/summary.json	实验记录/20260612_clean81_baselines_reachset_shadow_w24/runs/ghost_scene18_1a80b89e_d3_shadow/summary.json
records/baseline_runs/ghost_scene18_1a80b89e_d3p5_reachset/summary.json	实验记录/20260612_clean81_baselines_reachset_shadow_w24/runs/ghost_scene18_1a80b89e_d3p5_reachset/summary.json
records/baseline_runs/ghost_scene18_1a80b89e_d3p5_shadow/summary.json	实验记录/20260612_clean81_baselines_reachset_shadow_w24/runs/ghost_scene18_1a80b89e_d3p5_shadow/summary.json
records/baseline_runs/ghost_scene18_1a80b89e_d4_reachset/summary.json	实验记录/20260612_clean81_baselines_reachset_shadow_w24/runs/ghost_scene18_1a80b89e_d4_reachset/summary.json
records/baseline_runs/ghost_scene18_1a80b89e_d4_shadow/summary.json	实验记录/20260612_clean81_baselines_reachset_shadow_w24/runs/ghost_scene18_1a80b89e_d4_shadow/summary.json
records/baseline_runs/ghost_scene18_1a80b89e_d4p5_reachset/summary.json	实验记录/20260612_clean81_baselines_reachset_shadow_w24/runs/ghost_scene18_1a80b89e_d4p5_reachset/summary.json
records/baseline_runs/ghost_scene18_1a80b89e_d4p5_shadow/summary.json	实验记录/20260612_clean81_baselines_reachset_shadow_w24/runs/ghost_scene18_1a80b89e_d4p5_shadow/summary.json
records/baseline_runs/ghost_scene18_1a80b89e_d5_reachset/summary.json	实验记录/20260612_clean81_baselines_reachset_shadow_w24/runs/ghost_scene18_1a80b89e_d5_reachset/summary.json
records/baseline_runs/ghost_scene18_1a80b89e_d5_shadow/summary.json	实验记录/20260612_clean81_baselines_reachset_shadow_w24/runs/ghost_scene18_1a80b89e_d5_shadow/summary.json
records/baseline_runs/ghost_scene18_1a80b89e_d5p5_reachset/summary.json	实验记录/20260612_clean81_baselines_reachset_shadow_w24/runs/ghost_scene18_1a80b89e_d5p5_reachset/summary.json
records/baseline_runs/ghost_scene18_1a80b89e_d5p5_shadow/summary.json	实验记录/20260612_clean81_baselines_reachset_shadow_w24/runs/ghost_scene18_1a80b89e_d5p5_shadow/summary.json
records/baseline_runs/ghost_scene19_21f32c4e_d3_reachset/summary.json	实验记录/20260612_clean81_baselines_reachset_shadow_w24/runs/ghost_scene19_21f32c4e_d3_reachset/summary.json
records/baseline_runs/ghost_scene19_21f32c4e_d3_shadow/summary.json	实验记录/20260612_clean81_baselines_reachset_shadow_w24/runs/ghost_scene19_21f32c4e_d3_shadow/summary.json
records/baseline_runs/ghost_scene19_21f32c4e_d3p5_reachset/summary.json	实验记录/20260612_clean81_baselines_reachset_shadow_w24/runs/ghost_scene19_21f32c4e_d3p5_reachset/summary.json
records/baseline_runs/ghost_scene19_21f32c4e_d3p5_shadow/summary.json	实验记录/20260612_clean81_baselines_reachset_shadow_w24/runs/ghost_scene19_21f32c4e_d3p5_shadow/summary.json
records/baseline_runs/ghost_scene19_21f32c4e_d4_reachset/summary.json	实验记录/20260612_clean81_baselines_reachset_shadow_w24/runs/ghost_scene19_21f32c4e_d4_reachset/summary.json
records/baseline_runs/ghost_scene19_21f32c4e_d4_shadow/summary.json	实验记录/20260612_clean81_baselines_reachset_shadow_w24/runs/ghost_scene19_21f32c4e_d4_shadow/summary.json
records/baseline_runs/ghost_scene19_21f32c4e_d4p5_reachset/summary.json	实验记录/20260612_clean81_baselines_reachset_shadow_w24/runs/ghost_scene19_21f32c4e_d4p5_reachset/summary.json
records/baseline_runs/ghost_scene19_21f32c4e_d4p5_shadow/summary.json	实验记录/20260612_clean81_baselines_reachset_shadow_w24/runs/ghost_scene19_21f32c4e_d4p5_shadow/summary.json
records/baseline_runs/ghost_scene19_21f32c4e_d5_reachset/summary.json	实验记录/20260612_clean81_baselines_reachset_shadow_w24/runs/ghost_scene19_21f32c4e_d5_reachset/summary.json
records/baseline_runs/ghost_scene19_21f32c4e_d5_shadow/summary.json	实验记录/20260612_clean81_baselines_reachset_shadow_w24/runs/ghost_scene19_21f32c4e_d5_shadow/summary.json
records/baseline_runs/ghost_scene19_21f32c4e_d5p5_reachset/summary.json	实验记录/20260612_clean81_baselines_reachset_shadow_w24/runs/ghost_scene19_21f32c4e_d5p5_reachset/summary.json
records/baseline_runs/ghost_scene19_21f32c4e_d5p5_shadow/summary.json	实验记录/20260612_clean81_baselines_reachset_shadow_w24/runs/ghost_scene19_21f32c4e_d5p5_shadow/summary.json
records/baseline_runs/ghost_scene20_8d42329f_d3_reachset/summary.json	实验记录/20260612_clean81_baselines_reachset_shadow_w24/runs/ghost_scene20_8d42329f_d3_reachset/summary.json
records/baseline_runs/ghost_scene20_8d42329f_d3_shadow/summary.json	实验记录/20260612_clean81_baselines_reachset_shadow_w24/runs/ghost_scene20_8d42329f_d3_shadow/summary.json
records/baseline_runs/ghost_scene20_8d42329f_d3p5_reachset/summary.json	实验记录/20260612_clean81_baselines_reachset_shadow_w24/runs/ghost_scene20_8d42329f_d3p5_reachset/summary.json
records/baseline_runs/ghost_scene20_8d42329f_d3p5_shadow/summary.json	实验记录/20260612_clean81_baselines_reachset_shadow_w24/runs/ghost_scene20_8d42329f_d3p5_shadow/summary.json
records/baseline_runs/ghost_scene20_8d42329f_d4_reachset/summary.json	实验记录/20260612_clean81_baselines_reachset_shadow_w24/runs/ghost_scene20_8d42329f_d4_reachset/summary.json
records/baseline_runs/ghost_scene20_8d42329f_d4_shadow/summary.json	实验记录/20260612_clean81_baselines_reachset_shadow_w24/runs/ghost_scene20_8d42329f_d4_shadow/summary.json
records/baseline_runs/ghost_scene20_8d42329f_d4p5_reachset/summary.json	实验记录/20260612_clean81_baselines_reachset_shadow_w24/runs/ghost_scene20_8d42329f_d4p5_reachset/summary.json
records/baseline_runs/ghost_scene20_8d42329f_d4p5_shadow/summary.json	实验记录/20260612_clean81_baselines_reachset_shadow_w24/runs/ghost_scene20_8d42329f_d4p5_shadow/summary.json
records/baseline_runs/ghost_scene20_8d42329f_d5_reachset/summary.json	实验记录/20260612_clean81_baselines_reachset_shadow_w24/runs/ghost_scene20_8d42329f_d5_reachset/summary.json
records/baseline_runs/ghost_scene20_8d42329f_d5_shadow/summary.json	实验记录/20260612_clean81_baselines_reachset_shadow_w24/runs/ghost_scene20_8d42329f_d5_shadow/summary.json
records/baseline_runs/ghost_scene20_8d42329f_d5p5_reachset/summary.json	实验记录/20260612_clean81_baselines_reachset_shadow_w24/runs/ghost_scene20_8d42329f_d5p5_reachset/summary.json
records/baseline_runs/ghost_scene20_8d42329f_d5p5_shadow/summary.json	实验记录/20260612_clean81_baselines_reachset_shadow_w24/runs/ghost_scene20_8d42329f_d5p5_shadow/summary.json
records/baseline_runs/ghost_scene21_8fafec4a_d3_reachset/summary.json	实验记录/20260612_clean81_baselines_reachset_shadow_w24/runs/ghost_scene21_8fafec4a_d3_reachset/summary.json
records/baseline_runs/ghost_scene21_8fafec4a_d3_shadow/summary.json	实验记录/20260612_clean81_baselines_reachset_shadow_w24/runs/ghost_scene21_8fafec4a_d3_shadow/summary.json
records/baseline_runs/ghost_scene21_8fafec4a_d3p5_reachset/summary.json	实验记录/20260612_clean81_baselines_reachset_shadow_w24/runs/ghost_scene21_8fafec4a_d3p5_reachset/summary.json
records/baseline_runs/ghost_scene21_8fafec4a_d3p5_shadow/summary.json	实验记录/20260612_clean81_baselines_reachset_shadow_w24/runs/ghost_scene21_8fafec4a_d3p5_shadow/summary.json
records/baseline_runs/ghost_scene21_8fafec4a_d4_reachset/summary.json	实验记录/20260612_clean81_baselines_reachset_shadow_w24/runs/ghost_scene21_8fafec4a_d4_reachset/summary.json
records/baseline_runs/ghost_scene21_8fafec4a_d4_shadow/summary.json	实验记录/20260612_clean81_baselines_reachset_shadow_w24/runs/ghost_scene21_8fafec4a_d4_shadow/summary.json
records/baseline_runs/ghost_scene21_8fafec4a_d4p5_reachset/summary.json	实验记录/20260612_clean81_baselines_reachset_shadow_w24/runs/ghost_scene21_8fafec4a_d4p5_reachset/summary.json
records/baseline_runs/ghost_scene21_8fafec4a_d4p5_shadow/summary.json	实验记录/20260612_clean81_baselines_reachset_shadow_w24/runs/ghost_scene21_8fafec4a_d4p5_shadow/summary.json
records/baseline_runs/ghost_scene21_8fafec4a_d5_reachset/summary.json	实验记录/20260612_clean81_baselines_reachset_shadow_w24/runs/ghost_scene21_8fafec4a_d5_reachset/summary.json
records/baseline_runs/ghost_scene21_8fafec4a_d5_shadow/summary.json	实验记录/20260612_clean81_baselines_reachset_shadow_w24/runs/ghost_scene21_8fafec4a_d5_shadow/summary.json
records/baseline_runs/ghost_scene21_8fafec4a_d5p5_reachset/summary.json	实验记录/20260612_clean81_baselines_reachset_shadow_w24/runs/ghost_scene21_8fafec4a_d5p5_reachset/summary.json
records/baseline_runs/ghost_scene21_8fafec4a_d5p5_shadow/summary.json	实验记录/20260612_clean81_baselines_reachset_shadow_w24/runs/ghost_scene21_8fafec4a_d5p5_shadow/summary.json
records/baseline_runs/ghost_scene22_03b53590_d3_reachset/summary.json	实验记录/20260612_clean81_baselines_reachset_shadow_w24/runs/ghost_scene22_03b53590_d3_reachset/summary.json
records/baseline_runs/ghost_scene22_03b53590_d3_shadow/summary.json	实验记录/20260612_clean81_baselines_reachset_shadow_w24/runs/ghost_scene22_03b53590_d3_shadow/summary.json
records/baseline_runs/ghost_scene22_03b53590_d3p5_reachset/summary.json	实验记录/20260612_clean81_baselines_reachset_shadow_w24/runs/ghost_scene22_03b53590_d3p5_reachset/summary.json
records/baseline_runs/ghost_scene22_03b53590_d3p5_shadow/summary.json	实验记录/20260612_clean81_baselines_reachset_shadow_w24/runs/ghost_scene22_03b53590_d3p5_shadow/summary.json
records/baseline_runs/ghost_scene22_03b53590_d4_reachset/summary.json	实验记录/20260612_clean81_baselines_reachset_shadow_w24/runs/ghost_scene22_03b53590_d4_reachset/summary.json
records/baseline_runs/ghost_scene22_03b53590_d4_shadow/summary.json	实验记录/20260612_clean81_baselines_reachset_shadow_w24/runs/ghost_scene22_03b53590_d4_shadow/summary.json
records/baseline_runs/ghost_scene22_03b53590_d4p5_reachset/summary.json	实验记录/20260612_clean81_baselines_reachset_shadow_w24/runs/ghost_scene22_03b53590_d4p5_reachset/summary.json
records/baseline_runs/ghost_scene22_03b53590_d4p5_shadow/summary.json	实验记录/20260612_clean81_baselines_reachset_shadow_w24/runs/ghost_scene22_03b53590_d4p5_shadow/summary.json
records/baseline_runs/ghost_scene22_03b53590_d5_reachset/summary.json	实验记录/20260612_clean81_baselines_reachset_shadow_w24/runs/ghost_scene22_03b53590_d5_reachset/summary.json
records/baseline_runs/ghost_scene22_03b53590_d5_shadow/summary.json	实验记录/20260612_clean81_baselines_reachset_shadow_w24/runs/ghost_scene22_03b53590_d5_shadow/summary.json
records/baseline_runs/ghost_scene22_03b53590_d5p5_reachset/summary.json	实验记录/20260612_clean81_baselines_reachset_shadow_w24/runs/ghost_scene22_03b53590_d5p5_reachset/summary.json
records/baseline_runs/ghost_scene22_03b53590_d5p5_shadow/summary.json	实验记录/20260612_clean81_baselines_reachset_shadow_w24/runs/ghost_scene22_03b53590_d5p5_shadow/summary.json
records/baseline_runs/ghost_scene23_8383a344_d3_reachset/summary.json	实验记录/20260612_clean81_baselines_reachset_shadow_w24/runs/ghost_scene23_8383a344_d3_reachset/summary.json
records/baseline_runs/ghost_scene23_8383a344_d3_shadow/summary.json	实验记录/20260612_clean81_baselines_reachset_shadow_w24/runs/ghost_scene23_8383a344_d3_shadow/summary.json
records/baseline_runs/ghost_scene23_8383a344_d3p5_reachset/summary.json	实验记录/20260612_clean81_baselines_reachset_shadow_w24/runs/ghost_scene23_8383a344_d3p5_reachset/summary.json
records/baseline_runs/ghost_scene23_8383a344_d3p5_shadow/summary.json	实验记录/20260612_clean81_baselines_reachset_shadow_w24/runs/ghost_scene23_8383a344_d3p5_shadow/summary.json
records/baseline_runs/ghost_scene23_8383a344_d4_reachset/summary.json	实验记录/20260612_clean81_baselines_reachset_shadow_w24/runs/ghost_scene23_8383a344_d4_reachset/summary.json
records/baseline_runs/ghost_scene23_8383a344_d4_shadow/summary.json	实验记录/20260612_clean81_baselines_reachset_shadow_w24/runs/ghost_scene23_8383a344_d4_shadow/summary.json
records/baseline_runs/ghost_scene23_8383a344_d4p5_reachset/summary.json	实验记录/20260612_clean81_baselines_reachset_shadow_w24/runs/ghost_scene23_8383a344_d4p5_reachset/summary.json
records/baseline_runs/ghost_scene23_8383a344_d4p5_shadow/summary.json	实验记录/20260612_clean81_baselines_reachset_shadow_w24/runs/ghost_scene23_8383a344_d4p5_shadow/summary.json
records/baseline_runs/ghost_scene23_8383a344_d5_reachset/summary.json	实验记录/20260612_clean81_baselines_reachset_shadow_w24/runs/ghost_scene23_8383a344_d5_reachset/summary.json
records/baseline_runs/ghost_scene23_8383a344_d5_shadow/summary.json	实验记录/20260612_clean81_baselines_reachset_shadow_w24/runs/ghost_scene23_8383a344_d5_shadow/summary.json
records/baseline_runs/ghost_scene23_8383a344_d5p5_reachset/summary.json	实验记录/20260612_clean81_baselines_reachset_shadow_w24/runs/ghost_scene23_8383a344_d5p5_reachset/summary.json
records/baseline_runs/ghost_scene23_8383a344_d5p5_shadow/summary.json	实验记录/20260612_clean81_baselines_reachset_shadow_w24/runs/ghost_scene23_8383a344_d5p5_shadow/summary.json
records/baseline_runs/ghost_scene24_d5bc58f5_d3_reachset/summary.json	实验记录/20260612_clean81_baselines_reachset_shadow_w24/runs/ghost_scene24_d5bc58f5_d3_reachset/summary.json
records/baseline_runs/ghost_scene24_d5bc58f5_d3_shadow/summary.json	实验记录/20260612_clean81_baselines_reachset_shadow_w24/runs/ghost_scene24_d5bc58f5_d3_shadow/summary.json
records/baseline_runs/ghost_scene24_d5bc58f5_d3p5_reachset/summary.json	实验记录/20260612_clean81_baselines_reachset_shadow_w24/runs/ghost_scene24_d5bc58f5_d3p5_reachset/summary.json
records/baseline_runs/ghost_scene24_d5bc58f5_d3p5_shadow/summary.json	实验记录/20260612_clean81_baselines_reachset_shadow_w24/runs/ghost_scene24_d5bc58f5_d3p5_shadow/summary.json
records/baseline_runs/ghost_scene24_d5bc58f5_d4_reachset/summary.json	实验记录/20260612_clean81_baselines_reachset_shadow_w24/runs/ghost_scene24_d5bc58f5_d4_reachset/summary.json
records/baseline_runs/ghost_scene24_d5bc58f5_d4_shadow/summary.json	实验记录/20260612_clean81_baselines_reachset_shadow_w24/runs/ghost_scene24_d5bc58f5_d4_shadow/summary.json
records/baseline_runs/ghost_scene24_d5bc58f5_d4p5_reachset/summary.json	实验记录/20260612_clean81_baselines_reachset_shadow_w24/runs/ghost_scene24_d5bc58f5_d4p5_reachset/summary.json
records/baseline_runs/ghost_scene24_d5bc58f5_d4p5_shadow/summary.json	实验记录/20260612_clean81_baselines_reachset_shadow_w24/runs/ghost_scene24_d5bc58f5_d4p5_shadow/summary.json
records/baseline_runs/ghost_scene24_d5bc58f5_d5_reachset/summary.json	实验记录/20260612_clean81_baselines_reachset_shadow_w24/runs/ghost_scene24_d5bc58f5_d5_reachset/summary.json
records/baseline_runs/ghost_scene24_d5bc58f5_d5_shadow/summary.json	实验记录/20260612_clean81_baselines_reachset_shadow_w24/runs/ghost_scene24_d5bc58f5_d5_shadow/summary.json
records/baseline_runs/ghost_scene24_d5bc58f5_d5p5_reachset/summary.json	实验记录/20260612_clean81_baselines_reachset_shadow_w24/runs/ghost_scene24_d5bc58f5_d5p5_reachset/summary.json
records/baseline_runs/ghost_scene24_d5bc58f5_d5p5_shadow/summary.json	实验记录/20260612_clean81_baselines_reachset_shadow_w24/runs/ghost_scene24_d5bc58f5_d5p5_shadow/summary.json
records/baseline_runs/ghost_scene25_8c86408d_d3_reachset/summary.json	实验记录/20260612_clean81_baselines_reachset_shadow_w24/runs/ghost_scene25_8c86408d_d3_reachset/summary.json
records/baseline_runs/ghost_scene25_8c86408d_d3_shadow/summary.json	实验记录/20260612_clean81_baselines_reachset_shadow_w24/runs/ghost_scene25_8c86408d_d3_shadow/summary.json
records/baseline_runs/ghost_scene25_8c86408d_d3p5_reachset/summary.json	实验记录/20260612_clean81_baselines_reachset_shadow_w24/runs/ghost_scene25_8c86408d_d3p5_reachset/summary.json
records/baseline_runs/ghost_scene25_8c86408d_d3p5_shadow/summary.json	实验记录/20260612_clean81_baselines_reachset_shadow_w24/runs/ghost_scene25_8c86408d_d3p5_shadow/summary.json
records/baseline_runs/ghost_scene25_8c86408d_d4_reachset/summary.json	实验记录/20260612_clean81_baselines_reachset_shadow_w24/runs/ghost_scene25_8c86408d_d4_reachset/summary.json
records/baseline_runs/ghost_scene25_8c86408d_d4_shadow/summary.json	实验记录/20260612_clean81_baselines_reachset_shadow_w24/runs/ghost_scene25_8c86408d_d4_shadow/summary.json
records/baseline_runs/ghost_scene25_8c86408d_d4p5_reachset/summary.json	实验记录/20260612_clean81_baselines_reachset_shadow_w24/runs/ghost_scene25_8c86408d_d4p5_reachset/summary.json
records/baseline_runs/ghost_scene25_8c86408d_d4p5_shadow/summary.json	实验记录/20260612_clean81_baselines_reachset_shadow_w24/runs/ghost_scene25_8c86408d_d4p5_shadow/summary.json
records/baseline_runs/ghost_scene25_8c86408d_d5_reachset/summary.json	实验记录/20260612_clean81_baselines_reachset_shadow_w24/runs/ghost_scene25_8c86408d_d5_reachset/summary.json
records/baseline_runs/ghost_scene25_8c86408d_d5_shadow/summary.json	实验记录/20260612_clean81_baselines_reachset_shadow_w24/runs/ghost_scene25_8c86408d_d5_shadow/summary.json
records/baseline_runs/ghost_scene25_8c86408d_d5p5_reachset/summary.json	实验记录/20260612_clean81_baselines_reachset_shadow_w24/runs/ghost_scene25_8c86408d_d5p5_reachset/summary.json
records/baseline_runs/ghost_scene25_8c86408d_d5p5_shadow/summary.json	实验记录/20260612_clean81_baselines_reachset_shadow_w24/runs/ghost_scene25_8c86408d_d5p5_shadow/summary.json
records/baseline_runs/ghost_scene26_89cbb1a0_d3_reachset/summary.json	实验记录/20260612_clean81_baselines_reachset_shadow_w24/runs/ghost_scene26_89cbb1a0_d3_reachset/summary.json
records/baseline_runs/ghost_scene26_89cbb1a0_d3_shadow/summary.json	实验记录/20260612_clean81_baselines_reachset_shadow_w24/runs/ghost_scene26_89cbb1a0_d3_shadow/summary.json
records/baseline_runs/ghost_scene26_89cbb1a0_d3p5_reachset/summary.json	实验记录/20260612_clean81_baselines_reachset_shadow_w24/runs/ghost_scene26_89cbb1a0_d3p5_reachset/summary.json
records/baseline_runs/ghost_scene26_89cbb1a0_d3p5_shadow/summary.json	实验记录/20260612_clean81_baselines_reachset_shadow_w24/runs/ghost_scene26_89cbb1a0_d3p5_shadow/summary.json
records/baseline_runs/ghost_scene26_89cbb1a0_d4_reachset/summary.json	实验记录/20260612_clean81_baselines_reachset_shadow_w24/runs/ghost_scene26_89cbb1a0_d4_reachset/summary.json
records/baseline_runs/ghost_scene26_89cbb1a0_d4_shadow/summary.json	实验记录/20260612_clean81_baselines_reachset_shadow_w24/runs/ghost_scene26_89cbb1a0_d4_shadow/summary.json
records/baseline_runs/ghost_scene26_89cbb1a0_d4p5_reachset/summary.json	实验记录/20260612_clean81_baselines_reachset_shadow_w24/runs/ghost_scene26_89cbb1a0_d4p5_reachset/summary.json
records/baseline_runs/ghost_scene26_89cbb1a0_d4p5_shadow/summary.json	实验记录/20260612_clean81_baselines_reachset_shadow_w24/runs/ghost_scene26_89cbb1a0_d4p5_shadow/summary.json
records/baseline_runs/ghost_scene26_89cbb1a0_d5_reachset/summary.json	实验记录/20260612_clean81_baselines_reachset_shadow_w24/runs/ghost_scene26_89cbb1a0_d5_reachset/summary.json
records/baseline_runs/ghost_scene26_89cbb1a0_d5_shadow/summary.json	实验记录/20260612_clean81_baselines_reachset_shadow_w24/runs/ghost_scene26_89cbb1a0_d5_shadow/summary.json
records/baseline_runs/ghost_scene26_89cbb1a0_d5p5_reachset/summary.json	实验记录/20260612_clean81_baselines_reachset_shadow_w24/runs/ghost_scene26_89cbb1a0_d5p5_reachset/summary.json
records/baseline_runs/ghost_scene26_89cbb1a0_d5p5_shadow/summary.json	实验记录/20260612_clean81_baselines_reachset_shadow_w24/runs/ghost_scene26_89cbb1a0_d5p5_shadow/summary.json
records/baseline_runs/ghost_scene27_867b8cd6_d3_reachset/summary.json	实验记录/20260612_clean81_baselines_reachset_shadow_w24/runs/ghost_scene27_867b8cd6_d3_reachset/summary.json
records/baseline_runs/ghost_scene27_867b8cd6_d3_shadow/summary.json	实验记录/20260612_clean81_baselines_reachset_shadow_w24/runs/ghost_scene27_867b8cd6_d3_shadow/summary.json
records/baseline_runs/ghost_scene27_867b8cd6_d3p5_reachset/summary.json	实验记录/20260612_clean81_baselines_reachset_shadow_w24/runs/ghost_scene27_867b8cd6_d3p5_reachset/summary.json
records/baseline_runs/ghost_scene27_867b8cd6_d3p5_shadow/summary.json	实验记录/20260612_clean81_baselines_reachset_shadow_w24/runs/ghost_scene27_867b8cd6_d3p5_shadow/summary.json
records/baseline_runs/ghost_scene27_867b8cd6_d4_reachset/summary.json	实验记录/20260612_clean81_baselines_reachset_shadow_w24/runs/ghost_scene27_867b8cd6_d4_reachset/summary.json
records/baseline_runs/ghost_scene27_867b8cd6_d4_shadow/summary.json	实验记录/20260612_clean81_baselines_reachset_shadow_w24/runs/ghost_scene27_867b8cd6_d4_shadow/summary.json
records/baseline_runs/ghost_scene27_867b8cd6_d4p5_reachset/summary.json	实验记录/20260612_clean81_baselines_reachset_shadow_w24/runs/ghost_scene27_867b8cd6_d4p5_reachset/summary.json
records/baseline_runs/ghost_scene27_867b8cd6_d4p5_shadow/summary.json	实验记录/20260612_clean81_baselines_reachset_shadow_w24/runs/ghost_scene27_867b8cd6_d4p5_shadow/summary.json
records/baseline_runs/ghost_scene27_867b8cd6_d5_reachset/summary.json	实验记录/20260612_clean81_baselines_reachset_shadow_w24/runs/ghost_scene27_867b8cd6_d5_reachset/summary.json
records/baseline_runs/ghost_scene27_867b8cd6_d5_shadow/summary.json	实验记录/20260612_clean81_baselines_reachset_shadow_w24/runs/ghost_scene27_867b8cd6_d5_shadow/summary.json
records/baseline_runs/ghost_scene27_867b8cd6_d5p5_reachset/summary.json	实验记录/20260612_clean81_baselines_reachset_shadow_w24/runs/ghost_scene27_867b8cd6_d5p5_reachset/summary.json
records/baseline_runs/ghost_scene27_867b8cd6_d5p5_shadow/summary.json	实验记录/20260612_clean81_baselines_reachset_shadow_w24/runs/ghost_scene27_867b8cd6_d5p5_shadow/summary.json
records/baseline_runs/ghost_scene28_3dd351e9_d3_reachset/summary.json	实验记录/20260612_clean81_baselines_reachset_shadow_w24/runs/ghost_scene28_3dd351e9_d3_reachset/summary.json
records/baseline_runs/ghost_scene28_3dd351e9_d3_shadow/summary.json	实验记录/20260612_clean81_baselines_reachset_shadow_w24/runs/ghost_scene28_3dd351e9_d3_shadow/summary.json
records/baseline_runs/ghost_scene28_3dd351e9_d3p5_reachset/summary.json	实验记录/20260612_clean81_baselines_reachset_shadow_w24/runs/ghost_scene28_3dd351e9_d3p5_reachset/summary.json
records/baseline_runs/ghost_scene28_3dd351e9_d3p5_shadow/summary.json	实验记录/20260612_clean81_baselines_reachset_shadow_w24/runs/ghost_scene28_3dd351e9_d3p5_shadow/summary.json
records/baseline_runs/ghost_scene28_3dd351e9_d4_reachset/summary.json	实验记录/20260612_clean81_baselines_reachset_shadow_w24/runs/ghost_scene28_3dd351e9_d4_reachset/summary.json
records/baseline_runs/ghost_scene28_3dd351e9_d4_shadow/summary.json	实验记录/20260612_clean81_baselines_reachset_shadow_w24/runs/ghost_scene28_3dd351e9_d4_shadow/summary.json
records/baseline_runs/ghost_scene28_3dd351e9_d4p5_reachset/summary.json	实验记录/20260612_clean81_baselines_reachset_shadow_w24/runs/ghost_scene28_3dd351e9_d4p5_reachset/summary.json
records/baseline_runs/ghost_scene28_3dd351e9_d4p5_shadow/summary.json	实验记录/20260612_clean81_baselines_reachset_shadow_w24/runs/ghost_scene28_3dd351e9_d4p5_shadow/summary.json
records/baseline_runs/ghost_scene28_3dd351e9_d5_reachset/summary.json	实验记录/20260612_clean81_baselines_reachset_shadow_w24/runs/ghost_scene28_3dd351e9_d5_reachset/summary.json
records/baseline_runs/ghost_scene28_3dd351e9_d5_shadow/summary.json	实验记录/20260612_clean81_baselines_reachset_shadow_w24/runs/ghost_scene28_3dd351e9_d5_shadow/summary.json
records/baseline_runs/ghost_scene28_3dd351e9_d5p5_reachset/summary.json	实验记录/20260612_clean81_baselines_reachset_shadow_w24/runs/ghost_scene28_3dd351e9_d5p5_reachset/summary.json
records/baseline_runs/ghost_scene28_3dd351e9_d5p5_shadow/summary.json	实验记录/20260612_clean81_baselines_reachset_shadow_w24/runs/ghost_scene28_3dd351e9_d5p5_shadow/summary.json
records/baseline_runs/ghost_scene29_8310e233_d3_reachset/summary.json	实验记录/20260612_clean81_baselines_reachset_shadow_w24/runs/ghost_scene29_8310e233_d3_reachset/summary.json
records/baseline_runs/ghost_scene29_8310e233_d3_shadow/summary.json	实验记录/20260612_clean81_baselines_reachset_shadow_w24/runs/ghost_scene29_8310e233_d3_shadow/summary.json
records/baseline_runs/ghost_scene29_8310e233_d3p5_reachset/summary.json	实验记录/20260612_clean81_baselines_reachset_shadow_w24/runs/ghost_scene29_8310e233_d3p5_reachset/summary.json
records/baseline_runs/ghost_scene29_8310e233_d3p5_shadow/summary.json	实验记录/20260612_clean81_baselines_reachset_shadow_w24/runs/ghost_scene29_8310e233_d3p5_shadow/summary.json
records/baseline_runs/ghost_scene29_8310e233_d4_reachset/summary.json	实验记录/20260612_clean81_baselines_reachset_shadow_w24/runs/ghost_scene29_8310e233_d4_reachset/summary.json
records/baseline_runs/ghost_scene29_8310e233_d4_shadow/summary.json	实验记录/20260612_clean81_baselines_reachset_shadow_w24/runs/ghost_scene29_8310e233_d4_shadow/summary.json
records/baseline_runs/ghost_scene29_8310e233_d4p5_reachset/summary.json	实验记录/20260612_clean81_baselines_reachset_shadow_w24/runs/ghost_scene29_8310e233_d4p5_reachset/summary.json
records/baseline_runs/ghost_scene29_8310e233_d4p5_shadow/summary.json	实验记录/20260612_clean81_baselines_reachset_shadow_w24/runs/ghost_scene29_8310e233_d4p5_shadow/summary.json
records/baseline_runs/ghost_scene29_8310e233_d5_reachset/summary.json	实验记录/20260612_clean81_baselines_reachset_shadow_w24/runs/ghost_scene29_8310e233_d5_reachset/summary.json
records/baseline_runs/ghost_scene29_8310e233_d5_shadow/summary.json	实验记录/20260612_clean81_baselines_reachset_shadow_w24/runs/ghost_scene29_8310e233_d5_shadow/summary.json
records/baseline_runs/ghost_scene29_8310e233_d5p5_reachset/summary.json	实验记录/20260612_clean81_baselines_reachset_shadow_w24/runs/ghost_scene29_8310e233_d5p5_reachset/summary.json
records/baseline_runs/ghost_scene29_8310e233_d5p5_shadow/summary.json	实验记录/20260612_clean81_baselines_reachset_shadow_w24/runs/ghost_scene29_8310e233_d5p5_shadow/summary.json
records/baseline_runs/ghost_scene30_32014e08_d3_reachset/summary.json	实验记录/20260612_clean81_baselines_reachset_shadow_w24/runs/ghost_scene30_32014e08_d3_reachset/summary.json
records/baseline_runs/ghost_scene30_32014e08_d3_shadow/summary.json	实验记录/20260612_clean81_baselines_reachset_shadow_w24/runs/ghost_scene30_32014e08_d3_shadow/summary.json
records/baseline_runs/ghost_scene30_32014e08_d3p5_reachset/summary.json	实验记录/20260612_clean81_baselines_reachset_shadow_w24/runs/ghost_scene30_32014e08_d3p5_reachset/summary.json
records/baseline_runs/ghost_scene30_32014e08_d3p5_shadow/summary.json	实验记录/20260612_clean81_baselines_reachset_shadow_w24/runs/ghost_scene30_32014e08_d3p5_shadow/summary.json
records/baseline_runs/ghost_scene30_32014e08_d4_reachset/summary.json	实验记录/20260612_clean81_baselines_reachset_shadow_w24/runs/ghost_scene30_32014e08_d4_reachset/summary.json
records/baseline_runs/ghost_scene30_32014e08_d4_shadow/summary.json	实验记录/20260612_clean81_baselines_reachset_shadow_w24/runs/ghost_scene30_32014e08_d4_shadow/summary.json
records/baseline_runs/ghost_scene30_32014e08_d4p5_reachset/summary.json	实验记录/20260612_clean81_baselines_reachset_shadow_w24/runs/ghost_scene30_32014e08_d4p5_reachset/summary.json
records/baseline_runs/ghost_scene30_32014e08_d4p5_shadow/summary.json	实验记录/20260612_clean81_baselines_reachset_shadow_w24/runs/ghost_scene30_32014e08_d4p5_shadow/summary.json
records/baseline_runs/ghost_scene30_32014e08_d5_reachset/summary.json	实验记录/20260612_clean81_baselines_reachset_shadow_w24/runs/ghost_scene30_32014e08_d5_reachset/summary.json
records/baseline_runs/ghost_scene30_32014e08_d5_shadow/summary.json	实验记录/20260612_clean81_baselines_reachset_shadow_w24/runs/ghost_scene30_32014e08_d5_shadow/summary.json
records/baseline_runs/ghost_scene30_32014e08_d5p5_reachset/summary.json	实验记录/20260612_clean81_baselines_reachset_shadow_w24/runs/ghost_scene30_32014e08_d5p5_reachset/summary.json
records/baseline_runs/ghost_scene30_32014e08_d5p5_shadow/summary.json	实验记录/20260612_clean81_baselines_reachset_shadow_w24/runs/ghost_scene30_32014e08_d5p5_shadow/summary.json
records/baseline_runs/ghost_scene31_18824800_d3_reachset/summary.json	实验记录/20260612_clean81_baselines_reachset_shadow_w24/runs/ghost_scene31_18824800_d3_reachset/summary.json
records/baseline_runs/ghost_scene31_18824800_d3_shadow/summary.json	实验记录/20260612_clean81_baselines_reachset_shadow_w24/runs/ghost_scene31_18824800_d3_shadow/summary.json
records/baseline_runs/ghost_scene31_18824800_d3p5_reachset/summary.json	实验记录/20260612_clean81_baselines_reachset_shadow_w24/runs/ghost_scene31_18824800_d3p5_reachset/summary.json
records/baseline_runs/ghost_scene31_18824800_d3p5_shadow/summary.json	实验记录/20260612_clean81_baselines_reachset_shadow_w24/runs/ghost_scene31_18824800_d3p5_shadow/summary.json
records/baseline_runs/ghost_scene31_18824800_d4_reachset/summary.json	实验记录/20260612_clean81_baselines_reachset_shadow_w24/runs/ghost_scene31_18824800_d4_reachset/summary.json
records/baseline_runs/ghost_scene31_18824800_d4_shadow/summary.json	实验记录/20260612_clean81_baselines_reachset_shadow_w24/runs/ghost_scene31_18824800_d4_shadow/summary.json
records/baseline_runs/ghost_scene31_18824800_d4p5_reachset/summary.json	实验记录/20260612_clean81_baselines_reachset_shadow_w24/runs/ghost_scene31_18824800_d4p5_reachset/summary.json
records/baseline_runs/ghost_scene31_18824800_d4p5_shadow/summary.json	实验记录/20260612_clean81_baselines_reachset_shadow_w24/runs/ghost_scene31_18824800_d4p5_shadow/summary.json
records/baseline_runs/ghost_scene31_18824800_d5_reachset/summary.json	实验记录/20260612_clean81_baselines_reachset_shadow_w24/runs/ghost_scene31_18824800_d5_reachset/summary.json
records/baseline_runs/ghost_scene31_18824800_d5_shadow/summary.json	实验记录/20260612_clean81_baselines_reachset_shadow_w24/runs/ghost_scene31_18824800_d5_shadow/summary.json
records/baseline_runs/ghost_scene31_18824800_d5p5_reachset/summary.json	实验记录/20260612_clean81_baselines_reachset_shadow_w24/runs/ghost_scene31_18824800_d5p5_reachset/summary.json
records/baseline_runs/ghost_scene31_18824800_d5p5_shadow/summary.json	实验记录/20260612_clean81_baselines_reachset_shadow_w24/runs/ghost_scene31_18824800_d5p5_shadow/summary.json
records/baseline_runs/ghost_scene32_e20df268_d3_reachset/summary.json	实验记录/20260612_clean81_baselines_reachset_shadow_w24/runs/ghost_scene32_e20df268_d3_reachset/summary.json
records/baseline_runs/ghost_scene32_e20df268_d3_shadow/summary.json	实验记录/20260612_clean81_baselines_reachset_shadow_w24/runs/ghost_scene32_e20df268_d3_shadow/summary.json
records/baseline_runs/ghost_scene32_e20df268_d3p5_reachset/summary.json	实验记录/20260612_clean81_baselines_reachset_shadow_w24/runs/ghost_scene32_e20df268_d3p5_reachset/summary.json
records/baseline_runs/ghost_scene32_e20df268_d3p5_shadow/summary.json	实验记录/20260612_clean81_baselines_reachset_shadow_w24/runs/ghost_scene32_e20df268_d3p5_shadow/summary.json
records/baseline_runs/ghost_scene32_e20df268_d4_reachset/summary.json	实验记录/20260612_clean81_baselines_reachset_shadow_w24/runs/ghost_scene32_e20df268_d4_reachset/summary.json
records/baseline_runs/ghost_scene32_e20df268_d4_shadow/summary.json	实验记录/20260612_clean81_baselines_reachset_shadow_w24/runs/ghost_scene32_e20df268_d4_shadow/summary.json
records/baseline_runs/ghost_scene32_e20df268_d4p5_reachset/summary.json	实验记录/20260612_clean81_baselines_reachset_shadow_w24/runs/ghost_scene32_e20df268_d4p5_reachset/summary.json
records/baseline_runs/ghost_scene32_e20df268_d4p5_shadow/summary.json	实验记录/20260612_clean81_baselines_reachset_shadow_w24/runs/ghost_scene32_e20df268_d4p5_shadow/summary.json
records/baseline_runs/ghost_scene32_e20df268_d5_reachset/summary.json	实验记录/20260612_clean81_baselines_reachset_shadow_w24/runs/ghost_scene32_e20df268_d5_reachset/summary.json
records/baseline_runs/ghost_scene32_e20df268_d5_shadow/summary.json	实验记录/20260612_clean81_baselines_reachset_shadow_w24/runs/ghost_scene32_e20df268_d5_shadow/summary.json
records/baseline_runs/ghost_scene32_e20df268_d5p5_reachset/summary.json	实验记录/20260612_clean81_baselines_reachset_shadow_w24/runs/ghost_scene32_e20df268_d5p5_reachset/summary.json
records/baseline_runs/ghost_scene32_e20df268_d5p5_shadow/summary.json	实验记录/20260612_clean81_baselines_reachset_shadow_w24/runs/ghost_scene32_e20df268_d5p5_shadow/summary.json
records/baseline_runs/ghost_scene33_3856ed37_d3_reachset/summary.json	实验记录/20260612_clean81_baselines_reachset_shadow_w24/runs/ghost_scene33_3856ed37_d3_reachset/summary.json
records/baseline_runs/ghost_scene33_3856ed37_d3_shadow/summary.json	实验记录/20260612_clean81_baselines_reachset_shadow_w24/runs/ghost_scene33_3856ed37_d3_shadow/summary.json
records/baseline_runs/ghost_scene33_3856ed37_d3p5_reachset/summary.json	实验记录/20260612_clean81_baselines_reachset_shadow_w24/runs/ghost_scene33_3856ed37_d3p5_reachset/summary.json
records/baseline_runs/ghost_scene33_3856ed37_d3p5_shadow/summary.json	实验记录/20260612_clean81_baselines_reachset_shadow_w24/runs/ghost_scene33_3856ed37_d3p5_shadow/summary.json
records/baseline_runs/ghost_scene33_3856ed37_d4_reachset/summary.json	实验记录/20260612_clean81_baselines_reachset_shadow_w24/runs/ghost_scene33_3856ed37_d4_reachset/summary.json
records/baseline_runs/ghost_scene33_3856ed37_d4_shadow/summary.json	实验记录/20260612_clean81_baselines_reachset_shadow_w24/runs/ghost_scene33_3856ed37_d4_shadow/summary.json
records/baseline_runs/ghost_scene33_3856ed37_d4p5_reachset/summary.json	实验记录/20260612_clean81_baselines_reachset_shadow_w24/runs/ghost_scene33_3856ed37_d4p5_reachset/summary.json
records/baseline_runs/ghost_scene33_3856ed37_d4p5_shadow/summary.json	实验记录/20260612_clean81_baselines_reachset_shadow_w24/runs/ghost_scene33_3856ed37_d4p5_shadow/summary.json
records/baseline_runs/ghost_scene33_3856ed37_d5_reachset/summary.json	实验记录/20260612_clean81_baselines_reachset_shadow_w24/runs/ghost_scene33_3856ed37_d5_reachset/summary.json
records/baseline_runs/ghost_scene33_3856ed37_d5_shadow/summary.json	实验记录/20260612_clean81_baselines_reachset_shadow_w24/runs/ghost_scene33_3856ed37_d5_shadow/summary.json
records/baseline_runs/ghost_scene33_3856ed37_d5p5_reachset/summary.json	实验记录/20260612_clean81_baselines_reachset_shadow_w24/runs/ghost_scene33_3856ed37_d5p5_reachset/summary.json
records/baseline_runs/ghost_scene33_3856ed37_d5p5_shadow/summary.json	实验记录/20260612_clean81_baselines_reachset_shadow_w24/runs/ghost_scene33_3856ed37_d5p5_shadow/summary.json
records/baseline_runs/ghost_scene34_f558c81c_d3_reachset/summary.json	实验记录/20260612_clean81_baselines_reachset_shadow_w24/runs/ghost_scene34_f558c81c_d3_reachset/summary.json
records/baseline_runs/ghost_scene34_f558c81c_d3_shadow/summary.json	实验记录/20260612_clean81_baselines_reachset_shadow_w24/runs/ghost_scene34_f558c81c_d3_shadow/summary.json
records/baseline_runs/ghost_scene34_f558c81c_d3p5_reachset/summary.json	实验记录/20260612_clean81_baselines_reachset_shadow_w24/runs/ghost_scene34_f558c81c_d3p5_reachset/summary.json
records/baseline_runs/ghost_scene34_f558c81c_d3p5_shadow/summary.json	实验记录/20260612_clean81_baselines_reachset_shadow_w24/runs/ghost_scene34_f558c81c_d3p5_shadow/summary.json
records/baseline_runs/ghost_scene34_f558c81c_d4_reachset/summary.json	实验记录/20260612_clean81_baselines_reachset_shadow_w24/runs/ghost_scene34_f558c81c_d4_reachset/summary.json
records/baseline_runs/ghost_scene34_f558c81c_d4_shadow/summary.json	实验记录/20260612_clean81_baselines_reachset_shadow_w24/runs/ghost_scene34_f558c81c_d4_shadow/summary.json
records/baseline_runs/ghost_scene34_f558c81c_d4p5_reachset/summary.json	实验记录/20260612_clean81_baselines_reachset_shadow_w24/runs/ghost_scene34_f558c81c_d4p5_reachset/summary.json
records/baseline_runs/ghost_scene34_f558c81c_d4p5_shadow/summary.json	实验记录/20260612_clean81_baselines_reachset_shadow_w24/runs/ghost_scene34_f558c81c_d4p5_shadow/summary.json
records/baseline_runs/ghost_scene34_f558c81c_d5_reachset/summary.json	实验记录/20260612_clean81_baselines_reachset_shadow_w24/runs/ghost_scene34_f558c81c_d5_reachset/summary.json
records/baseline_runs/ghost_scene34_f558c81c_d5_shadow/summary.json	实验记录/20260612_clean81_baselines_reachset_shadow_w24/runs/ghost_scene34_f558c81c_d5_shadow/summary.json
records/baseline_runs/ghost_scene34_f558c81c_d5p5_reachset/summary.json	实验记录/20260612_clean81_baselines_reachset_shadow_w24/runs/ghost_scene34_f558c81c_d5p5_reachset/summary.json
records/baseline_runs/ghost_scene34_f558c81c_d5p5_shadow/summary.json	实验记录/20260612_clean81_baselines_reachset_shadow_w24/runs/ghost_scene34_f558c81c_d5p5_shadow/summary.json
records/baseline_runs/ghost_scene35_13b0afee_d3_reachset/summary.json	实验记录/20260612_clean81_baselines_reachset_shadow_w24/runs/ghost_scene35_13b0afee_d3_reachset/summary.json
records/baseline_runs/ghost_scene35_13b0afee_d3_shadow/summary.json	实验记录/20260612_clean81_baselines_reachset_shadow_w24/runs/ghost_scene35_13b0afee_d3_shadow/summary.json
records/baseline_runs/ghost_scene35_13b0afee_d3p5_reachset/summary.json	实验记录/20260612_clean81_baselines_reachset_shadow_w24/runs/ghost_scene35_13b0afee_d3p5_reachset/summary.json
records/baseline_runs/ghost_scene35_13b0afee_d3p5_shadow/summary.json	实验记录/20260612_clean81_baselines_reachset_shadow_w24/runs/ghost_scene35_13b0afee_d3p5_shadow/summary.json
records/baseline_runs/ghost_scene35_13b0afee_d4_reachset/summary.json	实验记录/20260612_clean81_baselines_reachset_shadow_w24/runs/ghost_scene35_13b0afee_d4_reachset/summary.json
records/baseline_runs/ghost_scene35_13b0afee_d4_shadow/summary.json	实验记录/20260612_clean81_baselines_reachset_shadow_w24/runs/ghost_scene35_13b0afee_d4_shadow/summary.json
records/baseline_runs/ghost_scene35_13b0afee_d4p5_reachset/summary.json	实验记录/20260612_clean81_baselines_reachset_shadow_w24/runs/ghost_scene35_13b0afee_d4p5_reachset/summary.json
records/baseline_runs/ghost_scene35_13b0afee_d4p5_shadow/summary.json	实验记录/20260612_clean81_baselines_reachset_shadow_w24/runs/ghost_scene35_13b0afee_d4p5_shadow/summary.json
records/baseline_runs/ghost_scene35_13b0afee_d5_reachset/summary.json	实验记录/20260612_clean81_baselines_reachset_shadow_w24/runs/ghost_scene35_13b0afee_d5_reachset/summary.json
records/baseline_runs/ghost_scene35_13b0afee_d5_shadow/summary.json	实验记录/20260612_clean81_baselines_reachset_shadow_w24/runs/ghost_scene35_13b0afee_d5_shadow/summary.json
records/baseline_runs/ghost_scene35_13b0afee_d5p5_reachset/summary.json	实验记录/20260612_clean81_baselines_reachset_shadow_w24/runs/ghost_scene35_13b0afee_d5p5_reachset/summary.json
records/baseline_runs/ghost_scene35_13b0afee_d5p5_shadow/summary.json	实验记录/20260612_clean81_baselines_reachset_shadow_w24/runs/ghost_scene35_13b0afee_d5p5_shadow/summary.json
records/baseline_runs/ghost_scene36_2dd9de23_d3_reachset/summary.json	实验记录/20260612_clean81_baselines_reachset_shadow_w24/runs/ghost_scene36_2dd9de23_d3_reachset/summary.json
records/baseline_runs/ghost_scene36_2dd9de23_d3_shadow/summary.json	实验记录/20260612_clean81_baselines_reachset_shadow_w24/runs/ghost_scene36_2dd9de23_d3_shadow/summary.json
records/baseline_runs/ghost_scene36_2dd9de23_d3p5_reachset/summary.json	实验记录/20260612_clean81_baselines_reachset_shadow_w24/runs/ghost_scene36_2dd9de23_d3p5_reachset/summary.json
records/baseline_runs/ghost_scene36_2dd9de23_d3p5_shadow/summary.json	实验记录/20260612_clean81_baselines_reachset_shadow_w24/runs/ghost_scene36_2dd9de23_d3p5_shadow/summary.json
records/baseline_runs/ghost_scene36_2dd9de23_d4_reachset/summary.json	实验记录/20260612_clean81_baselines_reachset_shadow_w24/runs/ghost_scene36_2dd9de23_d4_reachset/summary.json
records/baseline_runs/ghost_scene36_2dd9de23_d4_shadow/summary.json	实验记录/20260612_clean81_baselines_reachset_shadow_w24/runs/ghost_scene36_2dd9de23_d4_shadow/summary.json
records/baseline_runs/ghost_scene36_2dd9de23_d4p5_reachset/summary.json	实验记录/20260612_clean81_baselines_reachset_shadow_w24/runs/ghost_scene36_2dd9de23_d4p5_reachset/summary.json
records/baseline_runs/ghost_scene36_2dd9de23_d4p5_shadow/summary.json	实验记录/20260612_clean81_baselines_reachset_shadow_w24/runs/ghost_scene36_2dd9de23_d4p5_shadow/summary.json
records/baseline_runs/ghost_scene36_2dd9de23_d5_reachset/summary.json	实验记录/20260612_clean81_baselines_reachset_shadow_w24/runs/ghost_scene36_2dd9de23_d5_reachset/summary.json
records/baseline_runs/ghost_scene36_2dd9de23_d5_shadow/summary.json	实验记录/20260612_clean81_baselines_reachset_shadow_w24/runs/ghost_scene36_2dd9de23_d5_shadow/summary.json
records/baseline_runs/ghost_scene36_2dd9de23_d5p5_reachset/summary.json	实验记录/20260612_clean81_baselines_reachset_shadow_w24/runs/ghost_scene36_2dd9de23_d5p5_reachset/summary.json
records/baseline_runs/ghost_scene36_2dd9de23_d5p5_shadow/summary.json	实验记录/20260612_clean81_baselines_reachset_shadow_w24/runs/ghost_scene36_2dd9de23_d5p5_shadow/summary.json
records/baseline_runs/ghost_scene37_667102df_d3_reachset/summary.json	实验记录/20260612_clean81_baselines_reachset_shadow_w24/runs/ghost_scene37_667102df_d3_reachset/summary.json
records/baseline_runs/ghost_scene37_667102df_d3_shadow/summary.json	实验记录/20260612_clean81_baselines_reachset_shadow_w24/runs/ghost_scene37_667102df_d3_shadow/summary.json
records/baseline_runs/ghost_scene37_667102df_d3p5_reachset/summary.json	实验记录/20260612_clean81_baselines_reachset_shadow_w24/runs/ghost_scene37_667102df_d3p5_reachset/summary.json
records/baseline_runs/ghost_scene37_667102df_d3p5_shadow/summary.json	实验记录/20260612_clean81_baselines_reachset_shadow_w24/runs/ghost_scene37_667102df_d3p5_shadow/summary.json
records/baseline_runs/ghost_scene37_667102df_d4_reachset/summary.json	实验记录/20260612_clean81_baselines_reachset_shadow_w24/runs/ghost_scene37_667102df_d4_reachset/summary.json
records/baseline_runs/ghost_scene37_667102df_d4_shadow/summary.json	实验记录/20260612_clean81_baselines_reachset_shadow_w24/runs/ghost_scene37_667102df_d4_shadow/summary.json
records/baseline_runs/ghost_scene37_667102df_d4p5_reachset/summary.json	实验记录/20260612_clean81_baselines_reachset_shadow_w24/runs/ghost_scene37_667102df_d4p5_reachset/summary.json
records/baseline_runs/ghost_scene37_667102df_d4p5_shadow/summary.json	实验记录/20260612_clean81_baselines_reachset_shadow_w24/runs/ghost_scene37_667102df_d4p5_shadow/summary.json
records/baseline_runs/ghost_scene37_667102df_d5_reachset/summary.json	实验记录/20260612_clean81_baselines_reachset_shadow_w24/runs/ghost_scene37_667102df_d5_reachset/summary.json
records/baseline_runs/ghost_scene37_667102df_d5_shadow/summary.json	实验记录/20260612_clean81_baselines_reachset_shadow_w24/runs/ghost_scene37_667102df_d5_shadow/summary.json
records/baseline_runs/ghost_scene37_667102df_d5p5_reachset/summary.json	实验记录/20260612_clean81_baselines_reachset_shadow_w24/runs/ghost_scene37_667102df_d5p5_reachset/summary.json
records/baseline_runs/ghost_scene37_667102df_d5p5_shadow/summary.json	实验记录/20260612_clean81_baselines_reachset_shadow_w24/runs/ghost_scene37_667102df_d5p5_shadow/summary.json
records/baseline_runs/ghost_scene38_dc8a8524_d3_reachset/summary.json	实验记录/20260612_clean81_baselines_reachset_shadow_w24/runs/ghost_scene38_dc8a8524_d3_reachset/summary.json
records/baseline_runs/ghost_scene38_dc8a8524_d3_shadow/summary.json	实验记录/20260612_clean81_baselines_reachset_shadow_w24/runs/ghost_scene38_dc8a8524_d3_shadow/summary.json
records/baseline_runs/ghost_scene38_dc8a8524_d3p5_reachset/summary.json	实验记录/20260612_clean81_baselines_reachset_shadow_w24/runs/ghost_scene38_dc8a8524_d3p5_reachset/summary.json
records/baseline_runs/ghost_scene38_dc8a8524_d3p5_shadow/summary.json	实验记录/20260612_clean81_baselines_reachset_shadow_w24/runs/ghost_scene38_dc8a8524_d3p5_shadow/summary.json
records/baseline_runs/ghost_scene38_dc8a8524_d4_reachset/summary.json	实验记录/20260612_clean81_baselines_reachset_shadow_w24/runs/ghost_scene38_dc8a8524_d4_reachset/summary.json
records/baseline_runs/ghost_scene38_dc8a8524_d4_shadow/summary.json	实验记录/20260612_clean81_baselines_reachset_shadow_w24/runs/ghost_scene38_dc8a8524_d4_shadow/summary.json
records/baseline_runs/ghost_scene38_dc8a8524_d4p5_reachset/summary.json	实验记录/20260612_clean81_baselines_reachset_shadow_w24/runs/ghost_scene38_dc8a8524_d4p5_reachset/summary.json
records/baseline_runs/ghost_scene38_dc8a8524_d4p5_shadow/summary.json	实验记录/20260612_clean81_baselines_reachset_shadow_w24/runs/ghost_scene38_dc8a8524_d4p5_shadow/summary.json
records/baseline_runs/ghost_scene38_dc8a8524_d5_reachset/summary.json	实验记录/20260612_clean81_baselines_reachset_shadow_w24/runs/ghost_scene38_dc8a8524_d5_reachset/summary.json
records/baseline_runs/ghost_scene38_dc8a8524_d5_shadow/summary.json	实验记录/20260612_clean81_baselines_reachset_shadow_w24/runs/ghost_scene38_dc8a8524_d5_shadow/summary.json
records/baseline_runs/ghost_scene38_dc8a8524_d5p5_reachset/summary.json	实验记录/20260612_clean81_baselines_reachset_shadow_w24/runs/ghost_scene38_dc8a8524_d5p5_reachset/summary.json
records/baseline_runs/ghost_scene38_dc8a8524_d5p5_shadow/summary.json	实验记录/20260612_clean81_baselines_reachset_shadow_w24/runs/ghost_scene38_dc8a8524_d5p5_shadow/summary.json
records/baseline_runs/ghost_scene39_6dcf23de_d3_reachset/summary.json	实验记录/20260612_clean81_baselines_reachset_shadow_w24/runs/ghost_scene39_6dcf23de_d3_reachset/summary.json
records/baseline_runs/ghost_scene39_6dcf23de_d3_shadow/summary.json	实验记录/20260612_clean81_baselines_reachset_shadow_w24/runs/ghost_scene39_6dcf23de_d3_shadow/summary.json
records/baseline_runs/ghost_scene39_6dcf23de_d3p5_reachset/summary.json	实验记录/20260612_clean81_baselines_reachset_shadow_w24/runs/ghost_scene39_6dcf23de_d3p5_reachset/summary.json
records/baseline_runs/ghost_scene39_6dcf23de_d3p5_shadow/summary.json	实验记录/20260612_clean81_baselines_reachset_shadow_w24/runs/ghost_scene39_6dcf23de_d3p5_shadow/summary.json
records/baseline_runs/ghost_scene39_6dcf23de_d4_reachset/summary.json	实验记录/20260612_clean81_baselines_reachset_shadow_w24/runs/ghost_scene39_6dcf23de_d4_reachset/summary.json
records/baseline_runs/ghost_scene39_6dcf23de_d4_shadow/summary.json	实验记录/20260612_clean81_baselines_reachset_shadow_w24/runs/ghost_scene39_6dcf23de_d4_shadow/summary.json
records/baseline_runs/ghost_scene39_6dcf23de_d4p5_reachset/summary.json	实验记录/20260612_clean81_baselines_reachset_shadow_w24/runs/ghost_scene39_6dcf23de_d4p5_reachset/summary.json
records/baseline_runs/ghost_scene39_6dcf23de_d4p5_shadow/summary.json	实验记录/20260612_clean81_baselines_reachset_shadow_w24/runs/ghost_scene39_6dcf23de_d4p5_shadow/summary.json
records/baseline_runs/ghost_scene39_6dcf23de_d5_reachset/summary.json	实验记录/20260612_clean81_baselines_reachset_shadow_w24/runs/ghost_scene39_6dcf23de_d5_reachset/summary.json
records/baseline_runs/ghost_scene39_6dcf23de_d5_shadow/summary.json	实验记录/20260612_clean81_baselines_reachset_shadow_w24/runs/ghost_scene39_6dcf23de_d5_shadow/summary.json
records/baseline_runs/ghost_scene39_6dcf23de_d5p5_reachset/summary.json	实验记录/20260612_clean81_baselines_reachset_shadow_w24/runs/ghost_scene39_6dcf23de_d5p5_reachset/summary.json
records/baseline_runs/ghost_scene39_6dcf23de_d5p5_shadow/summary.json	实验记录/20260612_clean81_baselines_reachset_shadow_w24/runs/ghost_scene39_6dcf23de_d5p5_shadow/summary.json
records/baseline_runs/ghost_scene40_8dee4ee6_d3_reachset/summary.json	实验记录/20260612_clean81_baselines_reachset_shadow_w24/runs/ghost_scene40_8dee4ee6_d3_reachset/summary.json
records/baseline_runs/ghost_scene40_8dee4ee6_d3_shadow/summary.json	实验记录/20260612_clean81_baselines_reachset_shadow_w24/runs/ghost_scene40_8dee4ee6_d3_shadow/summary.json
records/baseline_runs/ghost_scene40_8dee4ee6_d3p5_reachset/summary.json	实验记录/20260612_clean81_baselines_reachset_shadow_w24/runs/ghost_scene40_8dee4ee6_d3p5_reachset/summary.json
records/baseline_runs/ghost_scene40_8dee4ee6_d3p5_shadow/summary.json	实验记录/20260612_clean81_baselines_reachset_shadow_w24/runs/ghost_scene40_8dee4ee6_d3p5_shadow/summary.json
records/baseline_runs/ghost_scene40_8dee4ee6_d4_reachset/summary.json	实验记录/20260612_clean81_baselines_reachset_shadow_w24/runs/ghost_scene40_8dee4ee6_d4_reachset/summary.json
records/baseline_runs/ghost_scene40_8dee4ee6_d4_shadow/summary.json	实验记录/20260612_clean81_baselines_reachset_shadow_w24/runs/ghost_scene40_8dee4ee6_d4_shadow/summary.json
records/baseline_runs/ghost_scene40_8dee4ee6_d4p5_reachset/summary.json	实验记录/20260612_clean81_baselines_reachset_shadow_w24/runs/ghost_scene40_8dee4ee6_d4p5_reachset/summary.json
records/baseline_runs/ghost_scene40_8dee4ee6_d4p5_shadow/summary.json	实验记录/20260612_clean81_baselines_reachset_shadow_w24/runs/ghost_scene40_8dee4ee6_d4p5_shadow/summary.json
records/baseline_runs/ghost_scene40_8dee4ee6_d5_reachset/summary.json	实验记录/20260612_clean81_baselines_reachset_shadow_w24/runs/ghost_scene40_8dee4ee6_d5_reachset/summary.json
records/baseline_runs/ghost_scene40_8dee4ee6_d5_shadow/summary.json	实验记录/20260612_clean81_baselines_reachset_shadow_w24/runs/ghost_scene40_8dee4ee6_d5_shadow/summary.json
records/baseline_runs/ghost_scene40_8dee4ee6_d5p5_reachset/summary.json	实验记录/20260612_clean81_baselines_reachset_shadow_w24/runs/ghost_scene40_8dee4ee6_d5p5_reachset/summary.json
records/baseline_runs/ghost_scene40_8dee4ee6_d5p5_shadow/summary.json	实验记录/20260612_clean81_baselines_reachset_shadow_w24/runs/ghost_scene40_8dee4ee6_d5p5_shadow/summary.json
records/baseline_runs/ghost_scene41_530fc285_d3_reachset/summary.json	实验记录/20260612_clean81_baselines_reachset_shadow_w24/runs/ghost_scene41_530fc285_d3_reachset/summary.json
records/baseline_runs/ghost_scene41_530fc285_d3_shadow/summary.json	实验记录/20260612_clean81_baselines_reachset_shadow_w24/runs/ghost_scene41_530fc285_d3_shadow/summary.json
records/baseline_runs/ghost_scene41_530fc285_d3p5_reachset/summary.json	实验记录/20260612_clean81_baselines_reachset_shadow_w24/runs/ghost_scene41_530fc285_d3p5_reachset/summary.json
records/baseline_runs/ghost_scene41_530fc285_d3p5_shadow/summary.json	实验记录/20260612_clean81_baselines_reachset_shadow_w24/runs/ghost_scene41_530fc285_d3p5_shadow/summary.json
records/baseline_runs/ghost_scene41_530fc285_d4_reachset/summary.json	实验记录/20260612_clean81_baselines_reachset_shadow_w24/runs/ghost_scene41_530fc285_d4_reachset/summary.json
records/baseline_runs/ghost_scene41_530fc285_d4_shadow/summary.json	实验记录/20260612_clean81_baselines_reachset_shadow_w24/runs/ghost_scene41_530fc285_d4_shadow/summary.json
records/baseline_runs/ghost_scene41_530fc285_d4p5_reachset/summary.json	实验记录/20260612_clean81_baselines_reachset_shadow_w24/runs/ghost_scene41_530fc285_d4p5_reachset/summary.json
records/baseline_runs/ghost_scene41_530fc285_d4p5_shadow/summary.json	实验记录/20260612_clean81_baselines_reachset_shadow_w24/runs/ghost_scene41_530fc285_d4p5_shadow/summary.json
records/baseline_runs/ghost_scene41_530fc285_d5_reachset/summary.json	实验记录/20260612_clean81_baselines_reachset_shadow_w24/runs/ghost_scene41_530fc285_d5_reachset/summary.json
records/baseline_runs/ghost_scene41_530fc285_d5_shadow/summary.json	实验记录/20260612_clean81_baselines_reachset_shadow_w24/runs/ghost_scene41_530fc285_d5_shadow/summary.json
records/baseline_runs/ghost_scene41_530fc285_d5p5_reachset/summary.json	实验记录/20260612_clean81_baselines_reachset_shadow_w24/runs/ghost_scene41_530fc285_d5p5_reachset/summary.json
records/baseline_runs/ghost_scene41_530fc285_d5p5_shadow/summary.json	实验记录/20260612_clean81_baselines_reachset_shadow_w24/runs/ghost_scene41_530fc285_d5p5_shadow/summary.json
records/baseline_runs/ghost_scene42_409dcc51_d3_reachset/summary.json	实验记录/20260612_clean81_baselines_reachset_shadow_w24/runs/ghost_scene42_409dcc51_d3_reachset/summary.json
records/baseline_runs/ghost_scene42_409dcc51_d3_shadow/summary.json	实验记录/20260612_clean81_baselines_reachset_shadow_w24/runs/ghost_scene42_409dcc51_d3_shadow/summary.json
records/baseline_runs/ghost_scene42_409dcc51_d3p5_reachset/summary.json	实验记录/20260612_clean81_baselines_reachset_shadow_w24/runs/ghost_scene42_409dcc51_d3p5_reachset/summary.json
records/baseline_runs/ghost_scene42_409dcc51_d3p5_shadow/summary.json	实验记录/20260612_clean81_baselines_reachset_shadow_w24/runs/ghost_scene42_409dcc51_d3p5_shadow/summary.json
records/baseline_runs/ghost_scene42_409dcc51_d4_reachset/summary.json	实验记录/20260612_clean81_baselines_reachset_shadow_w24/runs/ghost_scene42_409dcc51_d4_reachset/summary.json
records/baseline_runs/ghost_scene42_409dcc51_d4_shadow/summary.json	实验记录/20260612_clean81_baselines_reachset_shadow_w24/runs/ghost_scene42_409dcc51_d4_shadow/summary.json
records/baseline_runs/ghost_scene42_409dcc51_d4p5_reachset/summary.json	实验记录/20260612_clean81_baselines_reachset_shadow_w24/runs/ghost_scene42_409dcc51_d4p5_reachset/summary.json
records/baseline_runs/ghost_scene42_409dcc51_d4p5_shadow/summary.json	实验记录/20260612_clean81_baselines_reachset_shadow_w24/runs/ghost_scene42_409dcc51_d4p5_shadow/summary.json
records/baseline_runs/ghost_scene42_409dcc51_d5_reachset/summary.json	实验记录/20260612_clean81_baselines_reachset_shadow_w24/runs/ghost_scene42_409dcc51_d5_reachset/summary.json
records/baseline_runs/ghost_scene42_409dcc51_d5_shadow/summary.json	实验记录/20260612_clean81_baselines_reachset_shadow_w24/runs/ghost_scene42_409dcc51_d5_shadow/summary.json
records/baseline_runs/ghost_scene42_409dcc51_d5p5_reachset/summary.json	实验记录/20260612_clean81_baselines_reachset_shadow_w24/runs/ghost_scene42_409dcc51_d5p5_reachset/summary.json
records/baseline_runs/ghost_scene42_409dcc51_d5p5_shadow/summary.json	实验记录/20260612_clean81_baselines_reachset_shadow_w24/runs/ghost_scene42_409dcc51_d5p5_shadow/summary.json
records/baseline_runs/ghost_scene43_d1e7cd82_d3_reachset/summary.json	实验记录/20260612_clean81_baselines_reachset_shadow_w24/runs/ghost_scene43_d1e7cd82_d3_reachset/summary.json
records/baseline_runs/ghost_scene43_d1e7cd82_d3_shadow/summary.json	实验记录/20260612_clean81_baselines_reachset_shadow_w24/runs/ghost_scene43_d1e7cd82_d3_shadow/summary.json
records/baseline_runs/ghost_scene43_d1e7cd82_d3p5_reachset/summary.json	实验记录/20260612_clean81_baselines_reachset_shadow_w24/runs/ghost_scene43_d1e7cd82_d3p5_reachset/summary.json
records/baseline_runs/ghost_scene43_d1e7cd82_d3p5_shadow/summary.json	实验记录/20260612_clean81_baselines_reachset_shadow_w24/runs/ghost_scene43_d1e7cd82_d3p5_shadow/summary.json
records/baseline_runs/ghost_scene43_d1e7cd82_d4_reachset/summary.json	实验记录/20260612_clean81_baselines_reachset_shadow_w24/runs/ghost_scene43_d1e7cd82_d4_reachset/summary.json
records/baseline_runs/ghost_scene43_d1e7cd82_d4_shadow/summary.json	实验记录/20260612_clean81_baselines_reachset_shadow_w24/runs/ghost_scene43_d1e7cd82_d4_shadow/summary.json
records/baseline_runs/ghost_scene43_d1e7cd82_d4p5_reachset/summary.json	实验记录/20260612_clean81_baselines_reachset_shadow_w24/runs/ghost_scene43_d1e7cd82_d4p5_reachset/summary.json
records/baseline_runs/ghost_scene43_d1e7cd82_d4p5_shadow/summary.json	实验记录/20260612_clean81_baselines_reachset_shadow_w24/runs/ghost_scene43_d1e7cd82_d4p5_shadow/summary.json
records/baseline_runs/ghost_scene43_d1e7cd82_d5_reachset/summary.json	实验记录/20260612_clean81_baselines_reachset_shadow_w24/runs/ghost_scene43_d1e7cd82_d5_reachset/summary.json
records/baseline_runs/ghost_scene43_d1e7cd82_d5_shadow/summary.json	实验记录/20260612_clean81_baselines_reachset_shadow_w24/runs/ghost_scene43_d1e7cd82_d5_shadow/summary.json
records/baseline_runs/ghost_scene43_d1e7cd82_d5p5_reachset/summary.json	实验记录/20260612_clean81_baselines_reachset_shadow_w24/runs/ghost_scene43_d1e7cd82_d5p5_reachset/summary.json
records/baseline_runs/ghost_scene43_d1e7cd82_d5p5_shadow/summary.json	实验记录/20260612_clean81_baselines_reachset_shadow_w24/runs/ghost_scene43_d1e7cd82_d5p5_shadow/summary.json
records/baseline_runs/ghost_scene44_4d8966d3_d3_reachset/summary.json	实验记录/20260612_clean81_baselines_reachset_shadow_w24/runs/ghost_scene44_4d8966d3_d3_reachset/summary.json
records/baseline_runs/ghost_scene44_4d8966d3_d3_shadow/summary.json	实验记录/20260612_clean81_baselines_reachset_shadow_w24/runs/ghost_scene44_4d8966d3_d3_shadow/summary.json
records/baseline_runs/ghost_scene44_4d8966d3_d3p5_reachset/summary.json	实验记录/20260612_clean81_baselines_reachset_shadow_w24/runs/ghost_scene44_4d8966d3_d3p5_reachset/summary.json
records/baseline_runs/ghost_scene44_4d8966d3_d3p5_shadow/summary.json	实验记录/20260612_clean81_baselines_reachset_shadow_w24/runs/ghost_scene44_4d8966d3_d3p5_shadow/summary.json
records/baseline_runs/ghost_scene44_4d8966d3_d4_reachset/summary.json	实验记录/20260612_clean81_baselines_reachset_shadow_w24/runs/ghost_scene44_4d8966d3_d4_reachset/summary.json
records/baseline_runs/ghost_scene44_4d8966d3_d4_shadow/summary.json	实验记录/20260612_clean81_baselines_reachset_shadow_w24/runs/ghost_scene44_4d8966d3_d4_shadow/summary.json
records/baseline_runs/ghost_scene44_4d8966d3_d4p5_reachset/summary.json	实验记录/20260612_clean81_baselines_reachset_shadow_w24/runs/ghost_scene44_4d8966d3_d4p5_reachset/summary.json
records/baseline_runs/ghost_scene44_4d8966d3_d4p5_shadow/summary.json	实验记录/20260612_clean81_baselines_reachset_shadow_w24/runs/ghost_scene44_4d8966d3_d4p5_shadow/summary.json
records/baseline_runs/ghost_scene44_4d8966d3_d5_reachset/summary.json	实验记录/20260612_clean81_baselines_reachset_shadow_w24/runs/ghost_scene44_4d8966d3_d5_reachset/summary.json
records/baseline_runs/ghost_scene44_4d8966d3_d5_shadow/summary.json	实验记录/20260612_clean81_baselines_reachset_shadow_w24/runs/ghost_scene44_4d8966d3_d5_shadow/summary.json
records/baseline_runs/ghost_scene44_4d8966d3_d5p5_reachset/summary.json	实验记录/20260612_clean81_baselines_reachset_shadow_w24/runs/ghost_scene44_4d8966d3_d5p5_reachset/summary.json
records/baseline_runs/ghost_scene44_4d8966d3_d5p5_shadow/summary.json	实验记录/20260612_clean81_baselines_reachset_shadow_w24/runs/ghost_scene44_4d8966d3_d5p5_shadow/summary.json
records/baseline_runs/ghost_scene45_63d6281f_d3_reachset/summary.json	实验记录/20260612_clean81_baselines_reachset_shadow_w24/runs/ghost_scene45_63d6281f_d3_reachset/summary.json
records/baseline_runs/ghost_scene45_63d6281f_d3_shadow/summary.json	实验记录/20260612_clean81_baselines_reachset_shadow_w24/runs/ghost_scene45_63d6281f_d3_shadow/summary.json
records/baseline_runs/ghost_scene45_63d6281f_d3p5_reachset/summary.json	实验记录/20260612_clean81_baselines_reachset_shadow_w24/runs/ghost_scene45_63d6281f_d3p5_reachset/summary.json
records/baseline_runs/ghost_scene45_63d6281f_d3p5_shadow/summary.json	实验记录/20260612_clean81_baselines_reachset_shadow_w24/runs/ghost_scene45_63d6281f_d3p5_shadow/summary.json
records/baseline_runs/ghost_scene45_63d6281f_d4_reachset/summary.json	实验记录/20260612_clean81_baselines_reachset_shadow_w24/runs/ghost_scene45_63d6281f_d4_reachset/summary.json
records/baseline_runs/ghost_scene45_63d6281f_d4_shadow/summary.json	实验记录/20260612_clean81_baselines_reachset_shadow_w24/runs/ghost_scene45_63d6281f_d4_shadow/summary.json
records/baseline_runs/ghost_scene45_63d6281f_d4p5_reachset/summary.json	实验记录/20260612_clean81_baselines_reachset_shadow_w24/runs/ghost_scene45_63d6281f_d4p5_reachset/summary.json
records/baseline_runs/ghost_scene45_63d6281f_d4p5_shadow/summary.json	实验记录/20260612_clean81_baselines_reachset_shadow_w24/runs/ghost_scene45_63d6281f_d4p5_shadow/summary.json
records/baseline_runs/ghost_scene45_63d6281f_d5_reachset/summary.json	实验记录/20260612_clean81_baselines_reachset_shadow_w24/runs/ghost_scene45_63d6281f_d5_reachset/summary.json
records/baseline_runs/ghost_scene45_63d6281f_d5_shadow/summary.json	实验记录/20260612_clean81_baselines_reachset_shadow_w24/runs/ghost_scene45_63d6281f_d5_shadow/summary.json
records/baseline_runs/ghost_scene45_63d6281f_d5p5_reachset/summary.json	实验记录/20260612_clean81_baselines_reachset_shadow_w24/runs/ghost_scene45_63d6281f_d5p5_reachset/summary.json
records/baseline_runs/ghost_scene45_63d6281f_d5p5_shadow/summary.json	实验记录/20260612_clean81_baselines_reachset_shadow_w24/runs/ghost_scene45_63d6281f_d5p5_shadow/summary.json
records/baseline_runs/ghost_scene46_53a4d867_d3_reachset/summary.json	实验记录/20260612_clean81_baselines_reachset_shadow_w24/runs/ghost_scene46_53a4d867_d3_reachset/summary.json
records/baseline_runs/ghost_scene46_53a4d867_d3_shadow/summary.json	实验记录/20260612_clean81_baselines_reachset_shadow_w24/runs/ghost_scene46_53a4d867_d3_shadow/summary.json
records/baseline_runs/ghost_scene46_53a4d867_d3p5_reachset/summary.json	实验记录/20260612_clean81_baselines_reachset_shadow_w24/runs/ghost_scene46_53a4d867_d3p5_reachset/summary.json
records/baseline_runs/ghost_scene46_53a4d867_d3p5_shadow/summary.json	实验记录/20260612_clean81_baselines_reachset_shadow_w24/runs/ghost_scene46_53a4d867_d3p5_shadow/summary.json
records/baseline_runs/ghost_scene46_53a4d867_d4_reachset/summary.json	实验记录/20260612_clean81_baselines_reachset_shadow_w24/runs/ghost_scene46_53a4d867_d4_reachset/summary.json
records/baseline_runs/ghost_scene46_53a4d867_d4_shadow/summary.json	实验记录/20260612_clean81_baselines_reachset_shadow_w24/runs/ghost_scene46_53a4d867_d4_shadow/summary.json
records/baseline_runs/ghost_scene46_53a4d867_d4p5_reachset/summary.json	实验记录/20260612_clean81_baselines_reachset_shadow_w24/runs/ghost_scene46_53a4d867_d4p5_reachset/summary.json
records/baseline_runs/ghost_scene46_53a4d867_d4p5_shadow/summary.json	实验记录/20260612_clean81_baselines_reachset_shadow_w24/runs/ghost_scene46_53a4d867_d4p5_shadow/summary.json
records/baseline_runs/ghost_scene46_53a4d867_d5_reachset/summary.json	实验记录/20260612_clean81_baselines_reachset_shadow_w24/runs/ghost_scene46_53a4d867_d5_reachset/summary.json
records/baseline_runs/ghost_scene46_53a4d867_d5_shadow/summary.json	实验记录/20260612_clean81_baselines_reachset_shadow_w24/runs/ghost_scene46_53a4d867_d5_shadow/summary.json
records/baseline_runs/ghost_scene46_53a4d867_d5p5_reachset/summary.json	实验记录/20260612_clean81_baselines_reachset_shadow_w24/runs/ghost_scene46_53a4d867_d5p5_reachset/summary.json
records/baseline_runs/ghost_scene46_53a4d867_d5p5_shadow/summary.json	实验记录/20260612_clean81_baselines_reachset_shadow_w24/runs/ghost_scene46_53a4d867_d5p5_shadow/summary.json
records/baseline_runs/ghost_scene47_60c4bcda_d3_reachset/summary.json	实验记录/20260612_clean81_baselines_reachset_shadow_w24/runs/ghost_scene47_60c4bcda_d3_reachset/summary.json
records/baseline_runs/ghost_scene47_60c4bcda_d3_shadow/summary.json	实验记录/20260612_clean81_baselines_reachset_shadow_w24/runs/ghost_scene47_60c4bcda_d3_shadow/summary.json
records/baseline_runs/ghost_scene47_60c4bcda_d3p5_reachset/summary.json	实验记录/20260612_clean81_baselines_reachset_shadow_w24/runs/ghost_scene47_60c4bcda_d3p5_reachset/summary.json
records/baseline_runs/ghost_scene47_60c4bcda_d3p5_shadow/summary.json	实验记录/20260612_clean81_baselines_reachset_shadow_w24/runs/ghost_scene47_60c4bcda_d3p5_shadow/summary.json
records/baseline_runs/ghost_scene47_60c4bcda_d4_reachset/summary.json	实验记录/20260612_clean81_baselines_reachset_shadow_w24/runs/ghost_scene47_60c4bcda_d4_reachset/summary.json
records/baseline_runs/ghost_scene47_60c4bcda_d4_shadow/summary.json	实验记录/20260612_clean81_baselines_reachset_shadow_w24/runs/ghost_scene47_60c4bcda_d4_shadow/summary.json
records/baseline_runs/ghost_scene47_60c4bcda_d4p5_reachset/summary.json	实验记录/20260612_clean81_baselines_reachset_shadow_w24/runs/ghost_scene47_60c4bcda_d4p5_reachset/summary.json
records/baseline_runs/ghost_scene47_60c4bcda_d4p5_shadow/summary.json	实验记录/20260612_clean81_baselines_reachset_shadow_w24/runs/ghost_scene47_60c4bcda_d4p5_shadow/summary.json
records/baseline_runs/ghost_scene47_60c4bcda_d5_reachset/summary.json	实验记录/20260612_clean81_baselines_reachset_shadow_w24/runs/ghost_scene47_60c4bcda_d5_reachset/summary.json
records/baseline_runs/ghost_scene47_60c4bcda_d5_shadow/summary.json	实验记录/20260612_clean81_baselines_reachset_shadow_w24/runs/ghost_scene47_60c4bcda_d5_shadow/summary.json
records/baseline_runs/ghost_scene47_60c4bcda_d5p5_reachset/summary.json	实验记录/20260612_clean81_baselines_reachset_shadow_w24/runs/ghost_scene47_60c4bcda_d5p5_reachset/summary.json
records/baseline_runs/ghost_scene47_60c4bcda_d5p5_shadow/summary.json	实验记录/20260612_clean81_baselines_reachset_shadow_w24/runs/ghost_scene47_60c4bcda_d5p5_shadow/summary.json
records/baseline_runs/ghost_scene48_4d7bc6d8_d3_reachset/summary.json	实验记录/20260612_clean81_baselines_reachset_shadow_w24/runs/ghost_scene48_4d7bc6d8_d3_reachset/summary.json
records/baseline_runs/ghost_scene48_4d7bc6d8_d3_shadow/summary.json	实验记录/20260612_clean81_baselines_reachset_shadow_w24/runs/ghost_scene48_4d7bc6d8_d3_shadow/summary.json
records/baseline_runs/ghost_scene48_4d7bc6d8_d3p5_reachset/summary.json	实验记录/20260612_clean81_baselines_reachset_shadow_w24/runs/ghost_scene48_4d7bc6d8_d3p5_reachset/summary.json
records/baseline_runs/ghost_scene48_4d7bc6d8_d3p5_shadow/summary.json	实验记录/20260612_clean81_baselines_reachset_shadow_w24/runs/ghost_scene48_4d7bc6d8_d3p5_shadow/summary.json
records/baseline_runs/ghost_scene48_4d7bc6d8_d4_reachset/summary.json	实验记录/20260612_clean81_baselines_reachset_shadow_w24/runs/ghost_scene48_4d7bc6d8_d4_reachset/summary.json
records/baseline_runs/ghost_scene48_4d7bc6d8_d4_shadow/summary.json	实验记录/20260612_clean81_baselines_reachset_shadow_w24/runs/ghost_scene48_4d7bc6d8_d4_shadow/summary.json
records/baseline_runs/ghost_scene48_4d7bc6d8_d4p5_reachset/summary.json	实验记录/20260612_clean81_baselines_reachset_shadow_w24/runs/ghost_scene48_4d7bc6d8_d4p5_reachset/summary.json
records/baseline_runs/ghost_scene48_4d7bc6d8_d4p5_shadow/summary.json	实验记录/20260612_clean81_baselines_reachset_shadow_w24/runs/ghost_scene48_4d7bc6d8_d4p5_shadow/summary.json
records/baseline_runs/ghost_scene48_4d7bc6d8_d5_reachset/summary.json	实验记录/20260612_clean81_baselines_reachset_shadow_w24/runs/ghost_scene48_4d7bc6d8_d5_reachset/summary.json
records/baseline_runs/ghost_scene48_4d7bc6d8_d5_shadow/summary.json	实验记录/20260612_clean81_baselines_reachset_shadow_w24/runs/ghost_scene48_4d7bc6d8_d5_shadow/summary.json
records/baseline_runs/ghost_scene48_4d7bc6d8_d5p5_reachset/summary.json	实验记录/20260612_clean81_baselines_reachset_shadow_w24/runs/ghost_scene48_4d7bc6d8_d5p5_reachset/summary.json
records/baseline_runs/ghost_scene48_4d7bc6d8_d5p5_shadow/summary.json	实验记录/20260612_clean81_baselines_reachset_shadow_w24/runs/ghost_scene48_4d7bc6d8_d5p5_shadow/summary.json
records/baseline_runs/ghost_scene49_abf2b022_d3_reachset/summary.json	实验记录/20260612_clean81_baselines_reachset_shadow_w24/runs/ghost_scene49_abf2b022_d3_reachset/summary.json
records/baseline_runs/ghost_scene49_abf2b022_d3_shadow/summary.json	实验记录/20260612_clean81_baselines_reachset_shadow_w24/runs/ghost_scene49_abf2b022_d3_shadow/summary.json
records/baseline_runs/ghost_scene49_abf2b022_d3p5_reachset/summary.json	实验记录/20260612_clean81_baselines_reachset_shadow_w24/runs/ghost_scene49_abf2b022_d3p5_reachset/summary.json
records/baseline_runs/ghost_scene49_abf2b022_d3p5_shadow/summary.json	实验记录/20260612_clean81_baselines_reachset_shadow_w24/runs/ghost_scene49_abf2b022_d3p5_shadow/summary.json
records/baseline_runs/ghost_scene49_abf2b022_d4_reachset/summary.json	实验记录/20260612_clean81_baselines_reachset_shadow_w24/runs/ghost_scene49_abf2b022_d4_reachset/summary.json
records/baseline_runs/ghost_scene49_abf2b022_d4_shadow/summary.json	实验记录/20260612_clean81_baselines_reachset_shadow_w24/runs/ghost_scene49_abf2b022_d4_shadow/summary.json
records/baseline_runs/ghost_scene49_abf2b022_d4p5_reachset/summary.json	实验记录/20260612_clean81_baselines_reachset_shadow_w24/runs/ghost_scene49_abf2b022_d4p5_reachset/summary.json
records/baseline_runs/ghost_scene49_abf2b022_d4p5_shadow/summary.json	实验记录/20260612_clean81_baselines_reachset_shadow_w24/runs/ghost_scene49_abf2b022_d4p5_shadow/summary.json
records/baseline_runs/ghost_scene49_abf2b022_d5_reachset/summary.json	实验记录/20260612_clean81_baselines_reachset_shadow_w24/runs/ghost_scene49_abf2b022_d5_reachset/summary.json
records/baseline_runs/ghost_scene49_abf2b022_d5_shadow/summary.json	实验记录/20260612_clean81_baselines_reachset_shadow_w24/runs/ghost_scene49_abf2b022_d5_shadow/summary.json
records/baseline_runs/ghost_scene49_abf2b022_d5p5_reachset/summary.json	实验记录/20260612_clean81_baselines_reachset_shadow_w24/runs/ghost_scene49_abf2b022_d5p5_reachset/summary.json
records/baseline_runs/ghost_scene49_abf2b022_d5p5_shadow/summary.json	实验记录/20260612_clean81_baselines_reachset_shadow_w24/runs/ghost_scene49_abf2b022_d5p5_shadow/summary.json
records/baseline_runs/ghost_scene50_85bfe163_d3_reachset/summary.json	实验记录/20260612_clean81_baselines_reachset_shadow_w24/runs/ghost_scene50_85bfe163_d3_reachset/summary.json
records/baseline_runs/ghost_scene50_85bfe163_d3_shadow/summary.json	实验记录/20260612_clean81_baselines_reachset_shadow_w24/runs/ghost_scene50_85bfe163_d3_shadow/summary.json
records/baseline_runs/ghost_scene50_85bfe163_d3p5_reachset/summary.json	实验记录/20260612_clean81_baselines_reachset_shadow_w24/runs/ghost_scene50_85bfe163_d3p5_reachset/summary.json
records/baseline_runs/ghost_scene50_85bfe163_d3p5_shadow/summary.json	实验记录/20260612_clean81_baselines_reachset_shadow_w24/runs/ghost_scene50_85bfe163_d3p5_shadow/summary.json
records/baseline_runs/ghost_scene50_85bfe163_d4_reachset/summary.json	实验记录/20260612_clean81_baselines_reachset_shadow_w24/runs/ghost_scene50_85bfe163_d4_reachset/summary.json
records/baseline_runs/ghost_scene50_85bfe163_d4_shadow/summary.json	实验记录/20260612_clean81_baselines_reachset_shadow_w24/runs/ghost_scene50_85bfe163_d4_shadow/summary.json
records/baseline_runs/ghost_scene50_85bfe163_d4p5_reachset/summary.json	实验记录/20260612_clean81_baselines_reachset_shadow_w24/runs/ghost_scene50_85bfe163_d4p5_reachset/summary.json
records/baseline_runs/ghost_scene50_85bfe163_d4p5_shadow/summary.json	实验记录/20260612_clean81_baselines_reachset_shadow_w24/runs/ghost_scene50_85bfe163_d4p5_shadow/summary.json
records/baseline_runs/ghost_scene50_85bfe163_d5_reachset/summary.json	实验记录/20260612_clean81_baselines_reachset_shadow_w24/runs/ghost_scene50_85bfe163_d5_reachset/summary.json
records/baseline_runs/ghost_scene50_85bfe163_d5_shadow/summary.json	实验记录/20260612_clean81_baselines_reachset_shadow_w24/runs/ghost_scene50_85bfe163_d5_shadow/summary.json
records/baseline_runs/ghost_scene50_85bfe163_d5p5_reachset/summary.json	实验记录/20260612_clean81_baselines_reachset_shadow_w24/runs/ghost_scene50_85bfe163_d5p5_reachset/summary.json
records/baseline_runs/ghost_scene50_85bfe163_d5p5_shadow/summary.json	实验记录/20260612_clean81_baselines_reachset_shadow_w24/runs/ghost_scene50_85bfe163_d5p5_shadow/summary.json
records/baseline_runs/ghost_scene51_825555a9_d3_reachset/summary.json	实验记录/20260612_clean81_baselines_reachset_shadow_w24/runs/ghost_scene51_825555a9_d3_reachset/summary.json
records/baseline_runs/ghost_scene51_825555a9_d3_shadow/summary.json	实验记录/20260612_clean81_baselines_reachset_shadow_w24/runs/ghost_scene51_825555a9_d3_shadow/summary.json
records/baseline_runs/ghost_scene51_825555a9_d3p5_reachset/summary.json	实验记录/20260612_clean81_baselines_reachset_shadow_w24/runs/ghost_scene51_825555a9_d3p5_reachset/summary.json
records/baseline_runs/ghost_scene51_825555a9_d3p5_shadow/summary.json	实验记录/20260612_clean81_baselines_reachset_shadow_w24/runs/ghost_scene51_825555a9_d3p5_shadow/summary.json
records/baseline_runs/ghost_scene51_825555a9_d4_reachset/summary.json	实验记录/20260612_clean81_baselines_reachset_shadow_w24/runs/ghost_scene51_825555a9_d4_reachset/summary.json
records/baseline_runs/ghost_scene51_825555a9_d4_shadow/summary.json	实验记录/20260612_clean81_baselines_reachset_shadow_w24/runs/ghost_scene51_825555a9_d4_shadow/summary.json
records/baseline_runs/ghost_scene51_825555a9_d4p5_reachset/summary.json	实验记录/20260612_clean81_baselines_reachset_shadow_w24/runs/ghost_scene51_825555a9_d4p5_reachset/summary.json
records/baseline_runs/ghost_scene51_825555a9_d4p5_shadow/summary.json	实验记录/20260612_clean81_baselines_reachset_shadow_w24/runs/ghost_scene51_825555a9_d4p5_shadow/summary.json
records/baseline_runs/ghost_scene51_825555a9_d5_reachset/summary.json	实验记录/20260612_clean81_baselines_reachset_shadow_w24/runs/ghost_scene51_825555a9_d5_reachset/summary.json
records/baseline_runs/ghost_scene51_825555a9_d5_shadow/summary.json	实验记录/20260612_clean81_baselines_reachset_shadow_w24/runs/ghost_scene51_825555a9_d5_shadow/summary.json
records/baseline_runs/ghost_scene51_825555a9_d5p5_reachset/summary.json	实验记录/20260612_clean81_baselines_reachset_shadow_w24/runs/ghost_scene51_825555a9_d5p5_reachset/summary.json
records/baseline_runs/ghost_scene51_825555a9_d5p5_shadow/summary.json	实验记录/20260612_clean81_baselines_reachset_shadow_w24/runs/ghost_scene51_825555a9_d5p5_shadow/summary.json
records/baseline_runs/ghost_scene52_fe6347da_d3_reachset/summary.json	实验记录/20260612_clean81_baselines_reachset_shadow_w24/runs/ghost_scene52_fe6347da_d3_reachset/summary.json
records/baseline_runs/ghost_scene52_fe6347da_d3_shadow/summary.json	实验记录/20260612_clean81_baselines_reachset_shadow_w24/runs/ghost_scene52_fe6347da_d3_shadow/summary.json
records/baseline_runs/ghost_scene52_fe6347da_d3p5_reachset/summary.json	实验记录/20260612_clean81_baselines_reachset_shadow_w24/runs/ghost_scene52_fe6347da_d3p5_reachset/summary.json
records/baseline_runs/ghost_scene52_fe6347da_d3p5_shadow/summary.json	实验记录/20260612_clean81_baselines_reachset_shadow_w24/runs/ghost_scene52_fe6347da_d3p5_shadow/summary.json
records/baseline_runs/ghost_scene52_fe6347da_d4_reachset/summary.json	实验记录/20260612_clean81_baselines_reachset_shadow_w24/runs/ghost_scene52_fe6347da_d4_reachset/summary.json
records/baseline_runs/ghost_scene52_fe6347da_d4_shadow/summary.json	实验记录/20260612_clean81_baselines_reachset_shadow_w24/runs/ghost_scene52_fe6347da_d4_shadow/summary.json
records/baseline_runs/ghost_scene52_fe6347da_d4p5_reachset/summary.json	实验记录/20260612_clean81_baselines_reachset_shadow_w24/runs/ghost_scene52_fe6347da_d4p5_reachset/summary.json
records/baseline_runs/ghost_scene52_fe6347da_d4p5_shadow/summary.json	实验记录/20260612_clean81_baselines_reachset_shadow_w24/runs/ghost_scene52_fe6347da_d4p5_shadow/summary.json
records/baseline_runs/ghost_scene52_fe6347da_d5_reachset/summary.json	实验记录/20260612_clean81_baselines_reachset_shadow_w24/runs/ghost_scene52_fe6347da_d5_reachset/summary.json
records/baseline_runs/ghost_scene52_fe6347da_d5_shadow/summary.json	实验记录/20260612_clean81_baselines_reachset_shadow_w24/runs/ghost_scene52_fe6347da_d5_shadow/summary.json
records/baseline_runs/ghost_scene52_fe6347da_d5p5_reachset/summary.json	实验记录/20260612_clean81_baselines_reachset_shadow_w24/runs/ghost_scene52_fe6347da_d5p5_reachset/summary.json
records/baseline_runs/ghost_scene52_fe6347da_d5p5_shadow/summary.json	实验记录/20260612_clean81_baselines_reachset_shadow_w24/runs/ghost_scene52_fe6347da_d5p5_shadow/summary.json
records/baseline_runs/ghost_scene53_1fcf34b1_d3_reachset/summary.json	实验记录/20260612_clean81_baselines_reachset_shadow_w24/runs/ghost_scene53_1fcf34b1_d3_reachset/summary.json
records/baseline_runs/ghost_scene53_1fcf34b1_d3_shadow/summary.json	实验记录/20260612_clean81_baselines_reachset_shadow_w24/runs/ghost_scene53_1fcf34b1_d3_shadow/summary.json
records/baseline_runs/ghost_scene53_1fcf34b1_d3p5_reachset/summary.json	实验记录/20260612_clean81_baselines_reachset_shadow_w24/runs/ghost_scene53_1fcf34b1_d3p5_reachset/summary.json
records/baseline_runs/ghost_scene53_1fcf34b1_d3p5_shadow/summary.json	实验记录/20260612_clean81_baselines_reachset_shadow_w24/runs/ghost_scene53_1fcf34b1_d3p5_shadow/summary.json
records/baseline_runs/ghost_scene53_1fcf34b1_d4_reachset/summary.json	实验记录/20260612_clean81_baselines_reachset_shadow_w24/runs/ghost_scene53_1fcf34b1_d4_reachset/summary.json
records/baseline_runs/ghost_scene53_1fcf34b1_d4_shadow/summary.json	实验记录/20260612_clean81_baselines_reachset_shadow_w24/runs/ghost_scene53_1fcf34b1_d4_shadow/summary.json
records/baseline_runs/ghost_scene53_1fcf34b1_d4p5_reachset/summary.json	实验记录/20260612_clean81_baselines_reachset_shadow_w24/runs/ghost_scene53_1fcf34b1_d4p5_reachset/summary.json
records/baseline_runs/ghost_scene53_1fcf34b1_d4p5_shadow/summary.json	实验记录/20260612_clean81_baselines_reachset_shadow_w24/runs/ghost_scene53_1fcf34b1_d4p5_shadow/summary.json
records/baseline_runs/ghost_scene53_1fcf34b1_d5_reachset/summary.json	实验记录/20260612_clean81_baselines_reachset_shadow_w24/runs/ghost_scene53_1fcf34b1_d5_reachset/summary.json
records/baseline_runs/ghost_scene53_1fcf34b1_d5_shadow/summary.json	实验记录/20260612_clean81_baselines_reachset_shadow_w24/runs/ghost_scene53_1fcf34b1_d5_shadow/summary.json
records/baseline_runs/ghost_scene53_1fcf34b1_d5p5_reachset/summary.json	实验记录/20260612_clean81_baselines_reachset_shadow_w24/runs/ghost_scene53_1fcf34b1_d5p5_reachset/summary.json
records/baseline_runs/ghost_scene53_1fcf34b1_d5p5_shadow/summary.json	实验记录/20260612_clean81_baselines_reachset_shadow_w24/runs/ghost_scene53_1fcf34b1_d5p5_shadow/summary.json
records/baseline_runs/ghost_scene54_f14a94fd_d3_reachset/summary.json	实验记录/20260612_clean81_baselines_reachset_shadow_w24/runs/ghost_scene54_f14a94fd_d3_reachset/summary.json
records/baseline_runs/ghost_scene54_f14a94fd_d3_shadow/summary.json	实验记录/20260612_clean81_baselines_reachset_shadow_w24/runs/ghost_scene54_f14a94fd_d3_shadow/summary.json
records/baseline_runs/ghost_scene54_f14a94fd_d3p5_reachset/summary.json	实验记录/20260612_clean81_baselines_reachset_shadow_w24/runs/ghost_scene54_f14a94fd_d3p5_reachset/summary.json
records/baseline_runs/ghost_scene54_f14a94fd_d3p5_shadow/summary.json	实验记录/20260612_clean81_baselines_reachset_shadow_w24/runs/ghost_scene54_f14a94fd_d3p5_shadow/summary.json
records/baseline_runs/ghost_scene54_f14a94fd_d4_reachset/summary.json	实验记录/20260612_clean81_baselines_reachset_shadow_w24/runs/ghost_scene54_f14a94fd_d4_reachset/summary.json
records/baseline_runs/ghost_scene54_f14a94fd_d4_shadow/summary.json	实验记录/20260612_clean81_baselines_reachset_shadow_w24/runs/ghost_scene54_f14a94fd_d4_shadow/summary.json
records/baseline_runs/ghost_scene54_f14a94fd_d4p5_reachset/summary.json	实验记录/20260612_clean81_baselines_reachset_shadow_w24/runs/ghost_scene54_f14a94fd_d4p5_reachset/summary.json
records/baseline_runs/ghost_scene54_f14a94fd_d4p5_shadow/summary.json	实验记录/20260612_clean81_baselines_reachset_shadow_w24/runs/ghost_scene54_f14a94fd_d4p5_shadow/summary.json
records/baseline_runs/ghost_scene54_f14a94fd_d5_reachset/summary.json	实验记录/20260612_clean81_baselines_reachset_shadow_w24/runs/ghost_scene54_f14a94fd_d5_reachset/summary.json
records/baseline_runs/ghost_scene54_f14a94fd_d5_shadow/summary.json	实验记录/20260612_clean81_baselines_reachset_shadow_w24/runs/ghost_scene54_f14a94fd_d5_shadow/summary.json
records/baseline_runs/ghost_scene54_f14a94fd_d5p5_reachset/summary.json	实验记录/20260612_clean81_baselines_reachset_shadow_w24/runs/ghost_scene54_f14a94fd_d5p5_reachset/summary.json
records/baseline_runs/ghost_scene54_f14a94fd_d5p5_shadow/summary.json	实验记录/20260612_clean81_baselines_reachset_shadow_w24/runs/ghost_scene54_f14a94fd_d5p5_shadow/summary.json
records/baseline_runs/ghost_scene55_a121eb26_d3_reachset/summary.json	实验记录/20260612_clean81_baselines_reachset_shadow_w24/runs/ghost_scene55_a121eb26_d3_reachset/summary.json
records/baseline_runs/ghost_scene55_a121eb26_d3_shadow/summary.json	实验记录/20260612_clean81_baselines_reachset_shadow_w24/runs/ghost_scene55_a121eb26_d3_shadow/summary.json
records/baseline_runs/ghost_scene55_a121eb26_d3p5_reachset/summary.json	实验记录/20260612_clean81_baselines_reachset_shadow_w24/runs/ghost_scene55_a121eb26_d3p5_reachset/summary.json
records/baseline_runs/ghost_scene55_a121eb26_d3p5_shadow/summary.json	实验记录/20260612_clean81_baselines_reachset_shadow_w24/runs/ghost_scene55_a121eb26_d3p5_shadow/summary.json
records/baseline_runs/ghost_scene55_a121eb26_d4_reachset/summary.json	实验记录/20260612_clean81_baselines_reachset_shadow_w24/runs/ghost_scene55_a121eb26_d4_reachset/summary.json
records/baseline_runs/ghost_scene55_a121eb26_d4_shadow/summary.json	实验记录/20260612_clean81_baselines_reachset_shadow_w24/runs/ghost_scene55_a121eb26_d4_shadow/summary.json
records/baseline_runs/ghost_scene55_a121eb26_d4p5_reachset/summary.json	实验记录/20260612_clean81_baselines_reachset_shadow_w24/runs/ghost_scene55_a121eb26_d4p5_reachset/summary.json
records/baseline_runs/ghost_scene55_a121eb26_d4p5_shadow/summary.json	实验记录/20260612_clean81_baselines_reachset_shadow_w24/runs/ghost_scene55_a121eb26_d4p5_shadow/summary.json
records/baseline_runs/ghost_scene55_a121eb26_d5_reachset/summary.json	实验记录/20260612_clean81_baselines_reachset_shadow_w24/runs/ghost_scene55_a121eb26_d5_reachset/summary.json
records/baseline_runs/ghost_scene55_a121eb26_d5_shadow/summary.json	实验记录/20260612_clean81_baselines_reachset_shadow_w24/runs/ghost_scene55_a121eb26_d5_shadow/summary.json
records/baseline_runs/ghost_scene55_a121eb26_d5p5_reachset/summary.json	实验记录/20260612_clean81_baselines_reachset_shadow_w24/runs/ghost_scene55_a121eb26_d5p5_reachset/summary.json
records/baseline_runs/ghost_scene55_a121eb26_d5p5_shadow/summary.json	实验记录/20260612_clean81_baselines_reachset_shadow_w24/runs/ghost_scene55_a121eb26_d5p5_shadow/summary.json
records/baseline_runs/ghost_scene56_38b1ab16_d3_reachset/summary.json	实验记录/20260612_clean81_baselines_reachset_shadow_w24/runs/ghost_scene56_38b1ab16_d3_reachset/summary.json
records/baseline_runs/ghost_scene56_38b1ab16_d3_shadow/summary.json	实验记录/20260612_clean81_baselines_reachset_shadow_w24/runs/ghost_scene56_38b1ab16_d3_shadow/summary.json
records/baseline_runs/ghost_scene56_38b1ab16_d3p5_reachset/summary.json	实验记录/20260612_clean81_baselines_reachset_shadow_w24/runs/ghost_scene56_38b1ab16_d3p5_reachset/summary.json
records/baseline_runs/ghost_scene56_38b1ab16_d3p5_shadow/summary.json	实验记录/20260612_clean81_baselines_reachset_shadow_w24/runs/ghost_scene56_38b1ab16_d3p5_shadow/summary.json
records/baseline_runs/ghost_scene56_38b1ab16_d4_reachset/summary.json	实验记录/20260612_clean81_baselines_reachset_shadow_w24/runs/ghost_scene56_38b1ab16_d4_reachset/summary.json
records/baseline_runs/ghost_scene56_38b1ab16_d4_shadow/summary.json	实验记录/20260612_clean81_baselines_reachset_shadow_w24/runs/ghost_scene56_38b1ab16_d4_shadow/summary.json
records/baseline_runs/ghost_scene56_38b1ab16_d4p5_reachset/summary.json	实验记录/20260612_clean81_baselines_reachset_shadow_w24/runs/ghost_scene56_38b1ab16_d4p5_reachset/summary.json
records/baseline_runs/ghost_scene56_38b1ab16_d4p5_shadow/summary.json	实验记录/20260612_clean81_baselines_reachset_shadow_w24/runs/ghost_scene56_38b1ab16_d4p5_shadow/summary.json
records/baseline_runs/ghost_scene56_38b1ab16_d5_reachset/summary.json	实验记录/20260612_clean81_baselines_reachset_shadow_w24/runs/ghost_scene56_38b1ab16_d5_reachset/summary.json
records/baseline_runs/ghost_scene56_38b1ab16_d5_shadow/summary.json	实验记录/20260612_clean81_baselines_reachset_shadow_w24/runs/ghost_scene56_38b1ab16_d5_shadow/summary.json
records/baseline_runs/ghost_scene56_38b1ab16_d5p5_reachset/summary.json	实验记录/20260612_clean81_baselines_reachset_shadow_w24/runs/ghost_scene56_38b1ab16_d5p5_reachset/summary.json
records/baseline_runs/ghost_scene56_38b1ab16_d5p5_shadow/summary.json	实验记录/20260612_clean81_baselines_reachset_shadow_w24/runs/ghost_scene56_38b1ab16_d5p5_shadow/summary.json
records/baseline_runs/ghost_scene57_bcb702fb_d3_reachset/summary.json	实验记录/20260612_clean81_baselines_reachset_shadow_w24/runs/ghost_scene57_bcb702fb_d3_reachset/summary.json
records/baseline_runs/ghost_scene57_bcb702fb_d3_shadow/summary.json	实验记录/20260612_clean81_baselines_reachset_shadow_w24/runs/ghost_scene57_bcb702fb_d3_shadow/summary.json
records/baseline_runs/ghost_scene57_bcb702fb_d3p5_reachset/summary.json	实验记录/20260612_clean81_baselines_reachset_shadow_w24/runs/ghost_scene57_bcb702fb_d3p5_reachset/summary.json
records/baseline_runs/ghost_scene57_bcb702fb_d3p5_shadow/summary.json	实验记录/20260612_clean81_baselines_reachset_shadow_w24/runs/ghost_scene57_bcb702fb_d3p5_shadow/summary.json
records/baseline_runs/ghost_scene57_bcb702fb_d4_reachset/summary.json	实验记录/20260612_clean81_baselines_reachset_shadow_w24/runs/ghost_scene57_bcb702fb_d4_reachset/summary.json
records/baseline_runs/ghost_scene57_bcb702fb_d4_shadow/summary.json	实验记录/20260612_clean81_baselines_reachset_shadow_w24/runs/ghost_scene57_bcb702fb_d4_shadow/summary.json
records/baseline_runs/ghost_scene57_bcb702fb_d4p5_reachset/summary.json	实验记录/20260612_clean81_baselines_reachset_shadow_w24/runs/ghost_scene57_bcb702fb_d4p5_reachset/summary.json
records/baseline_runs/ghost_scene57_bcb702fb_d4p5_shadow/summary.json	实验记录/20260612_clean81_baselines_reachset_shadow_w24/runs/ghost_scene57_bcb702fb_d4p5_shadow/summary.json
records/baseline_runs/ghost_scene57_bcb702fb_d5_reachset/summary.json	实验记录/20260612_clean81_baselines_reachset_shadow_w24/runs/ghost_scene57_bcb702fb_d5_reachset/summary.json
records/baseline_runs/ghost_scene57_bcb702fb_d5_shadow/summary.json	实验记录/20260612_clean81_baselines_reachset_shadow_w24/runs/ghost_scene57_bcb702fb_d5_shadow/summary.json
records/baseline_runs/ghost_scene57_bcb702fb_d5p5_reachset/summary.json	实验记录/20260612_clean81_baselines_reachset_shadow_w24/runs/ghost_scene57_bcb702fb_d5p5_reachset/summary.json
records/baseline_runs/ghost_scene57_bcb702fb_d5p5_shadow/summary.json	实验记录/20260612_clean81_baselines_reachset_shadow_w24/runs/ghost_scene57_bcb702fb_d5p5_shadow/summary.json
records/baseline_runs/ghost_scene58_9a8a8f31_d3_reachset/summary.json	实验记录/20260612_clean81_baselines_reachset_shadow_w24/runs/ghost_scene58_9a8a8f31_d3_reachset/summary.json
records/baseline_runs/ghost_scene58_9a8a8f31_d3_shadow/summary.json	实验记录/20260612_clean81_baselines_reachset_shadow_w24/runs/ghost_scene58_9a8a8f31_d3_shadow/summary.json
records/baseline_runs/ghost_scene58_9a8a8f31_d3p5_reachset/summary.json	实验记录/20260612_clean81_baselines_reachset_shadow_w24/runs/ghost_scene58_9a8a8f31_d3p5_reachset/summary.json
records/baseline_runs/ghost_scene58_9a8a8f31_d3p5_shadow/summary.json	实验记录/20260612_clean81_baselines_reachset_shadow_w24/runs/ghost_scene58_9a8a8f31_d3p5_shadow/summary.json
records/baseline_runs/ghost_scene58_9a8a8f31_d4_reachset/summary.json	实验记录/20260612_clean81_baselines_reachset_shadow_w24/runs/ghost_scene58_9a8a8f31_d4_reachset/summary.json
records/baseline_runs/ghost_scene58_9a8a8f31_d4_shadow/summary.json	实验记录/20260612_clean81_baselines_reachset_shadow_w24/runs/ghost_scene58_9a8a8f31_d4_shadow/summary.json
records/baseline_runs/ghost_scene58_9a8a8f31_d4p5_reachset/summary.json	实验记录/20260612_clean81_baselines_reachset_shadow_w24/runs/ghost_scene58_9a8a8f31_d4p5_reachset/summary.json
records/baseline_runs/ghost_scene58_9a8a8f31_d4p5_shadow/summary.json	实验记录/20260612_clean81_baselines_reachset_shadow_w24/runs/ghost_scene58_9a8a8f31_d4p5_shadow/summary.json
records/baseline_runs/ghost_scene58_9a8a8f31_d5_reachset/summary.json	实验记录/20260612_clean81_baselines_reachset_shadow_w24/runs/ghost_scene58_9a8a8f31_d5_reachset/summary.json
records/baseline_runs/ghost_scene58_9a8a8f31_d5_shadow/summary.json	实验记录/20260612_clean81_baselines_reachset_shadow_w24/runs/ghost_scene58_9a8a8f31_d5_shadow/summary.json
records/baseline_runs/ghost_scene58_9a8a8f31_d5p5_reachset/summary.json	实验记录/20260612_clean81_baselines_reachset_shadow_w24/runs/ghost_scene58_9a8a8f31_d5p5_reachset/summary.json
records/baseline_runs/ghost_scene58_9a8a8f31_d5p5_shadow/summary.json	实验记录/20260612_clean81_baselines_reachset_shadow_w24/runs/ghost_scene58_9a8a8f31_d5p5_shadow/summary.json
records/baseline_runs/ghost_scene59_10db974c_d3_reachset/summary.json	实验记录/20260612_clean81_baselines_reachset_shadow_w24/runs/ghost_scene59_10db974c_d3_reachset/summary.json
records/baseline_runs/ghost_scene59_10db974c_d3_shadow/summary.json	实验记录/20260612_clean81_baselines_reachset_shadow_w24/runs/ghost_scene59_10db974c_d3_shadow/summary.json
records/baseline_runs/ghost_scene59_10db974c_d3p5_reachset/summary.json	实验记录/20260612_clean81_baselines_reachset_shadow_w24/runs/ghost_scene59_10db974c_d3p5_reachset/summary.json
records/baseline_runs/ghost_scene59_10db974c_d3p5_shadow/summary.json	实验记录/20260612_clean81_baselines_reachset_shadow_w24/runs/ghost_scene59_10db974c_d3p5_shadow/summary.json
records/baseline_runs/ghost_scene59_10db974c_d4_reachset/summary.json	实验记录/20260612_clean81_baselines_reachset_shadow_w24/runs/ghost_scene59_10db974c_d4_reachset/summary.json
records/baseline_runs/ghost_scene59_10db974c_d4_shadow/summary.json	实验记录/20260612_clean81_baselines_reachset_shadow_w24/runs/ghost_scene59_10db974c_d4_shadow/summary.json
records/baseline_runs/ghost_scene59_10db974c_d4p5_reachset/summary.json	实验记录/20260612_clean81_baselines_reachset_shadow_w24/runs/ghost_scene59_10db974c_d4p5_reachset/summary.json
records/baseline_runs/ghost_scene59_10db974c_d4p5_shadow/summary.json	实验记录/20260612_clean81_baselines_reachset_shadow_w24/runs/ghost_scene59_10db974c_d4p5_shadow/summary.json
records/baseline_runs/ghost_scene59_10db974c_d5_reachset/summary.json	实验记录/20260612_clean81_baselines_reachset_shadow_w24/runs/ghost_scene59_10db974c_d5_reachset/summary.json
records/baseline_runs/ghost_scene59_10db974c_d5_shadow/summary.json	实验记录/20260612_clean81_baselines_reachset_shadow_w24/runs/ghost_scene59_10db974c_d5_shadow/summary.json
records/baseline_runs/ghost_scene59_10db974c_d5p5_reachset/summary.json	实验记录/20260612_clean81_baselines_reachset_shadow_w24/runs/ghost_scene59_10db974c_d5p5_reachset/summary.json
records/baseline_runs/ghost_scene59_10db974c_d5p5_shadow/summary.json	实验记录/20260612_clean81_baselines_reachset_shadow_w24/runs/ghost_scene59_10db974c_d5p5_shadow/summary.json
records/baseline_runs/ghost_scene60_480c05be_d3_reachset/summary.json	实验记录/20260612_clean81_baselines_reachset_shadow_w24/runs/ghost_scene60_480c05be_d3_reachset/summary.json
records/baseline_runs/ghost_scene60_480c05be_d3_shadow/summary.json	实验记录/20260612_clean81_baselines_reachset_shadow_w24/runs/ghost_scene60_480c05be_d3_shadow/summary.json
records/baseline_runs/ghost_scene60_480c05be_d3p5_reachset/summary.json	实验记录/20260612_clean81_baselines_reachset_shadow_w24/runs/ghost_scene60_480c05be_d3p5_reachset/summary.json
records/baseline_runs/ghost_scene60_480c05be_d3p5_shadow/summary.json	实验记录/20260612_clean81_baselines_reachset_shadow_w24/runs/ghost_scene60_480c05be_d3p5_shadow/summary.json
records/baseline_runs/ghost_scene60_480c05be_d4_reachset/summary.json	实验记录/20260612_clean81_baselines_reachset_shadow_w24/runs/ghost_scene60_480c05be_d4_reachset/summary.json
records/baseline_runs/ghost_scene60_480c05be_d4_shadow/summary.json	实验记录/20260612_clean81_baselines_reachset_shadow_w24/runs/ghost_scene60_480c05be_d4_shadow/summary.json
records/baseline_runs/ghost_scene60_480c05be_d4p5_reachset/summary.json	实验记录/20260612_clean81_baselines_reachset_shadow_w24/runs/ghost_scene60_480c05be_d4p5_reachset/summary.json
records/baseline_runs/ghost_scene60_480c05be_d4p5_shadow/summary.json	实验记录/20260612_clean81_baselines_reachset_shadow_w24/runs/ghost_scene60_480c05be_d4p5_shadow/summary.json
records/baseline_runs/ghost_scene60_480c05be_d5_reachset/summary.json	实验记录/20260612_clean81_baselines_reachset_shadow_w24/runs/ghost_scene60_480c05be_d5_reachset/summary.json
records/baseline_runs/ghost_scene60_480c05be_d5_shadow/summary.json	实验记录/20260612_clean81_baselines_reachset_shadow_w24/runs/ghost_scene60_480c05be_d5_shadow/summary.json
records/baseline_runs/ghost_scene60_480c05be_d5p5_reachset/summary.json	实验记录/20260612_clean81_baselines_reachset_shadow_w24/runs/ghost_scene60_480c05be_d5p5_reachset/summary.json
records/baseline_runs/ghost_scene60_480c05be_d5p5_shadow/summary.json	实验记录/20260612_clean81_baselines_reachset_shadow_w24/runs/ghost_scene60_480c05be_d5p5_shadow/summary.json
records/baseline_runs/ghost_scene61_d567a51c_d3_reachset/summary.json	实验记录/20260612_clean81_baselines_reachset_shadow_w24/runs/ghost_scene61_d567a51c_d3_reachset/summary.json
records/baseline_runs/ghost_scene61_d567a51c_d3_shadow/summary.json	实验记录/20260612_clean81_baselines_reachset_shadow_w24/runs/ghost_scene61_d567a51c_d3_shadow/summary.json
records/baseline_runs/ghost_scene61_d567a51c_d3p5_reachset/summary.json	实验记录/20260612_clean81_baselines_reachset_shadow_w24/runs/ghost_scene61_d567a51c_d3p5_reachset/summary.json
records/baseline_runs/ghost_scene61_d567a51c_d3p5_shadow/summary.json	实验记录/20260612_clean81_baselines_reachset_shadow_w24/runs/ghost_scene61_d567a51c_d3p5_shadow/summary.json
records/baseline_runs/ghost_scene61_d567a51c_d4_reachset/summary.json	实验记录/20260612_clean81_baselines_reachset_shadow_w24/runs/ghost_scene61_d567a51c_d4_reachset/summary.json
records/baseline_runs/ghost_scene61_d567a51c_d4_shadow/summary.json	实验记录/20260612_clean81_baselines_reachset_shadow_w24/runs/ghost_scene61_d567a51c_d4_shadow/summary.json
records/baseline_runs/ghost_scene61_d567a51c_d4p5_reachset/summary.json	实验记录/20260612_clean81_baselines_reachset_shadow_w24/runs/ghost_scene61_d567a51c_d4p5_reachset/summary.json
records/baseline_runs/ghost_scene61_d567a51c_d4p5_shadow/summary.json	实验记录/20260612_clean81_baselines_reachset_shadow_w24/runs/ghost_scene61_d567a51c_d4p5_shadow/summary.json
records/baseline_runs/ghost_scene61_d567a51c_d5_reachset/summary.json	实验记录/20260612_clean81_baselines_reachset_shadow_w24/runs/ghost_scene61_d567a51c_d5_reachset/summary.json
records/baseline_runs/ghost_scene61_d567a51c_d5_shadow/summary.json	实验记录/20260612_clean81_baselines_reachset_shadow_w24/runs/ghost_scene61_d567a51c_d5_shadow/summary.json
records/baseline_runs/ghost_scene61_d567a51c_d5p5_reachset/summary.json	实验记录/20260612_clean81_baselines_reachset_shadow_w24/runs/ghost_scene61_d567a51c_d5p5_reachset/summary.json
records/baseline_runs/ghost_scene61_d567a51c_d5p5_shadow/summary.json	实验记录/20260612_clean81_baselines_reachset_shadow_w24/runs/ghost_scene61_d567a51c_d5p5_shadow/summary.json
records/baseline_runs/ghost_scene62_16e57601_d3_reachset/summary.json	实验记录/20260612_clean81_baselines_reachset_shadow_w24/runs/ghost_scene62_16e57601_d3_reachset/summary.json
records/baseline_runs/ghost_scene62_16e57601_d3_shadow/summary.json	实验记录/20260612_clean81_baselines_reachset_shadow_w24/runs/ghost_scene62_16e57601_d3_shadow/summary.json
records/baseline_runs/ghost_scene62_16e57601_d3p5_reachset/summary.json	实验记录/20260612_clean81_baselines_reachset_shadow_w24/runs/ghost_scene62_16e57601_d3p5_reachset/summary.json
records/baseline_runs/ghost_scene62_16e57601_d3p5_shadow/summary.json	实验记录/20260612_clean81_baselines_reachset_shadow_w24/runs/ghost_scene62_16e57601_d3p5_shadow/summary.json
records/baseline_runs/ghost_scene62_16e57601_d4_reachset/summary.json	实验记录/20260612_clean81_baselines_reachset_shadow_w24/runs/ghost_scene62_16e57601_d4_reachset/summary.json
records/baseline_runs/ghost_scene62_16e57601_d4_shadow/summary.json	实验记录/20260612_clean81_baselines_reachset_shadow_w24/runs/ghost_scene62_16e57601_d4_shadow/summary.json
records/baseline_runs/ghost_scene62_16e57601_d4p5_reachset/summary.json	实验记录/20260612_clean81_baselines_reachset_shadow_w24/runs/ghost_scene62_16e57601_d4p5_reachset/summary.json
records/baseline_runs/ghost_scene62_16e57601_d4p5_shadow/summary.json	实验记录/20260612_clean81_baselines_reachset_shadow_w24/runs/ghost_scene62_16e57601_d4p5_shadow/summary.json
records/baseline_runs/ghost_scene62_16e57601_d5_reachset/summary.json	实验记录/20260612_clean81_baselines_reachset_shadow_w24/runs/ghost_scene62_16e57601_d5_reachset/summary.json
records/baseline_runs/ghost_scene62_16e57601_d5_shadow/summary.json	实验记录/20260612_clean81_baselines_reachset_shadow_w24/runs/ghost_scene62_16e57601_d5_shadow/summary.json
records/baseline_runs/ghost_scene62_16e57601_d5p5_reachset/summary.json	实验记录/20260612_clean81_baselines_reachset_shadow_w24/runs/ghost_scene62_16e57601_d5p5_reachset/summary.json
records/baseline_runs/ghost_scene62_16e57601_d5p5_shadow/summary.json	实验记录/20260612_clean81_baselines_reachset_shadow_w24/runs/ghost_scene62_16e57601_d5p5_shadow/summary.json
records/baseline_runs/ghost_scene63_1fb98468_d3_reachset/summary.json	实验记录/20260612_clean81_baselines_reachset_shadow_w24/runs/ghost_scene63_1fb98468_d3_reachset/summary.json
records/baseline_runs/ghost_scene63_1fb98468_d3_shadow/summary.json	实验记录/20260612_clean81_baselines_reachset_shadow_w24/runs/ghost_scene63_1fb98468_d3_shadow/summary.json
records/baseline_runs/ghost_scene63_1fb98468_d3p5_reachset/summary.json	实验记录/20260612_clean81_baselines_reachset_shadow_w24/runs/ghost_scene63_1fb98468_d3p5_reachset/summary.json
records/baseline_runs/ghost_scene63_1fb98468_d3p5_shadow/summary.json	实验记录/20260612_clean81_baselines_reachset_shadow_w24/runs/ghost_scene63_1fb98468_d3p5_shadow/summary.json
records/baseline_runs/ghost_scene63_1fb98468_d4_reachset/summary.json	实验记录/20260612_clean81_baselines_reachset_shadow_w24/runs/ghost_scene63_1fb98468_d4_reachset/summary.json
records/baseline_runs/ghost_scene63_1fb98468_d4_shadow/summary.json	实验记录/20260612_clean81_baselines_reachset_shadow_w24/runs/ghost_scene63_1fb98468_d4_shadow/summary.json
records/baseline_runs/ghost_scene63_1fb98468_d4p5_reachset/summary.json	实验记录/20260612_clean81_baselines_reachset_shadow_w24/runs/ghost_scene63_1fb98468_d4p5_reachset/summary.json
records/baseline_runs/ghost_scene63_1fb98468_d4p5_shadow/summary.json	实验记录/20260612_clean81_baselines_reachset_shadow_w24/runs/ghost_scene63_1fb98468_d4p5_shadow/summary.json
records/baseline_runs/ghost_scene63_1fb98468_d5_reachset/summary.json	实验记录/20260612_clean81_baselines_reachset_shadow_w24/runs/ghost_scene63_1fb98468_d5_reachset/summary.json
records/baseline_runs/ghost_scene63_1fb98468_d5_shadow/summary.json	实验记录/20260612_clean81_baselines_reachset_shadow_w24/runs/ghost_scene63_1fb98468_d5_shadow/summary.json
records/baseline_runs/ghost_scene63_1fb98468_d5p5_reachset/summary.json	实验记录/20260612_clean81_baselines_reachset_shadow_w24/runs/ghost_scene63_1fb98468_d5p5_reachset/summary.json
records/baseline_runs/ghost_scene63_1fb98468_d5p5_shadow/summary.json	实验记录/20260612_clean81_baselines_reachset_shadow_w24/runs/ghost_scene63_1fb98468_d5p5_shadow/summary.json
records/baseline_runs/ghost_scene64_ad8fbb5d_d3_reachset/summary.json	实验记录/20260612_clean81_baselines_reachset_shadow_w24/runs/ghost_scene64_ad8fbb5d_d3_reachset/summary.json
records/baseline_runs/ghost_scene64_ad8fbb5d_d3_shadow/summary.json	实验记录/20260612_clean81_baselines_reachset_shadow_w24/runs/ghost_scene64_ad8fbb5d_d3_shadow/summary.json
records/baseline_runs/ghost_scene64_ad8fbb5d_d3p5_reachset/summary.json	实验记录/20260612_clean81_baselines_reachset_shadow_w24/runs/ghost_scene64_ad8fbb5d_d3p5_reachset/summary.json
records/baseline_runs/ghost_scene64_ad8fbb5d_d3p5_shadow/summary.json	实验记录/20260612_clean81_baselines_reachset_shadow_w24/runs/ghost_scene64_ad8fbb5d_d3p5_shadow/summary.json
records/baseline_runs/ghost_scene64_ad8fbb5d_d4_reachset/summary.json	实验记录/20260612_clean81_baselines_reachset_shadow_w24/runs/ghost_scene64_ad8fbb5d_d4_reachset/summary.json
records/baseline_runs/ghost_scene64_ad8fbb5d_d4_shadow/summary.json	实验记录/20260612_clean81_baselines_reachset_shadow_w24/runs/ghost_scene64_ad8fbb5d_d4_shadow/summary.json
records/baseline_runs/ghost_scene64_ad8fbb5d_d4p5_reachset/summary.json	实验记录/20260612_clean81_baselines_reachset_shadow_w24/runs/ghost_scene64_ad8fbb5d_d4p5_reachset/summary.json
records/baseline_runs/ghost_scene64_ad8fbb5d_d4p5_shadow/summary.json	实验记录/20260612_clean81_baselines_reachset_shadow_w24/runs/ghost_scene64_ad8fbb5d_d4p5_shadow/summary.json
records/baseline_runs/ghost_scene64_ad8fbb5d_d5_reachset/summary.json	实验记录/20260612_clean81_baselines_reachset_shadow_w24/runs/ghost_scene64_ad8fbb5d_d5_reachset/summary.json
records/baseline_runs/ghost_scene64_ad8fbb5d_d5_shadow/summary.json	实验记录/20260612_clean81_baselines_reachset_shadow_w24/runs/ghost_scene64_ad8fbb5d_d5_shadow/summary.json
records/baseline_runs/ghost_scene64_ad8fbb5d_d5p5_reachset/summary.json	实验记录/20260612_clean81_baselines_reachset_shadow_w24/runs/ghost_scene64_ad8fbb5d_d5p5_reachset/summary.json
records/baseline_runs/ghost_scene64_ad8fbb5d_d5p5_shadow/summary.json	实验记录/20260612_clean81_baselines_reachset_shadow_w24/runs/ghost_scene64_ad8fbb5d_d5p5_shadow/summary.json
records/baseline_runs/ghost_scene65_43da3f31_d3_reachset/summary.json	实验记录/20260612_clean81_baselines_reachset_shadow_w24/runs/ghost_scene65_43da3f31_d3_reachset/summary.json
records/baseline_runs/ghost_scene65_43da3f31_d3_shadow/summary.json	实验记录/20260612_clean81_baselines_reachset_shadow_w24/runs/ghost_scene65_43da3f31_d3_shadow/summary.json
records/baseline_runs/ghost_scene65_43da3f31_d3p5_reachset/summary.json	实验记录/20260612_clean81_baselines_reachset_shadow_w24/runs/ghost_scene65_43da3f31_d3p5_reachset/summary.json
records/baseline_runs/ghost_scene65_43da3f31_d3p5_shadow/summary.json	实验记录/20260612_clean81_baselines_reachset_shadow_w24/runs/ghost_scene65_43da3f31_d3p5_shadow/summary.json
records/baseline_runs/ghost_scene65_43da3f31_d4_reachset/summary.json	实验记录/20260612_clean81_baselines_reachset_shadow_w24/runs/ghost_scene65_43da3f31_d4_reachset/summary.json
records/baseline_runs/ghost_scene65_43da3f31_d4_shadow/summary.json	实验记录/20260612_clean81_baselines_reachset_shadow_w24/runs/ghost_scene65_43da3f31_d4_shadow/summary.json
records/baseline_runs/ghost_scene65_43da3f31_d4p5_reachset/summary.json	实验记录/20260612_clean81_baselines_reachset_shadow_w24/runs/ghost_scene65_43da3f31_d4p5_reachset/summary.json
records/baseline_runs/ghost_scene65_43da3f31_d4p5_shadow/summary.json	实验记录/20260612_clean81_baselines_reachset_shadow_w24/runs/ghost_scene65_43da3f31_d4p5_shadow/summary.json
records/baseline_runs/ghost_scene65_43da3f31_d5_reachset/summary.json	实验记录/20260612_clean81_baselines_reachset_shadow_w24/runs/ghost_scene65_43da3f31_d5_reachset/summary.json
records/baseline_runs/ghost_scene65_43da3f31_d5_shadow/summary.json	实验记录/20260612_clean81_baselines_reachset_shadow_w24/runs/ghost_scene65_43da3f31_d5_shadow/summary.json
records/baseline_runs/ghost_scene65_43da3f31_d5p5_reachset/summary.json	实验记录/20260612_clean81_baselines_reachset_shadow_w24/runs/ghost_scene65_43da3f31_d5p5_reachset/summary.json
records/baseline_runs/ghost_scene65_43da3f31_d5p5_shadow/summary.json	实验记录/20260612_clean81_baselines_reachset_shadow_w24/runs/ghost_scene65_43da3f31_d5p5_shadow/summary.json
records/baseline_runs/ghost_scene66_342eb101_d3_reachset/summary.json	实验记录/20260612_clean81_baselines_reachset_shadow_w24/runs/ghost_scene66_342eb101_d3_reachset/summary.json
records/baseline_runs/ghost_scene66_342eb101_d3_shadow/summary.json	实验记录/20260612_clean81_baselines_reachset_shadow_w24/runs/ghost_scene66_342eb101_d3_shadow/summary.json
records/baseline_runs/ghost_scene66_342eb101_d3p5_reachset/summary.json	实验记录/20260612_clean81_baselines_reachset_shadow_w24/runs/ghost_scene66_342eb101_d3p5_reachset/summary.json
records/baseline_runs/ghost_scene66_342eb101_d3p5_shadow/summary.json	实验记录/20260612_clean81_baselines_reachset_shadow_w24/runs/ghost_scene66_342eb101_d3p5_shadow/summary.json
records/baseline_runs/ghost_scene66_342eb101_d4_reachset/summary.json	实验记录/20260612_clean81_baselines_reachset_shadow_w24/runs/ghost_scene66_342eb101_d4_reachset/summary.json
records/baseline_runs/ghost_scene66_342eb101_d4_shadow/summary.json	实验记录/20260612_clean81_baselines_reachset_shadow_w24/runs/ghost_scene66_342eb101_d4_shadow/summary.json
records/baseline_runs/ghost_scene66_342eb101_d4p5_reachset/summary.json	实验记录/20260612_clean81_baselines_reachset_shadow_w24/runs/ghost_scene66_342eb101_d4p5_reachset/summary.json
records/baseline_runs/ghost_scene66_342eb101_d4p5_shadow/summary.json	实验记录/20260612_clean81_baselines_reachset_shadow_w24/runs/ghost_scene66_342eb101_d4p5_shadow/summary.json
records/baseline_runs/ghost_scene66_342eb101_d5_reachset/summary.json	实验记录/20260612_clean81_baselines_reachset_shadow_w24/runs/ghost_scene66_342eb101_d5_reachset/summary.json
records/baseline_runs/ghost_scene66_342eb101_d5_shadow/summary.json	实验记录/20260612_clean81_baselines_reachset_shadow_w24/runs/ghost_scene66_342eb101_d5_shadow/summary.json
records/baseline_runs/ghost_scene66_342eb101_d5p5_reachset/summary.json	实验记录/20260612_clean81_baselines_reachset_shadow_w24/runs/ghost_scene66_342eb101_d5p5_reachset/summary.json
records/baseline_runs/ghost_scene66_342eb101_d5p5_shadow/summary.json	实验记录/20260612_clean81_baselines_reachset_shadow_w24/runs/ghost_scene66_342eb101_d5p5_shadow/summary.json
records/baseline_runs/ghost_scene67_560f71bf_d3_reachset/summary.json	实验记录/20260612_clean81_baselines_reachset_shadow_w24/runs/ghost_scene67_560f71bf_d3_reachset/summary.json
records/baseline_runs/ghost_scene67_560f71bf_d3_shadow/summary.json	实验记录/20260612_clean81_baselines_reachset_shadow_w24/runs/ghost_scene67_560f71bf_d3_shadow/summary.json
records/baseline_runs/ghost_scene67_560f71bf_d3p5_reachset/summary.json	实验记录/20260612_clean81_baselines_reachset_shadow_w24/runs/ghost_scene67_560f71bf_d3p5_reachset/summary.json
records/baseline_runs/ghost_scene67_560f71bf_d3p5_shadow/summary.json	实验记录/20260612_clean81_baselines_reachset_shadow_w24/runs/ghost_scene67_560f71bf_d3p5_shadow/summary.json
records/baseline_runs/ghost_scene67_560f71bf_d4_reachset/summary.json	实验记录/20260612_clean81_baselines_reachset_shadow_w24/runs/ghost_scene67_560f71bf_d4_reachset/summary.json
records/baseline_runs/ghost_scene67_560f71bf_d4_shadow/summary.json	实验记录/20260612_clean81_baselines_reachset_shadow_w24/runs/ghost_scene67_560f71bf_d4_shadow/summary.json
records/baseline_runs/ghost_scene67_560f71bf_d4p5_reachset/summary.json	实验记录/20260612_clean81_baselines_reachset_shadow_w24/runs/ghost_scene67_560f71bf_d4p5_reachset/summary.json
records/baseline_runs/ghost_scene67_560f71bf_d4p5_shadow/summary.json	实验记录/20260612_clean81_baselines_reachset_shadow_w24/runs/ghost_scene67_560f71bf_d4p5_shadow/summary.json
records/baseline_runs/ghost_scene67_560f71bf_d5_reachset/summary.json	实验记录/20260612_clean81_baselines_reachset_shadow_w24/runs/ghost_scene67_560f71bf_d5_reachset/summary.json
records/baseline_runs/ghost_scene67_560f71bf_d5_shadow/summary.json	实验记录/20260612_clean81_baselines_reachset_shadow_w24/runs/ghost_scene67_560f71bf_d5_shadow/summary.json
records/baseline_runs/ghost_scene67_560f71bf_d5p5_reachset/summary.json	实验记录/20260612_clean81_baselines_reachset_shadow_w24/runs/ghost_scene67_560f71bf_d5p5_reachset/summary.json
records/baseline_runs/ghost_scene67_560f71bf_d5p5_shadow/summary.json	实验记录/20260612_clean81_baselines_reachset_shadow_w24/runs/ghost_scene67_560f71bf_d5p5_shadow/summary.json
records/baseline_runs/ghost_scene68_28bdcdc4_d3_reachset/summary.json	实验记录/20260612_clean81_baselines_reachset_shadow_w24/runs/ghost_scene68_28bdcdc4_d3_reachset/summary.json
records/baseline_runs/ghost_scene68_28bdcdc4_d3_shadow/summary.json	实验记录/20260612_clean81_baselines_reachset_shadow_w24/runs/ghost_scene68_28bdcdc4_d3_shadow/summary.json
records/baseline_runs/ghost_scene68_28bdcdc4_d3p5_reachset/summary.json	实验记录/20260612_clean81_baselines_reachset_shadow_w24/runs/ghost_scene68_28bdcdc4_d3p5_reachset/summary.json
records/baseline_runs/ghost_scene68_28bdcdc4_d3p5_shadow/summary.json	实验记录/20260612_clean81_baselines_reachset_shadow_w24/runs/ghost_scene68_28bdcdc4_d3p5_shadow/summary.json
records/baseline_runs/ghost_scene68_28bdcdc4_d4_reachset/summary.json	实验记录/20260612_clean81_baselines_reachset_shadow_w24/runs/ghost_scene68_28bdcdc4_d4_reachset/summary.json
records/baseline_runs/ghost_scene68_28bdcdc4_d4_shadow/summary.json	实验记录/20260612_clean81_baselines_reachset_shadow_w24/runs/ghost_scene68_28bdcdc4_d4_shadow/summary.json
records/baseline_runs/ghost_scene68_28bdcdc4_d4p5_reachset/summary.json	实验记录/20260612_clean81_baselines_reachset_shadow_w24/runs/ghost_scene68_28bdcdc4_d4p5_reachset/summary.json
records/baseline_runs/ghost_scene68_28bdcdc4_d4p5_shadow/summary.json	实验记录/20260612_clean81_baselines_reachset_shadow_w24/runs/ghost_scene68_28bdcdc4_d4p5_shadow/summary.json
records/baseline_runs/ghost_scene68_28bdcdc4_d5_reachset/summary.json	实验记录/20260612_clean81_baselines_reachset_shadow_w24/runs/ghost_scene68_28bdcdc4_d5_reachset/summary.json
records/baseline_runs/ghost_scene68_28bdcdc4_d5_shadow/summary.json	实验记录/20260612_clean81_baselines_reachset_shadow_w24/runs/ghost_scene68_28bdcdc4_d5_shadow/summary.json
records/baseline_runs/ghost_scene68_28bdcdc4_d5p5_reachset/summary.json	实验记录/20260612_clean81_baselines_reachset_shadow_w24/runs/ghost_scene68_28bdcdc4_d5p5_reachset/summary.json
records/baseline_runs/ghost_scene68_28bdcdc4_d5p5_shadow/summary.json	实验记录/20260612_clean81_baselines_reachset_shadow_w24/runs/ghost_scene68_28bdcdc4_d5p5_shadow/summary.json
records/baseline_runs/ghost_scene69_683cfaef_d3_reachset/summary.json	实验记录/20260612_clean81_baselines_reachset_shadow_w24/runs/ghost_scene69_683cfaef_d3_reachset/summary.json
records/baseline_runs/ghost_scene69_683cfaef_d3_shadow/summary.json	实验记录/20260612_clean81_baselines_reachset_shadow_w24/runs/ghost_scene69_683cfaef_d3_shadow/summary.json
records/baseline_runs/ghost_scene69_683cfaef_d3p5_reachset/summary.json	实验记录/20260612_clean81_baselines_reachset_shadow_w24/runs/ghost_scene69_683cfaef_d3p5_reachset/summary.json
records/baseline_runs/ghost_scene69_683cfaef_d3p5_shadow/summary.json	实验记录/20260612_clean81_baselines_reachset_shadow_w24/runs/ghost_scene69_683cfaef_d3p5_shadow/summary.json
records/baseline_runs/ghost_scene69_683cfaef_d4_reachset/summary.json	实验记录/20260612_clean81_baselines_reachset_shadow_w24/runs/ghost_scene69_683cfaef_d4_reachset/summary.json
records/baseline_runs/ghost_scene69_683cfaef_d4_shadow/summary.json	实验记录/20260612_clean81_baselines_reachset_shadow_w24/runs/ghost_scene69_683cfaef_d4_shadow/summary.json
records/baseline_runs/ghost_scene69_683cfaef_d4p5_reachset/summary.json	实验记录/20260612_clean81_baselines_reachset_shadow_w24/runs/ghost_scene69_683cfaef_d4p5_reachset/summary.json
records/baseline_runs/ghost_scene69_683cfaef_d4p5_shadow/summary.json	实验记录/20260612_clean81_baselines_reachset_shadow_w24/runs/ghost_scene69_683cfaef_d4p5_shadow/summary.json
records/baseline_runs/ghost_scene69_683cfaef_d5_reachset/summary.json	实验记录/20260612_clean81_baselines_reachset_shadow_w24/runs/ghost_scene69_683cfaef_d5_reachset/summary.json
records/baseline_runs/ghost_scene69_683cfaef_d5_shadow/summary.json	实验记录/20260612_clean81_baselines_reachset_shadow_w24/runs/ghost_scene69_683cfaef_d5_shadow/summary.json
records/baseline_runs/ghost_scene69_683cfaef_d5p5_reachset/summary.json	实验记录/20260612_clean81_baselines_reachset_shadow_w24/runs/ghost_scene69_683cfaef_d5p5_reachset/summary.json
records/baseline_runs/ghost_scene69_683cfaef_d5p5_shadow/summary.json	实验记录/20260612_clean81_baselines_reachset_shadow_w24/runs/ghost_scene69_683cfaef_d5p5_shadow/summary.json
records/baseline_runs/ghost_scene70_9b408388_d3_reachset/summary.json	实验记录/20260612_clean81_baselines_reachset_shadow_w24/runs/ghost_scene70_9b408388_d3_reachset/summary.json
records/baseline_runs/ghost_scene70_9b408388_d3_shadow/summary.json	实验记录/20260612_clean81_baselines_reachset_shadow_w24/runs/ghost_scene70_9b408388_d3_shadow/summary.json
records/baseline_runs/ghost_scene70_9b408388_d3p5_reachset/summary.json	实验记录/20260612_clean81_baselines_reachset_shadow_w24/runs/ghost_scene70_9b408388_d3p5_reachset/summary.json
records/baseline_runs/ghost_scene70_9b408388_d3p5_shadow/summary.json	实验记录/20260612_clean81_baselines_reachset_shadow_w24/runs/ghost_scene70_9b408388_d3p5_shadow/summary.json
records/baseline_runs/ghost_scene70_9b408388_d4_reachset/summary.json	实验记录/20260612_clean81_baselines_reachset_shadow_w24/runs/ghost_scene70_9b408388_d4_reachset/summary.json
records/baseline_runs/ghost_scene70_9b408388_d4_shadow/summary.json	实验记录/20260612_clean81_baselines_reachset_shadow_w24/runs/ghost_scene70_9b408388_d4_shadow/summary.json
records/baseline_runs/ghost_scene70_9b408388_d4p5_reachset/summary.json	实验记录/20260612_clean81_baselines_reachset_shadow_w24/runs/ghost_scene70_9b408388_d4p5_reachset/summary.json
records/baseline_runs/ghost_scene70_9b408388_d4p5_shadow/summary.json	实验记录/20260612_clean81_baselines_reachset_shadow_w24/runs/ghost_scene70_9b408388_d4p5_shadow/summary.json
records/baseline_runs/ghost_scene70_9b408388_d5_reachset/summary.json	实验记录/20260612_clean81_baselines_reachset_shadow_w24/runs/ghost_scene70_9b408388_d5_reachset/summary.json
records/baseline_runs/ghost_scene70_9b408388_d5_shadow/summary.json	实验记录/20260612_clean81_baselines_reachset_shadow_w24/runs/ghost_scene70_9b408388_d5_shadow/summary.json
records/baseline_runs/ghost_scene70_9b408388_d5p5_reachset/summary.json	实验记录/20260612_clean81_baselines_reachset_shadow_w24/runs/ghost_scene70_9b408388_d5p5_reachset/summary.json
records/baseline_runs/ghost_scene70_9b408388_d5p5_shadow/summary.json	实验记录/20260612_clean81_baselines_reachset_shadow_w24/runs/ghost_scene70_9b408388_d5p5_shadow/summary.json
records/baseline_runs/ghost_scene71_912e3348_d3_reachset/summary.json	实验记录/20260612_clean81_baselines_reachset_shadow_w24/runs/ghost_scene71_912e3348_d3_reachset/summary.json
records/baseline_runs/ghost_scene71_912e3348_d3_shadow/summary.json	实验记录/20260612_clean81_baselines_reachset_shadow_w24/runs/ghost_scene71_912e3348_d3_shadow/summary.json
records/baseline_runs/ghost_scene71_912e3348_d3p5_reachset/summary.json	实验记录/20260612_clean81_baselines_reachset_shadow_w24/runs/ghost_scene71_912e3348_d3p5_reachset/summary.json
records/baseline_runs/ghost_scene71_912e3348_d3p5_shadow/summary.json	实验记录/20260612_clean81_baselines_reachset_shadow_w24/runs/ghost_scene71_912e3348_d3p5_shadow/summary.json
records/baseline_runs/ghost_scene71_912e3348_d4_reachset/summary.json	实验记录/20260612_clean81_baselines_reachset_shadow_w24/runs/ghost_scene71_912e3348_d4_reachset/summary.json
records/baseline_runs/ghost_scene71_912e3348_d4_shadow/summary.json	实验记录/20260612_clean81_baselines_reachset_shadow_w24/runs/ghost_scene71_912e3348_d4_shadow/summary.json
records/baseline_runs/ghost_scene71_912e3348_d4p5_reachset/summary.json	实验记录/20260612_clean81_baselines_reachset_shadow_w24/runs/ghost_scene71_912e3348_d4p5_reachset/summary.json
records/baseline_runs/ghost_scene71_912e3348_d4p5_shadow/summary.json	实验记录/20260612_clean81_baselines_reachset_shadow_w24/runs/ghost_scene71_912e3348_d4p5_shadow/summary.json
records/baseline_runs/ghost_scene71_912e3348_d5_reachset/summary.json	实验记录/20260612_clean81_baselines_reachset_shadow_w24/runs/ghost_scene71_912e3348_d5_reachset/summary.json
records/baseline_runs/ghost_scene71_912e3348_d5_shadow/summary.json	实验记录/20260612_clean81_baselines_reachset_shadow_w24/runs/ghost_scene71_912e3348_d5_shadow/summary.json
records/baseline_runs/ghost_scene71_912e3348_d5p5_reachset/summary.json	实验记录/20260612_clean81_baselines_reachset_shadow_w24/runs/ghost_scene71_912e3348_d5p5_reachset/summary.json
records/baseline_runs/ghost_scene71_912e3348_d5p5_shadow/summary.json	实验记录/20260612_clean81_baselines_reachset_shadow_w24/runs/ghost_scene71_912e3348_d5p5_shadow/summary.json
records/baseline_runs/ghost_scene72_6bb2154f_d3_reachset/summary.json	实验记录/20260612_clean81_baselines_reachset_shadow_w24/runs/ghost_scene72_6bb2154f_d3_reachset/summary.json
records/baseline_runs/ghost_scene72_6bb2154f_d3_shadow/summary.json	实验记录/20260612_clean81_baselines_reachset_shadow_w24/runs/ghost_scene72_6bb2154f_d3_shadow/summary.json
records/baseline_runs/ghost_scene72_6bb2154f_d3p5_reachset/summary.json	实验记录/20260612_clean81_baselines_reachset_shadow_w24/runs/ghost_scene72_6bb2154f_d3p5_reachset/summary.json
records/baseline_runs/ghost_scene72_6bb2154f_d3p5_shadow/summary.json	实验记录/20260612_clean81_baselines_reachset_shadow_w24/runs/ghost_scene72_6bb2154f_d3p5_shadow/summary.json
records/baseline_runs/ghost_scene72_6bb2154f_d4_reachset/summary.json	实验记录/20260612_clean81_baselines_reachset_shadow_w24/runs/ghost_scene72_6bb2154f_d4_reachset/summary.json
records/baseline_runs/ghost_scene72_6bb2154f_d4_shadow/summary.json	实验记录/20260612_clean81_baselines_reachset_shadow_w24/runs/ghost_scene72_6bb2154f_d4_shadow/summary.json
records/baseline_runs/ghost_scene72_6bb2154f_d4p5_reachset/summary.json	实验记录/20260612_clean81_baselines_reachset_shadow_w24/runs/ghost_scene72_6bb2154f_d4p5_reachset/summary.json
records/baseline_runs/ghost_scene72_6bb2154f_d4p5_shadow/summary.json	实验记录/20260612_clean81_baselines_reachset_shadow_w24/runs/ghost_scene72_6bb2154f_d4p5_shadow/summary.json
records/baseline_runs/ghost_scene72_6bb2154f_d5_reachset/summary.json	实验记录/20260612_clean81_baselines_reachset_shadow_w24/runs/ghost_scene72_6bb2154f_d5_reachset/summary.json
records/baseline_runs/ghost_scene72_6bb2154f_d5_shadow/summary.json	实验记录/20260612_clean81_baselines_reachset_shadow_w24/runs/ghost_scene72_6bb2154f_d5_shadow/summary.json
records/baseline_runs/ghost_scene72_6bb2154f_d5p5_reachset/summary.json	实验记录/20260612_clean81_baselines_reachset_shadow_w24/runs/ghost_scene72_6bb2154f_d5p5_reachset/summary.json
records/baseline_runs/ghost_scene72_6bb2154f_d5p5_shadow/summary.json	实验记录/20260612_clean81_baselines_reachset_shadow_w24/runs/ghost_scene72_6bb2154f_d5p5_shadow/summary.json
records/baseline_runs/ghost_scene73_d4030c16_d3_reachset/summary.json	实验记录/20260612_clean81_baselines_reachset_shadow_w24/runs/ghost_scene73_d4030c16_d3_reachset/summary.json
records/baseline_runs/ghost_scene73_d4030c16_d3_shadow/summary.json	实验记录/20260612_clean81_baselines_reachset_shadow_w24/runs/ghost_scene73_d4030c16_d3_shadow/summary.json
records/baseline_runs/ghost_scene73_d4030c16_d3p5_reachset/summary.json	实验记录/20260612_clean81_baselines_reachset_shadow_w24/runs/ghost_scene73_d4030c16_d3p5_reachset/summary.json
records/baseline_runs/ghost_scene73_d4030c16_d3p5_shadow/summary.json	实验记录/20260612_clean81_baselines_reachset_shadow_w24/runs/ghost_scene73_d4030c16_d3p5_shadow/summary.json
records/baseline_runs/ghost_scene73_d4030c16_d4_reachset/summary.json	实验记录/20260612_clean81_baselines_reachset_shadow_w24/runs/ghost_scene73_d4030c16_d4_reachset/summary.json
records/baseline_runs/ghost_scene73_d4030c16_d4_shadow/summary.json	实验记录/20260612_clean81_baselines_reachset_shadow_w24/runs/ghost_scene73_d4030c16_d4_shadow/summary.json
records/baseline_runs/ghost_scene73_d4030c16_d4p5_reachset/summary.json	实验记录/20260612_clean81_baselines_reachset_shadow_w24/runs/ghost_scene73_d4030c16_d4p5_reachset/summary.json
records/baseline_runs/ghost_scene73_d4030c16_d4p5_shadow/summary.json	实验记录/20260612_clean81_baselines_reachset_shadow_w24/runs/ghost_scene73_d4030c16_d4p5_shadow/summary.json
records/baseline_runs/ghost_scene73_d4030c16_d5_reachset/summary.json	实验记录/20260612_clean81_baselines_reachset_shadow_w24/runs/ghost_scene73_d4030c16_d5_reachset/summary.json
records/baseline_runs/ghost_scene73_d4030c16_d5_shadow/summary.json	实验记录/20260612_clean81_baselines_reachset_shadow_w24/runs/ghost_scene73_d4030c16_d5_shadow/summary.json
records/baseline_runs/ghost_scene73_d4030c16_d5p5_reachset/summary.json	实验记录/20260612_clean81_baselines_reachset_shadow_w24/runs/ghost_scene73_d4030c16_d5p5_reachset/summary.json
records/baseline_runs/ghost_scene73_d4030c16_d5p5_shadow/summary.json	实验记录/20260612_clean81_baselines_reachset_shadow_w24/runs/ghost_scene73_d4030c16_d5p5_shadow/summary.json
records/baseline_runs/ghost_scene74_758f7517_d3_reachset/summary.json	实验记录/20260612_clean81_baselines_reachset_shadow_w24/runs/ghost_scene74_758f7517_d3_reachset/summary.json
records/baseline_runs/ghost_scene74_758f7517_d3_shadow/summary.json	实验记录/20260612_clean81_baselines_reachset_shadow_w24/runs/ghost_scene74_758f7517_d3_shadow/summary.json
records/baseline_runs/ghost_scene74_758f7517_d3p5_reachset/summary.json	实验记录/20260612_clean81_baselines_reachset_shadow_w24/runs/ghost_scene74_758f7517_d3p5_reachset/summary.json
records/baseline_runs/ghost_scene74_758f7517_d3p5_shadow/summary.json	实验记录/20260612_clean81_baselines_reachset_shadow_w24/runs/ghost_scene74_758f7517_d3p5_shadow/summary.json
records/baseline_runs/ghost_scene74_758f7517_d4_reachset/summary.json	实验记录/20260612_clean81_baselines_reachset_shadow_w24/runs/ghost_scene74_758f7517_d4_reachset/summary.json
records/baseline_runs/ghost_scene74_758f7517_d4_shadow/summary.json	实验记录/20260612_clean81_baselines_reachset_shadow_w24/runs/ghost_scene74_758f7517_d4_shadow/summary.json
records/baseline_runs/ghost_scene74_758f7517_d4p5_reachset/summary.json	实验记录/20260612_clean81_baselines_reachset_shadow_w24/runs/ghost_scene74_758f7517_d4p5_reachset/summary.json
records/baseline_runs/ghost_scene74_758f7517_d4p5_shadow/summary.json	实验记录/20260612_clean81_baselines_reachset_shadow_w24/runs/ghost_scene74_758f7517_d4p5_shadow/summary.json
records/baseline_runs/ghost_scene74_758f7517_d5_reachset/summary.json	实验记录/20260612_clean81_baselines_reachset_shadow_w24/runs/ghost_scene74_758f7517_d5_reachset/summary.json
records/baseline_runs/ghost_scene74_758f7517_d5_shadow/summary.json	实验记录/20260612_clean81_baselines_reachset_shadow_w24/runs/ghost_scene74_758f7517_d5_shadow/summary.json
records/baseline_runs/ghost_scene74_758f7517_d5p5_reachset/summary.json	实验记录/20260612_clean81_baselines_reachset_shadow_w24/runs/ghost_scene74_758f7517_d5p5_reachset/summary.json
records/baseline_runs/ghost_scene74_758f7517_d5p5_shadow/summary.json	实验记录/20260612_clean81_baselines_reachset_shadow_w24/runs/ghost_scene74_758f7517_d5p5_shadow/summary.json
records/baseline_runs/ghost_scene75_8195475c_d3_reachset/summary.json	实验记录/20260612_clean81_baselines_reachset_shadow_w24/runs/ghost_scene75_8195475c_d3_reachset/summary.json
records/baseline_runs/ghost_scene75_8195475c_d3_shadow/summary.json	实验记录/20260612_clean81_baselines_reachset_shadow_w24/runs/ghost_scene75_8195475c_d3_shadow/summary.json
records/baseline_runs/ghost_scene75_8195475c_d3p5_reachset/summary.json	实验记录/20260612_clean81_baselines_reachset_shadow_w24/runs/ghost_scene75_8195475c_d3p5_reachset/summary.json
records/baseline_runs/ghost_scene75_8195475c_d3p5_shadow/summary.json	实验记录/20260612_clean81_baselines_reachset_shadow_w24/runs/ghost_scene75_8195475c_d3p5_shadow/summary.json
records/baseline_runs/ghost_scene75_8195475c_d4_reachset/summary.json	实验记录/20260612_clean81_baselines_reachset_shadow_w24/runs/ghost_scene75_8195475c_d4_reachset/summary.json
records/baseline_runs/ghost_scene75_8195475c_d4_shadow/summary.json	实验记录/20260612_clean81_baselines_reachset_shadow_w24/runs/ghost_scene75_8195475c_d4_shadow/summary.json
records/baseline_runs/ghost_scene75_8195475c_d4p5_reachset/summary.json	实验记录/20260612_clean81_baselines_reachset_shadow_w24/runs/ghost_scene75_8195475c_d4p5_reachset/summary.json
records/baseline_runs/ghost_scene75_8195475c_d4p5_shadow/summary.json	实验记录/20260612_clean81_baselines_reachset_shadow_w24/runs/ghost_scene75_8195475c_d4p5_shadow/summary.json
records/baseline_runs/ghost_scene75_8195475c_d5_reachset/summary.json	实验记录/20260612_clean81_baselines_reachset_shadow_w24/runs/ghost_scene75_8195475c_d5_reachset/summary.json
records/baseline_runs/ghost_scene75_8195475c_d5_shadow/summary.json	实验记录/20260612_clean81_baselines_reachset_shadow_w24/runs/ghost_scene75_8195475c_d5_shadow/summary.json
records/baseline_runs/ghost_scene75_8195475c_d5p5_reachset/summary.json	实验记录/20260612_clean81_baselines_reachset_shadow_w24/runs/ghost_scene75_8195475c_d5p5_reachset/summary.json
records/baseline_runs/ghost_scene75_8195475c_d5p5_shadow/summary.json	实验记录/20260612_clean81_baselines_reachset_shadow_w24/runs/ghost_scene75_8195475c_d5p5_shadow/summary.json
records/baseline_runs/ghost_scene76_9658c5ea_d3_reachset/summary.json	实验记录/20260612_clean81_baselines_reachset_shadow_w24/runs/ghost_scene76_9658c5ea_d3_reachset/summary.json
records/baseline_runs/ghost_scene76_9658c5ea_d3_shadow/summary.json	实验记录/20260612_clean81_baselines_reachset_shadow_w24/runs/ghost_scene76_9658c5ea_d3_shadow/summary.json
records/baseline_runs/ghost_scene76_9658c5ea_d3p5_reachset/summary.json	实验记录/20260612_clean81_baselines_reachset_shadow_w24/runs/ghost_scene76_9658c5ea_d3p5_reachset/summary.json
records/baseline_runs/ghost_scene76_9658c5ea_d3p5_shadow/summary.json	实验记录/20260612_clean81_baselines_reachset_shadow_w24/runs/ghost_scene76_9658c5ea_d3p5_shadow/summary.json
records/baseline_runs/ghost_scene76_9658c5ea_d4_reachset/summary.json	实验记录/20260612_clean81_baselines_reachset_shadow_w24/runs/ghost_scene76_9658c5ea_d4_reachset/summary.json
records/baseline_runs/ghost_scene76_9658c5ea_d4_shadow/summary.json	实验记录/20260612_clean81_baselines_reachset_shadow_w24/runs/ghost_scene76_9658c5ea_d4_shadow/summary.json
records/baseline_runs/ghost_scene76_9658c5ea_d4p5_reachset/summary.json	实验记录/20260612_clean81_baselines_reachset_shadow_w24/runs/ghost_scene76_9658c5ea_d4p5_reachset/summary.json
records/baseline_runs/ghost_scene76_9658c5ea_d4p5_shadow/summary.json	实验记录/20260612_clean81_baselines_reachset_shadow_w24/runs/ghost_scene76_9658c5ea_d4p5_shadow/summary.json
records/baseline_runs/ghost_scene76_9658c5ea_d5_reachset/summary.json	实验记录/20260612_clean81_baselines_reachset_shadow_w24/runs/ghost_scene76_9658c5ea_d5_reachset/summary.json
records/baseline_runs/ghost_scene76_9658c5ea_d5_shadow/summary.json	实验记录/20260612_clean81_baselines_reachset_shadow_w24/runs/ghost_scene76_9658c5ea_d5_shadow/summary.json
records/baseline_runs/ghost_scene76_9658c5ea_d5p5_reachset/summary.json	实验记录/20260612_clean81_baselines_reachset_shadow_w24/runs/ghost_scene76_9658c5ea_d5p5_reachset/summary.json
records/baseline_runs/ghost_scene76_9658c5ea_d5p5_shadow/summary.json	实验记录/20260612_clean81_baselines_reachset_shadow_w24/runs/ghost_scene76_9658c5ea_d5p5_shadow/summary.json
records/baseline_runs/ghost_scene77_61f018bc_d3_reachset/summary.json	实验记录/20260612_clean81_baselines_reachset_shadow_w24/runs/ghost_scene77_61f018bc_d3_reachset/summary.json
records/baseline_runs/ghost_scene77_61f018bc_d3_shadow/summary.json	实验记录/20260612_clean81_baselines_reachset_shadow_w24/runs/ghost_scene77_61f018bc_d3_shadow/summary.json
records/baseline_runs/ghost_scene77_61f018bc_d3p5_reachset/summary.json	实验记录/20260612_clean81_baselines_reachset_shadow_w24/runs/ghost_scene77_61f018bc_d3p5_reachset/summary.json
records/baseline_runs/ghost_scene77_61f018bc_d3p5_shadow/summary.json	实验记录/20260612_clean81_baselines_reachset_shadow_w24/runs/ghost_scene77_61f018bc_d3p5_shadow/summary.json
records/baseline_runs/ghost_scene77_61f018bc_d4_reachset/summary.json	实验记录/20260612_clean81_baselines_reachset_shadow_w24/runs/ghost_scene77_61f018bc_d4_reachset/summary.json
records/baseline_runs/ghost_scene77_61f018bc_d4_shadow/summary.json	实验记录/20260612_clean81_baselines_reachset_shadow_w24/runs/ghost_scene77_61f018bc_d4_shadow/summary.json
records/baseline_runs/ghost_scene77_61f018bc_d4p5_reachset/summary.json	实验记录/20260612_clean81_baselines_reachset_shadow_w24/runs/ghost_scene77_61f018bc_d4p5_reachset/summary.json
records/baseline_runs/ghost_scene77_61f018bc_d4p5_shadow/summary.json	实验记录/20260612_clean81_baselines_reachset_shadow_w24/runs/ghost_scene77_61f018bc_d4p5_shadow/summary.json
records/baseline_runs/ghost_scene77_61f018bc_d5_reachset/summary.json	实验记录/20260612_clean81_baselines_reachset_shadow_w24/runs/ghost_scene77_61f018bc_d5_reachset/summary.json
records/baseline_runs/ghost_scene77_61f018bc_d5_shadow/summary.json	实验记录/20260612_clean81_baselines_reachset_shadow_w24/runs/ghost_scene77_61f018bc_d5_shadow/summary.json
records/baseline_runs/ghost_scene77_61f018bc_d5p5_reachset/summary.json	实验记录/20260612_clean81_baselines_reachset_shadow_w24/runs/ghost_scene77_61f018bc_d5p5_reachset/summary.json
records/baseline_runs/ghost_scene77_61f018bc_d5p5_shadow/summary.json	实验记录/20260612_clean81_baselines_reachset_shadow_w24/runs/ghost_scene77_61f018bc_d5p5_shadow/summary.json
records/baseline_runs/ghost_scene78_91b87407_d3_reachset/summary.json	实验记录/20260612_clean81_baselines_reachset_shadow_w24/runs/ghost_scene78_91b87407_d3_reachset/summary.json
records/baseline_runs/ghost_scene78_91b87407_d3_shadow/summary.json	实验记录/20260612_clean81_baselines_reachset_shadow_w24/runs/ghost_scene78_91b87407_d3_shadow/summary.json
records/baseline_runs/ghost_scene78_91b87407_d3p5_reachset/summary.json	实验记录/20260612_clean81_baselines_reachset_shadow_w24/runs/ghost_scene78_91b87407_d3p5_reachset/summary.json
records/baseline_runs/ghost_scene78_91b87407_d3p5_shadow/summary.json	实验记录/20260612_clean81_baselines_reachset_shadow_w24/runs/ghost_scene78_91b87407_d3p5_shadow/summary.json
records/baseline_runs/ghost_scene78_91b87407_d4_reachset/summary.json	实验记录/20260612_clean81_baselines_reachset_shadow_w24/runs/ghost_scene78_91b87407_d4_reachset/summary.json
records/baseline_runs/ghost_scene78_91b87407_d4_shadow/summary.json	实验记录/20260612_clean81_baselines_reachset_shadow_w24/runs/ghost_scene78_91b87407_d4_shadow/summary.json
records/baseline_runs/ghost_scene78_91b87407_d4p5_reachset/summary.json	实验记录/20260612_clean81_baselines_reachset_shadow_w24/runs/ghost_scene78_91b87407_d4p5_reachset/summary.json
records/baseline_runs/ghost_scene78_91b87407_d4p5_shadow/summary.json	实验记录/20260612_clean81_baselines_reachset_shadow_w24/runs/ghost_scene78_91b87407_d4p5_shadow/summary.json
records/baseline_runs/ghost_scene78_91b87407_d5_reachset/summary.json	实验记录/20260612_clean81_baselines_reachset_shadow_w24/runs/ghost_scene78_91b87407_d5_reachset/summary.json
records/baseline_runs/ghost_scene78_91b87407_d5_shadow/summary.json	实验记录/20260612_clean81_baselines_reachset_shadow_w24/runs/ghost_scene78_91b87407_d5_shadow/summary.json
records/baseline_runs/ghost_scene78_91b87407_d5p5_reachset/summary.json	实验记录/20260612_clean81_baselines_reachset_shadow_w24/runs/ghost_scene78_91b87407_d5p5_reachset/summary.json
records/baseline_runs/ghost_scene78_91b87407_d5p5_shadow/summary.json	实验记录/20260612_clean81_baselines_reachset_shadow_w24/runs/ghost_scene78_91b87407_d5p5_shadow/summary.json
records/baseline_runs/ghost_scene79_8e76ea99_d3_reachset/summary.json	实验记录/20260612_clean81_baselines_reachset_shadow_w24/runs/ghost_scene79_8e76ea99_d3_reachset/summary.json
records/baseline_runs/ghost_scene79_8e76ea99_d3_shadow/summary.json	实验记录/20260612_clean81_baselines_reachset_shadow_w24/runs/ghost_scene79_8e76ea99_d3_shadow/summary.json
records/baseline_runs/ghost_scene79_8e76ea99_d3p5_reachset/summary.json	实验记录/20260612_clean81_baselines_reachset_shadow_w24/runs/ghost_scene79_8e76ea99_d3p5_reachset/summary.json
records/baseline_runs/ghost_scene79_8e76ea99_d3p5_shadow/summary.json	实验记录/20260612_clean81_baselines_reachset_shadow_w24/runs/ghost_scene79_8e76ea99_d3p5_shadow/summary.json
records/baseline_runs/ghost_scene79_8e76ea99_d4_reachset/summary.json	实验记录/20260612_clean81_baselines_reachset_shadow_w24/runs/ghost_scene79_8e76ea99_d4_reachset/summary.json
records/baseline_runs/ghost_scene79_8e76ea99_d4_shadow/summary.json	实验记录/20260612_clean81_baselines_reachset_shadow_w24/runs/ghost_scene79_8e76ea99_d4_shadow/summary.json
records/baseline_runs/ghost_scene79_8e76ea99_d4p5_reachset/summary.json	实验记录/20260612_clean81_baselines_reachset_shadow_w24/runs/ghost_scene79_8e76ea99_d4p5_reachset/summary.json
records/baseline_runs/ghost_scene79_8e76ea99_d4p5_shadow/summary.json	实验记录/20260612_clean81_baselines_reachset_shadow_w24/runs/ghost_scene79_8e76ea99_d4p5_shadow/summary.json
records/baseline_runs/ghost_scene79_8e76ea99_d5_reachset/summary.json	实验记录/20260612_clean81_baselines_reachset_shadow_w24/runs/ghost_scene79_8e76ea99_d5_reachset/summary.json
records/baseline_runs/ghost_scene79_8e76ea99_d5_shadow/summary.json	实验记录/20260612_clean81_baselines_reachset_shadow_w24/runs/ghost_scene79_8e76ea99_d5_shadow/summary.json
records/baseline_runs/ghost_scene79_8e76ea99_d5p5_reachset/summary.json	实验记录/20260612_clean81_baselines_reachset_shadow_w24/runs/ghost_scene79_8e76ea99_d5p5_reachset/summary.json
records/baseline_runs/ghost_scene79_8e76ea99_d5p5_shadow/summary.json	实验记录/20260612_clean81_baselines_reachset_shadow_w24/runs/ghost_scene79_8e76ea99_d5p5_shadow/summary.json
records/baseline_runs/ghost_scene80_de079416_d3_reachset/summary.json	实验记录/20260612_clean81_baselines_reachset_shadow_w24/runs/ghost_scene80_de079416_d3_reachset/summary.json
records/baseline_runs/ghost_scene80_de079416_d3_shadow/summary.json	实验记录/20260612_clean81_baselines_reachset_shadow_w24/runs/ghost_scene80_de079416_d3_shadow/summary.json
records/baseline_runs/ghost_scene80_de079416_d3p5_reachset/summary.json	实验记录/20260612_clean81_baselines_reachset_shadow_w24/runs/ghost_scene80_de079416_d3p5_reachset/summary.json
records/baseline_runs/ghost_scene80_de079416_d3p5_shadow/summary.json	实验记录/20260612_clean81_baselines_reachset_shadow_w24/runs/ghost_scene80_de079416_d3p5_shadow/summary.json
records/baseline_runs/ghost_scene80_de079416_d4_reachset/summary.json	实验记录/20260612_clean81_baselines_reachset_shadow_w24/runs/ghost_scene80_de079416_d4_reachset/summary.json
records/baseline_runs/ghost_scene80_de079416_d4_shadow/summary.json	实验记录/20260612_clean81_baselines_reachset_shadow_w24/runs/ghost_scene80_de079416_d4_shadow/summary.json
records/baseline_runs/ghost_scene80_de079416_d4p5_reachset/summary.json	实验记录/20260612_clean81_baselines_reachset_shadow_w24/runs/ghost_scene80_de079416_d4p5_reachset/summary.json
records/baseline_runs/ghost_scene80_de079416_d4p5_shadow/summary.json	实验记录/20260612_clean81_baselines_reachset_shadow_w24/runs/ghost_scene80_de079416_d4p5_shadow/summary.json
records/baseline_runs/ghost_scene80_de079416_d5_reachset/summary.json	实验记录/20260612_clean81_baselines_reachset_shadow_w24/runs/ghost_scene80_de079416_d5_reachset/summary.json
records/baseline_runs/ghost_scene80_de079416_d5_shadow/summary.json	实验记录/20260612_clean81_baselines_reachset_shadow_w24/runs/ghost_scene80_de079416_d5_shadow/summary.json
records/baseline_runs/ghost_scene80_de079416_d5p5_reachset/summary.json	实验记录/20260612_clean81_baselines_reachset_shadow_w24/runs/ghost_scene80_de079416_d5p5_reachset/summary.json
records/baseline_runs/ghost_scene80_de079416_d5p5_shadow/summary.json	实验记录/20260612_clean81_baselines_reachset_shadow_w24/runs/ghost_scene80_de079416_d5p5_shadow/summary.json
records/baseline_runs/ghost_scene81_851786ad_d3_reachset/summary.json	实验记录/20260612_clean81_baselines_reachset_shadow_w24/runs/ghost_scene81_851786ad_d3_reachset/summary.json
records/baseline_runs/ghost_scene81_851786ad_d3_shadow/summary.json	实验记录/20260612_clean81_baselines_reachset_shadow_w24/runs/ghost_scene81_851786ad_d3_shadow/summary.json
records/baseline_runs/ghost_scene81_851786ad_d3p5_reachset/summary.json	实验记录/20260612_clean81_baselines_reachset_shadow_w24/runs/ghost_scene81_851786ad_d3p5_reachset/summary.json
records/baseline_runs/ghost_scene81_851786ad_d3p5_shadow/summary.json	实验记录/20260612_clean81_baselines_reachset_shadow_w24/runs/ghost_scene81_851786ad_d3p5_shadow/summary.json
records/baseline_runs/ghost_scene81_851786ad_d4_reachset/summary.json	实验记录/20260612_clean81_baselines_reachset_shadow_w24/runs/ghost_scene81_851786ad_d4_reachset/summary.json
records/baseline_runs/ghost_scene81_851786ad_d4_shadow/summary.json	实验记录/20260612_clean81_baselines_reachset_shadow_w24/runs/ghost_scene81_851786ad_d4_shadow/summary.json
records/baseline_runs/ghost_scene81_851786ad_d4p5_reachset/summary.json	实验记录/20260612_clean81_baselines_reachset_shadow_w24/runs/ghost_scene81_851786ad_d4p5_reachset/summary.json
records/baseline_runs/ghost_scene81_851786ad_d4p5_shadow/summary.json	实验记录/20260612_clean81_baselines_reachset_shadow_w24/runs/ghost_scene81_851786ad_d4p5_shadow/summary.json
records/baseline_runs/ghost_scene81_851786ad_d5_reachset/summary.json	实验记录/20260612_clean81_baselines_reachset_shadow_w24/runs/ghost_scene81_851786ad_d5_reachset/summary.json
records/baseline_runs/ghost_scene81_851786ad_d5_shadow/summary.json	实验记录/20260612_clean81_baselines_reachset_shadow_w24/runs/ghost_scene81_851786ad_d5_shadow/summary.json
records/baseline_runs/ghost_scene81_851786ad_d5p5_reachset/summary.json	实验记录/20260612_clean81_baselines_reachset_shadow_w24/runs/ghost_scene81_851786ad_d5p5_reachset/summary.json
records/baseline_runs/ghost_scene81_851786ad_d5p5_shadow/summary.json	实验记录/20260612_clean81_baselines_reachset_shadow_w24/runs/ghost_scene81_851786ad_d5p5_shadow/summary.json
records/baseline_runs/noghost_scene01_f4eaa49a_reachset/summary.json	实验记录/20260612_clean81_baselines_reachset_shadow_w24/runs/noghost_scene01_f4eaa49a_reachset/summary.json
records/baseline_runs/noghost_scene01_f4eaa49a_shadow/summary.json	实验记录/20260612_clean81_baselines_reachset_shadow_w24/runs/noghost_scene01_f4eaa49a_shadow/summary.json
records/baseline_runs/noghost_scene02_5c7f8c2a_reachset/summary.json	实验记录/20260612_clean81_baselines_reachset_shadow_w24/runs/noghost_scene02_5c7f8c2a_reachset/summary.json
records/baseline_runs/noghost_scene02_5c7f8c2a_shadow/summary.json	实验记录/20260612_clean81_baselines_reachset_shadow_w24/runs/noghost_scene02_5c7f8c2a_shadow/summary.json
records/baseline_runs/noghost_scene03_beac9976_reachset/summary.json	实验记录/20260612_clean81_baselines_reachset_shadow_w24/runs/noghost_scene03_beac9976_reachset/summary.json
records/baseline_runs/noghost_scene03_beac9976_shadow/summary.json	实验记录/20260612_clean81_baselines_reachset_shadow_w24/runs/noghost_scene03_beac9976_shadow/summary.json
records/baseline_runs/noghost_scene04_34222e09_reachset/summary.json	实验记录/20260612_clean81_baselines_reachset_shadow_w24/runs/noghost_scene04_34222e09_reachset/summary.json
records/baseline_runs/noghost_scene04_34222e09_shadow/summary.json	实验记录/20260612_clean81_baselines_reachset_shadow_w24/runs/noghost_scene04_34222e09_shadow/summary.json
records/baseline_runs/noghost_scene05_074d4f6b_reachset/summary.json	实验记录/20260612_clean81_baselines_reachset_shadow_w24/runs/noghost_scene05_074d4f6b_reachset/summary.json
records/baseline_runs/noghost_scene05_074d4f6b_shadow/summary.json	实验记录/20260612_clean81_baselines_reachset_shadow_w24/runs/noghost_scene05_074d4f6b_shadow/summary.json
records/baseline_runs/noghost_scene06_c4dccd80_reachset/summary.json	实验记录/20260612_clean81_baselines_reachset_shadow_w24/runs/noghost_scene06_c4dccd80_reachset/summary.json
records/baseline_runs/noghost_scene06_c4dccd80_shadow/summary.json	实验记录/20260612_clean81_baselines_reachset_shadow_w24/runs/noghost_scene06_c4dccd80_shadow/summary.json
records/baseline_runs/noghost_scene07_50b08823_reachset/summary.json	实验记录/20260612_clean81_baselines_reachset_shadow_w24/runs/noghost_scene07_50b08823_reachset/summary.json
records/baseline_runs/noghost_scene07_50b08823_shadow/summary.json	实验记录/20260612_clean81_baselines_reachset_shadow_w24/runs/noghost_scene07_50b08823_shadow/summary.json
records/baseline_runs/noghost_scene08_63911c23_reachset/summary.json	实验记录/20260612_clean81_baselines_reachset_shadow_w24/runs/noghost_scene08_63911c23_reachset/summary.json
records/baseline_runs/noghost_scene08_63911c23_shadow/summary.json	实验记录/20260612_clean81_baselines_reachset_shadow_w24/runs/noghost_scene08_63911c23_shadow/summary.json
records/baseline_runs/noghost_scene09_9a0ab3f9_reachset/summary.json	实验记录/20260612_clean81_baselines_reachset_shadow_w24/runs/noghost_scene09_9a0ab3f9_reachset/summary.json
records/baseline_runs/noghost_scene09_9a0ab3f9_shadow/summary.json	实验记录/20260612_clean81_baselines_reachset_shadow_w24/runs/noghost_scene09_9a0ab3f9_shadow/summary.json
records/baseline_runs/noghost_scene10_6e7a829c_reachset/summary.json	实验记录/20260612_clean81_baselines_reachset_shadow_w24/runs/noghost_scene10_6e7a829c_reachset/summary.json
records/baseline_runs/noghost_scene10_6e7a829c_shadow/summary.json	实验记录/20260612_clean81_baselines_reachset_shadow_w24/runs/noghost_scene10_6e7a829c_shadow/summary.json
records/baseline_runs/noghost_scene11_ab97bc44_reachset/summary.json	实验记录/20260612_clean81_baselines_reachset_shadow_w24/runs/noghost_scene11_ab97bc44_reachset/summary.json
records/baseline_runs/noghost_scene11_ab97bc44_shadow/summary.json	实验记录/20260612_clean81_baselines_reachset_shadow_w24/runs/noghost_scene11_ab97bc44_shadow/summary.json
records/baseline_runs/noghost_scene12_e8a81b3c_reachset/summary.json	实验记录/20260612_clean81_baselines_reachset_shadow_w24/runs/noghost_scene12_e8a81b3c_reachset/summary.json
records/baseline_runs/noghost_scene12_e8a81b3c_shadow/summary.json	实验记录/20260612_clean81_baselines_reachset_shadow_w24/runs/noghost_scene12_e8a81b3c_shadow/summary.json
records/baseline_runs/noghost_scene13_f8e2ad51_reachset/summary.json	实验记录/20260612_clean81_baselines_reachset_shadow_w24/runs/noghost_scene13_f8e2ad51_reachset/summary.json
records/baseline_runs/noghost_scene13_f8e2ad51_shadow/summary.json	实验记录/20260612_clean81_baselines_reachset_shadow_w24/runs/noghost_scene13_f8e2ad51_shadow/summary.json
records/baseline_runs/noghost_scene14_2e1a3df9_reachset/summary.json	实验记录/20260612_clean81_baselines_reachset_shadow_w24/runs/noghost_scene14_2e1a3df9_reachset/summary.json
records/baseline_runs/noghost_scene14_2e1a3df9_shadow/summary.json	实验记录/20260612_clean81_baselines_reachset_shadow_w24/runs/noghost_scene14_2e1a3df9_shadow/summary.json
records/baseline_runs/noghost_scene15_e61d64bc_reachset/summary.json	实验记录/20260612_clean81_baselines_reachset_shadow_w24/runs/noghost_scene15_e61d64bc_reachset/summary.json
records/baseline_runs/noghost_scene15_e61d64bc_shadow/summary.json	实验记录/20260612_clean81_baselines_reachset_shadow_w24/runs/noghost_scene15_e61d64bc_shadow/summary.json
records/baseline_runs/noghost_scene16_46b85132_reachset/summary.json	实验记录/20260612_clean81_baselines_reachset_shadow_w24/runs/noghost_scene16_46b85132_reachset/summary.json
records/baseline_runs/noghost_scene16_46b85132_shadow/summary.json	实验记录/20260612_clean81_baselines_reachset_shadow_w24/runs/noghost_scene16_46b85132_shadow/summary.json
records/baseline_runs/noghost_scene17_c4b2ade0_reachset/summary.json	实验记录/20260612_clean81_baselines_reachset_shadow_w24/runs/noghost_scene17_c4b2ade0_reachset/summary.json
records/baseline_runs/noghost_scene17_c4b2ade0_shadow/summary.json	实验记录/20260612_clean81_baselines_reachset_shadow_w24/runs/noghost_scene17_c4b2ade0_shadow/summary.json
records/baseline_runs/noghost_scene18_1a80b89e_reachset/summary.json	实验记录/20260612_clean81_baselines_reachset_shadow_w24/runs/noghost_scene18_1a80b89e_reachset/summary.json
records/baseline_runs/noghost_scene18_1a80b89e_shadow/summary.json	实验记录/20260612_clean81_baselines_reachset_shadow_w24/runs/noghost_scene18_1a80b89e_shadow/summary.json
records/baseline_runs/noghost_scene19_21f32c4e_reachset/summary.json	实验记录/20260612_clean81_baselines_reachset_shadow_w24/runs/noghost_scene19_21f32c4e_reachset/summary.json
records/baseline_runs/noghost_scene19_21f32c4e_shadow/summary.json	实验记录/20260612_clean81_baselines_reachset_shadow_w24/runs/noghost_scene19_21f32c4e_shadow/summary.json
records/baseline_runs/noghost_scene20_8d42329f_reachset/summary.json	实验记录/20260612_clean81_baselines_reachset_shadow_w24/runs/noghost_scene20_8d42329f_reachset/summary.json
records/baseline_runs/noghost_scene20_8d42329f_shadow/summary.json	实验记录/20260612_clean81_baselines_reachset_shadow_w24/runs/noghost_scene20_8d42329f_shadow/summary.json
records/baseline_runs/noghost_scene21_8fafec4a_reachset/summary.json	实验记录/20260612_clean81_baselines_reachset_shadow_w24/runs/noghost_scene21_8fafec4a_reachset/summary.json
records/baseline_runs/noghost_scene21_8fafec4a_shadow/summary.json	实验记录/20260612_clean81_baselines_reachset_shadow_w24/runs/noghost_scene21_8fafec4a_shadow/summary.json
records/baseline_runs/noghost_scene22_03b53590_reachset/summary.json	实验记录/20260612_clean81_baselines_reachset_shadow_w24/runs/noghost_scene22_03b53590_reachset/summary.json
records/baseline_runs/noghost_scene22_03b53590_shadow/summary.json	实验记录/20260612_clean81_baselines_reachset_shadow_w24/runs/noghost_scene22_03b53590_shadow/summary.json
records/baseline_runs/noghost_scene23_8383a344_reachset/summary.json	实验记录/20260612_clean81_baselines_reachset_shadow_w24/runs/noghost_scene23_8383a344_reachset/summary.json
records/baseline_runs/noghost_scene23_8383a344_shadow/summary.json	实验记录/20260612_clean81_baselines_reachset_shadow_w24/runs/noghost_scene23_8383a344_shadow/summary.json
records/baseline_runs/noghost_scene24_d5bc58f5_reachset/summary.json	实验记录/20260612_clean81_baselines_reachset_shadow_w24/runs/noghost_scene24_d5bc58f5_reachset/summary.json
records/baseline_runs/noghost_scene24_d5bc58f5_shadow/summary.json	实验记录/20260612_clean81_baselines_reachset_shadow_w24/runs/noghost_scene24_d5bc58f5_shadow/summary.json
records/baseline_runs/noghost_scene25_8c86408d_reachset/summary.json	实验记录/20260612_clean81_baselines_reachset_shadow_w24/runs/noghost_scene25_8c86408d_reachset/summary.json
records/baseline_runs/noghost_scene25_8c86408d_shadow/summary.json	实验记录/20260612_clean81_baselines_reachset_shadow_w24/runs/noghost_scene25_8c86408d_shadow/summary.json
records/baseline_runs/noghost_scene26_89cbb1a0_reachset/summary.json	实验记录/20260612_clean81_baselines_reachset_shadow_w24/runs/noghost_scene26_89cbb1a0_reachset/summary.json
records/baseline_runs/noghost_scene26_89cbb1a0_shadow/summary.json	实验记录/20260612_clean81_baselines_reachset_shadow_w24/runs/noghost_scene26_89cbb1a0_shadow/summary.json
records/baseline_runs/noghost_scene27_867b8cd6_reachset/summary.json	实验记录/20260612_clean81_baselines_reachset_shadow_w24/runs/noghost_scene27_867b8cd6_reachset/summary.json
records/baseline_runs/noghost_scene27_867b8cd6_shadow/summary.json	实验记录/20260612_clean81_baselines_reachset_shadow_w24/runs/noghost_scene27_867b8cd6_shadow/summary.json
records/baseline_runs/noghost_scene28_3dd351e9_reachset/summary.json	实验记录/20260612_clean81_baselines_reachset_shadow_w24/runs/noghost_scene28_3dd351e9_reachset/summary.json
records/baseline_runs/noghost_scene28_3dd351e9_shadow/summary.json	实验记录/20260612_clean81_baselines_reachset_shadow_w24/runs/noghost_scene28_3dd351e9_shadow/summary.json
records/baseline_runs/noghost_scene29_8310e233_reachset/summary.json	实验记录/20260612_clean81_baselines_reachset_shadow_w24/runs/noghost_scene29_8310e233_reachset/summary.json
records/baseline_runs/noghost_scene29_8310e233_shadow/summary.json	实验记录/20260612_clean81_baselines_reachset_shadow_w24/runs/noghost_scene29_8310e233_shadow/summary.json
records/baseline_runs/noghost_scene30_32014e08_reachset/summary.json	实验记录/20260612_clean81_baselines_reachset_shadow_w24/runs/noghost_scene30_32014e08_reachset/summary.json
records/baseline_runs/noghost_scene30_32014e08_shadow/summary.json	实验记录/20260612_clean81_baselines_reachset_shadow_w24/runs/noghost_scene30_32014e08_shadow/summary.json
records/baseline_runs/noghost_scene31_18824800_reachset/summary.json	实验记录/20260612_clean81_baselines_reachset_shadow_w24/runs/noghost_scene31_18824800_reachset/summary.json
records/baseline_runs/noghost_scene31_18824800_shadow/summary.json	实验记录/20260612_clean81_baselines_reachset_shadow_w24/runs/noghost_scene31_18824800_shadow/summary.json
records/baseline_runs/noghost_scene32_e20df268_reachset/summary.json	实验记录/20260612_clean81_baselines_reachset_shadow_w24/runs/noghost_scene32_e20df268_reachset/summary.json
records/baseline_runs/noghost_scene32_e20df268_shadow/summary.json	实验记录/20260612_clean81_baselines_reachset_shadow_w24/runs/noghost_scene32_e20df268_shadow/summary.json
records/baseline_runs/noghost_scene33_3856ed37_reachset/summary.json	实验记录/20260612_clean81_baselines_reachset_shadow_w24/runs/noghost_scene33_3856ed37_reachset/summary.json
records/baseline_runs/noghost_scene33_3856ed37_shadow/summary.json	实验记录/20260612_clean81_baselines_reachset_shadow_w24/runs/noghost_scene33_3856ed37_shadow/summary.json
records/baseline_runs/noghost_scene34_f558c81c_reachset/summary.json	实验记录/20260612_clean81_baselines_reachset_shadow_w24/runs/noghost_scene34_f558c81c_reachset/summary.json
records/baseline_runs/noghost_scene34_f558c81c_shadow/summary.json	实验记录/20260612_clean81_baselines_reachset_shadow_w24/runs/noghost_scene34_f558c81c_shadow/summary.json
records/baseline_runs/noghost_scene35_13b0afee_reachset/summary.json	实验记录/20260612_clean81_baselines_reachset_shadow_w24/runs/noghost_scene35_13b0afee_reachset/summary.json
records/baseline_runs/noghost_scene35_13b0afee_shadow/summary.json	实验记录/20260612_clean81_baselines_reachset_shadow_w24/runs/noghost_scene35_13b0afee_shadow/summary.json
records/baseline_runs/noghost_scene36_2dd9de23_reachset/summary.json	实验记录/20260612_clean81_baselines_reachset_shadow_w24/runs/noghost_scene36_2dd9de23_reachset/summary.json
records/baseline_runs/noghost_scene36_2dd9de23_shadow/summary.json	实验记录/20260612_clean81_baselines_reachset_shadow_w24/runs/noghost_scene36_2dd9de23_shadow/summary.json
records/baseline_runs/noghost_scene37_667102df_reachset/summary.json	实验记录/20260612_clean81_baselines_reachset_shadow_w24/runs/noghost_scene37_667102df_reachset/summary.json
records/baseline_runs/noghost_scene37_667102df_shadow/summary.json	实验记录/20260612_clean81_baselines_reachset_shadow_w24/runs/noghost_scene37_667102df_shadow/summary.json
records/baseline_runs/noghost_scene38_dc8a8524_reachset/summary.json	实验记录/20260612_clean81_baselines_reachset_shadow_w24/runs/noghost_scene38_dc8a8524_reachset/summary.json
records/baseline_runs/noghost_scene38_dc8a8524_shadow/summary.json	实验记录/20260612_clean81_baselines_reachset_shadow_w24/runs/noghost_scene38_dc8a8524_shadow/summary.json
records/baseline_runs/noghost_scene39_6dcf23de_reachset/summary.json	实验记录/20260612_clean81_baselines_reachset_shadow_w24/runs/noghost_scene39_6dcf23de_reachset/summary.json
records/baseline_runs/noghost_scene39_6dcf23de_shadow/summary.json	实验记录/20260612_clean81_baselines_reachset_shadow_w24/runs/noghost_scene39_6dcf23de_shadow/summary.json
records/baseline_runs/noghost_scene40_8dee4ee6_reachset/summary.json	实验记录/20260612_clean81_baselines_reachset_shadow_w24/runs/noghost_scene40_8dee4ee6_reachset/summary.json
records/baseline_runs/noghost_scene40_8dee4ee6_shadow/summary.json	实验记录/20260612_clean81_baselines_reachset_shadow_w24/runs/noghost_scene40_8dee4ee6_shadow/summary.json
records/baseline_runs/noghost_scene41_530fc285_reachset/summary.json	实验记录/20260612_clean81_baselines_reachset_shadow_w24/runs/noghost_scene41_530fc285_reachset/summary.json
records/baseline_runs/noghost_scene41_530fc285_shadow/summary.json	实验记录/20260612_clean81_baselines_reachset_shadow_w24/runs/noghost_scene41_530fc285_shadow/summary.json
records/baseline_runs/noghost_scene42_409dcc51_reachset/summary.json	实验记录/20260612_clean81_baselines_reachset_shadow_w24/runs/noghost_scene42_409dcc51_reachset/summary.json
records/baseline_runs/noghost_scene42_409dcc51_shadow/summary.json	实验记录/20260612_clean81_baselines_reachset_shadow_w24/runs/noghost_scene42_409dcc51_shadow/summary.json
records/baseline_runs/noghost_scene43_d1e7cd82_reachset/summary.json	实验记录/20260612_clean81_baselines_reachset_shadow_w24/runs/noghost_scene43_d1e7cd82_reachset/summary.json
records/baseline_runs/noghost_scene43_d1e7cd82_shadow/summary.json	实验记录/20260612_clean81_baselines_reachset_shadow_w24/runs/noghost_scene43_d1e7cd82_shadow/summary.json
records/baseline_runs/noghost_scene44_4d8966d3_reachset/summary.json	实验记录/20260612_clean81_baselines_reachset_shadow_w24/runs/noghost_scene44_4d8966d3_reachset/summary.json
records/baseline_runs/noghost_scene44_4d8966d3_shadow/summary.json	实验记录/20260612_clean81_baselines_reachset_shadow_w24/runs/noghost_scene44_4d8966d3_shadow/summary.json
records/baseline_runs/noghost_scene45_63d6281f_reachset/summary.json	实验记录/20260612_clean81_baselines_reachset_shadow_w24/runs/noghost_scene45_63d6281f_reachset/summary.json
records/baseline_runs/noghost_scene45_63d6281f_shadow/summary.json	实验记录/20260612_clean81_baselines_reachset_shadow_w24/runs/noghost_scene45_63d6281f_shadow/summary.json
records/baseline_runs/noghost_scene46_53a4d867_reachset/summary.json	实验记录/20260612_clean81_baselines_reachset_shadow_w24/runs/noghost_scene46_53a4d867_reachset/summary.json
records/baseline_runs/noghost_scene46_53a4d867_shadow/summary.json	实验记录/20260612_clean81_baselines_reachset_shadow_w24/runs/noghost_scene46_53a4d867_shadow/summary.json
records/baseline_runs/noghost_scene47_60c4bcda_reachset/summary.json	实验记录/20260612_clean81_baselines_reachset_shadow_w24/runs/noghost_scene47_60c4bcda_reachset/summary.json
records/baseline_runs/noghost_scene47_60c4bcda_shadow/summary.json	实验记录/20260612_clean81_baselines_reachset_shadow_w24/runs/noghost_scene47_60c4bcda_shadow/summary.json
records/baseline_runs/noghost_scene48_4d7bc6d8_reachset/summary.json	实验记录/20260612_clean81_baselines_reachset_shadow_w24/runs/noghost_scene48_4d7bc6d8_reachset/summary.json
records/baseline_runs/noghost_scene48_4d7bc6d8_shadow/summary.json	实验记录/20260612_clean81_baselines_reachset_shadow_w24/runs/noghost_scene48_4d7bc6d8_shadow/summary.json
records/baseline_runs/noghost_scene49_abf2b022_reachset/summary.json	实验记录/20260612_clean81_baselines_reachset_shadow_w24/runs/noghost_scene49_abf2b022_reachset/summary.json
records/baseline_runs/noghost_scene49_abf2b022_shadow/summary.json	实验记录/20260612_clean81_baselines_reachset_shadow_w24/runs/noghost_scene49_abf2b022_shadow/summary.json
records/baseline_runs/noghost_scene50_85bfe163_reachset/summary.json	实验记录/20260612_clean81_baselines_reachset_shadow_w24/runs/noghost_scene50_85bfe163_reachset/summary.json
records/baseline_runs/noghost_scene50_85bfe163_shadow/summary.json	实验记录/20260612_clean81_baselines_reachset_shadow_w24/runs/noghost_scene50_85bfe163_shadow/summary.json
records/baseline_runs/noghost_scene51_825555a9_reachset/summary.json	实验记录/20260612_clean81_baselines_reachset_shadow_w24/runs/noghost_scene51_825555a9_reachset/summary.json
records/baseline_runs/noghost_scene51_825555a9_shadow/summary.json	实验记录/20260612_clean81_baselines_reachset_shadow_w24/runs/noghost_scene51_825555a9_shadow/summary.json
records/baseline_runs/noghost_scene52_fe6347da_reachset/summary.json	实验记录/20260612_clean81_baselines_reachset_shadow_w24/runs/noghost_scene52_fe6347da_reachset/summary.json
records/baseline_runs/noghost_scene52_fe6347da_shadow/summary.json	实验记录/20260612_clean81_baselines_reachset_shadow_w24/runs/noghost_scene52_fe6347da_shadow/summary.json
records/baseline_runs/noghost_scene53_1fcf34b1_reachset/summary.json	实验记录/20260612_clean81_baselines_reachset_shadow_w24/runs/noghost_scene53_1fcf34b1_reachset/summary.json
records/baseline_runs/noghost_scene53_1fcf34b1_shadow/summary.json	实验记录/20260612_clean81_baselines_reachset_shadow_w24/runs/noghost_scene53_1fcf34b1_shadow/summary.json
records/baseline_runs/noghost_scene54_f14a94fd_reachset/summary.json	实验记录/20260612_clean81_baselines_reachset_shadow_w24/runs/noghost_scene54_f14a94fd_reachset/summary.json
records/baseline_runs/noghost_scene54_f14a94fd_shadow/summary.json	实验记录/20260612_clean81_baselines_reachset_shadow_w24/runs/noghost_scene54_f14a94fd_shadow/summary.json
records/baseline_runs/noghost_scene55_a121eb26_reachset/summary.json	实验记录/20260612_clean81_baselines_reachset_shadow_w24/runs/noghost_scene55_a121eb26_reachset/summary.json
records/baseline_runs/noghost_scene55_a121eb26_shadow/summary.json	实验记录/20260612_clean81_baselines_reachset_shadow_w24/runs/noghost_scene55_a121eb26_shadow/summary.json
records/baseline_runs/noghost_scene56_38b1ab16_reachset/summary.json	实验记录/20260612_clean81_baselines_reachset_shadow_w24/runs/noghost_scene56_38b1ab16_reachset/summary.json
records/baseline_runs/noghost_scene56_38b1ab16_shadow/summary.json	实验记录/20260612_clean81_baselines_reachset_shadow_w24/runs/noghost_scene56_38b1ab16_shadow/summary.json
records/baseline_runs/noghost_scene57_bcb702fb_reachset/summary.json	实验记录/20260612_clean81_baselines_reachset_shadow_w24/runs/noghost_scene57_bcb702fb_reachset/summary.json
records/baseline_runs/noghost_scene57_bcb702fb_shadow/summary.json	实验记录/20260612_clean81_baselines_reachset_shadow_w24/runs/noghost_scene57_bcb702fb_shadow/summary.json
records/baseline_runs/noghost_scene58_9a8a8f31_reachset/summary.json	实验记录/20260612_clean81_baselines_reachset_shadow_w24/runs/noghost_scene58_9a8a8f31_reachset/summary.json
records/baseline_runs/noghost_scene58_9a8a8f31_shadow/summary.json	实验记录/20260612_clean81_baselines_reachset_shadow_w24/runs/noghost_scene58_9a8a8f31_shadow/summary.json
records/baseline_runs/noghost_scene59_10db974c_reachset/summary.json	实验记录/20260612_clean81_baselines_reachset_shadow_w24/runs/noghost_scene59_10db974c_reachset/summary.json
records/baseline_runs/noghost_scene59_10db974c_shadow/summary.json	实验记录/20260612_clean81_baselines_reachset_shadow_w24/runs/noghost_scene59_10db974c_shadow/summary.json
records/baseline_runs/noghost_scene60_480c05be_reachset/summary.json	实验记录/20260612_clean81_baselines_reachset_shadow_w24/runs/noghost_scene60_480c05be_reachset/summary.json
records/baseline_runs/noghost_scene60_480c05be_shadow/summary.json	实验记录/20260612_clean81_baselines_reachset_shadow_w24/runs/noghost_scene60_480c05be_shadow/summary.json
records/baseline_runs/noghost_scene61_d567a51c_reachset/summary.json	实验记录/20260612_clean81_baselines_reachset_shadow_w24/runs/noghost_scene61_d567a51c_reachset/summary.json
records/baseline_runs/noghost_scene61_d567a51c_shadow/summary.json	实验记录/20260612_clean81_baselines_reachset_shadow_w24/runs/noghost_scene61_d567a51c_shadow/summary.json
records/baseline_runs/noghost_scene62_16e57601_reachset/summary.json	实验记录/20260612_clean81_baselines_reachset_shadow_w24/runs/noghost_scene62_16e57601_reachset/summary.json
records/baseline_runs/noghost_scene62_16e57601_shadow/summary.json	实验记录/20260612_clean81_baselines_reachset_shadow_w24/runs/noghost_scene62_16e57601_shadow/summary.json
records/baseline_runs/noghost_scene63_1fb98468_reachset/summary.json	实验记录/20260612_clean81_baselines_reachset_shadow_w24/runs/noghost_scene63_1fb98468_reachset/summary.json
records/baseline_runs/noghost_scene63_1fb98468_shadow/summary.json	实验记录/20260612_clean81_baselines_reachset_shadow_w24/runs/noghost_scene63_1fb98468_shadow/summary.json
records/baseline_runs/noghost_scene64_ad8fbb5d_reachset/summary.json	实验记录/20260612_clean81_baselines_reachset_shadow_w24/runs/noghost_scene64_ad8fbb5d_reachset/summary.json
records/baseline_runs/noghost_scene64_ad8fbb5d_shadow/summary.json	实验记录/20260612_clean81_baselines_reachset_shadow_w24/runs/noghost_scene64_ad8fbb5d_shadow/summary.json
records/baseline_runs/noghost_scene65_43da3f31_reachset/summary.json	实验记录/20260612_clean81_baselines_reachset_shadow_w24/runs/noghost_scene65_43da3f31_reachset/summary.json
records/baseline_runs/noghost_scene65_43da3f31_shadow/summary.json	实验记录/20260612_clean81_baselines_reachset_shadow_w24/runs/noghost_scene65_43da3f31_shadow/summary.json
records/baseline_runs/noghost_scene66_342eb101_reachset/summary.json	实验记录/20260612_clean81_baselines_reachset_shadow_w24/runs/noghost_scene66_342eb101_reachset/summary.json
records/baseline_runs/noghost_scene66_342eb101_shadow/summary.json	实验记录/20260612_clean81_baselines_reachset_shadow_w24/runs/noghost_scene66_342eb101_shadow/summary.json
records/baseline_runs/noghost_scene67_560f71bf_reachset/summary.json	实验记录/20260612_clean81_baselines_reachset_shadow_w24/runs/noghost_scene67_560f71bf_reachset/summary.json
records/baseline_runs/noghost_scene67_560f71bf_shadow/summary.json	实验记录/20260612_clean81_baselines_reachset_shadow_w24/runs/noghost_scene67_560f71bf_shadow/summary.json
records/baseline_runs/noghost_scene68_28bdcdc4_reachset/summary.json	实验记录/20260612_clean81_baselines_reachset_shadow_w24/runs/noghost_scene68_28bdcdc4_reachset/summary.json
records/baseline_runs/noghost_scene68_28bdcdc4_shadow/summary.json	实验记录/20260612_clean81_baselines_reachset_shadow_w24/runs/noghost_scene68_28bdcdc4_shadow/summary.json
records/baseline_runs/noghost_scene69_683cfaef_reachset/summary.json	实验记录/20260612_clean81_baselines_reachset_shadow_w24/runs/noghost_scene69_683cfaef_reachset/summary.json
records/baseline_runs/noghost_scene69_683cfaef_shadow/summary.json	实验记录/20260612_clean81_baselines_reachset_shadow_w24/runs/noghost_scene69_683cfaef_shadow/summary.json
records/baseline_runs/noghost_scene70_9b408388_reachset/summary.json	实验记录/20260612_clean81_baselines_reachset_shadow_w24/runs/noghost_scene70_9b408388_reachset/summary.json
records/baseline_runs/noghost_scene70_9b408388_shadow/summary.json	实验记录/20260612_clean81_baselines_reachset_shadow_w24/runs/noghost_scene70_9b408388_shadow/summary.json
records/baseline_runs/noghost_scene71_912e3348_reachset/summary.json	实验记录/20260612_clean81_baselines_reachset_shadow_w24/runs/noghost_scene71_912e3348_reachset/summary.json
records/baseline_runs/noghost_scene71_912e3348_shadow/summary.json	实验记录/20260612_clean81_baselines_reachset_shadow_w24/runs/noghost_scene71_912e3348_shadow/summary.json
records/baseline_runs/noghost_scene72_6bb2154f_reachset/summary.json	实验记录/20260612_clean81_baselines_reachset_shadow_w24/runs/noghost_scene72_6bb2154f_reachset/summary.json
records/baseline_runs/noghost_scene72_6bb2154f_shadow/summary.json	实验记录/20260612_clean81_baselines_reachset_shadow_w24/runs/noghost_scene72_6bb2154f_shadow/summary.json
records/baseline_runs/noghost_scene73_d4030c16_reachset/summary.json	实验记录/20260612_clean81_baselines_reachset_shadow_w24/runs/noghost_scene73_d4030c16_reachset/summary.json
records/baseline_runs/noghost_scene73_d4030c16_shadow/summary.json	实验记录/20260612_clean81_baselines_reachset_shadow_w24/runs/noghost_scene73_d4030c16_shadow/summary.json
records/baseline_runs/noghost_scene74_758f7517_reachset/summary.json	实验记录/20260612_clean81_baselines_reachset_shadow_w24/runs/noghost_scene74_758f7517_reachset/summary.json
records/baseline_runs/noghost_scene74_758f7517_shadow/summary.json	实验记录/20260612_clean81_baselines_reachset_shadow_w24/runs/noghost_scene74_758f7517_shadow/summary.json
records/baseline_runs/noghost_scene75_8195475c_reachset/summary.json	实验记录/20260612_clean81_baselines_reachset_shadow_w24/runs/noghost_scene75_8195475c_reachset/summary.json
records/baseline_runs/noghost_scene75_8195475c_shadow/summary.json	实验记录/20260612_clean81_baselines_reachset_shadow_w24/runs/noghost_scene75_8195475c_shadow/summary.json
records/baseline_runs/noghost_scene76_9658c5ea_reachset/summary.json	实验记录/20260612_clean81_baselines_reachset_shadow_w24/runs/noghost_scene76_9658c5ea_reachset/summary.json
records/baseline_runs/noghost_scene76_9658c5ea_shadow/summary.json	实验记录/20260612_clean81_baselines_reachset_shadow_w24/runs/noghost_scene76_9658c5ea_shadow/summary.json
records/baseline_runs/noghost_scene77_61f018bc_reachset/summary.json	实验记录/20260612_clean81_baselines_reachset_shadow_w24/runs/noghost_scene77_61f018bc_reachset/summary.json
records/baseline_runs/noghost_scene77_61f018bc_shadow/summary.json	实验记录/20260612_clean81_baselines_reachset_shadow_w24/runs/noghost_scene77_61f018bc_shadow/summary.json
records/baseline_runs/noghost_scene78_91b87407_reachset/summary.json	实验记录/20260612_clean81_baselines_reachset_shadow_w24/runs/noghost_scene78_91b87407_reachset/summary.json
records/baseline_runs/noghost_scene78_91b87407_shadow/summary.json	实验记录/20260612_clean81_baselines_reachset_shadow_w24/runs/noghost_scene78_91b87407_shadow/summary.json
records/baseline_runs/noghost_scene79_8e76ea99_reachset/summary.json	实验记录/20260612_clean81_baselines_reachset_shadow_w24/runs/noghost_scene79_8e76ea99_reachset/summary.json
records/baseline_runs/noghost_scene79_8e76ea99_shadow/summary.json	实验记录/20260612_clean81_baselines_reachset_shadow_w24/runs/noghost_scene79_8e76ea99_shadow/summary.json
records/baseline_runs/noghost_scene80_de079416_reachset/summary.json	实验记录/20260612_clean81_baselines_reachset_shadow_w24/runs/noghost_scene80_de079416_reachset/summary.json
records/baseline_runs/noghost_scene80_de079416_shadow/summary.json	实验记录/20260612_clean81_baselines_reachset_shadow_w24/runs/noghost_scene80_de079416_shadow/summary.json
records/baseline_runs/noghost_scene81_851786ad_reachset/summary.json	实验记录/20260612_clean81_baselines_reachset_shadow_w24/runs/noghost_scene81_851786ad_reachset/summary.json
records/baseline_runs/noghost_scene81_851786ad_shadow/summary.json	实验记录/20260612_clean81_baselines_reachset_shadow_w24/runs/noghost_scene81_851786ad_shadow/summary.json
records/curation_audit/candidate_pool_audit.json	paper/tits_pa_loi/tables/candidate_pool_audit.json
records/curation_audit/candidate_pool_membership.tsv	paper/tits_pa_loi/tables/candidate_pool_membership.tsv
records/curation_audit/ghost_trigger_status_88_valid_scenes.csv	实验记录/20260606_new90_le3_1800_inference/ghost_trigger_status_88_valid_scenes.csv
records/curation_audit/ghost_trigger_status_88_valid_summary.json	实验记录/20260606_new90_le3_1800_inference/ghost_trigger_status_88_valid_summary.json
records/curation_audit/ghost_trigger_status_88_valid_tasks.csv	实验记录/20260606_new90_le3_1800_inference/ghost_trigger_status_88_valid_tasks.csv
records/mechanism_case/aeb_only/scene_d567a51c_d567a51c_aeb_only/config/d567a51c-0e57-4e40-885a-36f5f8f99dd1.json	output/mechanism_case/aeb_only/scene_d567a51c_d567a51c_aeb_only/config/d567a51c-0e57-4e40-885a-36f5f8f99dd1.json
records/mechanism_case/aeb_only/scene_d567a51c_d567a51c_aeb_only/imgs/collision_report.json	output/mechanism_case/aeb_only/scene_d567a51c_d567a51c_aeb_only/imgs/collision_report.json
records/mechanism_case/aeb_only/scene_d567a51c_d567a51c_aeb_only/logs/log_ghost_exp_baseline_20260719_211947_374703_W20_L01.csv	output/mechanism_case/aeb_only/scene_d567a51c_d567a51c_aeb_only/logs/log_ghost_exp_baseline_20260719_211947_374703_W20_L01.csv
records/mechanism_case/aeb_only/scene_d567a51c_d567a51c_aeb_only/run_summary.json	output/mechanism_case/aeb_only/scene_d567a51c_d567a51c_aeb_only/run_summary.json
records/mechanism_case/aeb_only/selected_records.jsonl	output/mechanism_case/aeb_only/selected_records.jsonl
records/mechanism_case/aeb_only/summary.json	output/mechanism_case/aeb_only/summary.json
records/mechanism_case/mind/scene_d567a51c_d567a51c_mind/config/d567a51c-0e57-4e40-885a-36f5f8f99dd1.json	output/mechanism_case/mind/scene_d567a51c_d567a51c_mind/config/d567a51c-0e57-4e40-885a-36f5f8f99dd1.json
records/mechanism_case/mind/scene_d567a51c_d567a51c_mind/imgs/collision_report.json	output/mechanism_case/mind/scene_d567a51c_d567a51c_mind/imgs/collision_report.json
records/mechanism_case/mind/scene_d567a51c_d567a51c_mind/logs/log_ghost_exp_baseline_20260719_211945_962446_W20_L01.csv	output/mechanism_case/mind/scene_d567a51c_d567a51c_mind/logs/log_ghost_exp_baseline_20260719_211945_962446_W20_L01.csv
records/mechanism_case/mind/scene_d567a51c_d567a51c_mind/run_summary.json	output/mechanism_case/mind/scene_d567a51c_d567a51c_mind/run_summary.json
records/mechanism_case/mind/selected_records.jsonl	output/mechanism_case/mind/selected_records.jsonl
records/mechanism_case/mind/summary.json	output/mechanism_case/mind/summary.json
records/mechanism_case/ours/scene_d567a51c_d567a51c_ours/config/d567a51c-0e57-4e40-885a-36f5f8f99dd1.json	output/mechanism_case/ours/scene_d567a51c_d567a51c_ours/config/d567a51c-0e57-4e40-885a-36f5f8f99dd1.json
records/mechanism_case/ours/scene_d567a51c_d567a51c_ours/imgs/collision_report.json	output/mechanism_case/ours/scene_d567a51c_d567a51c_ours/imgs/collision_report.json
records/mechanism_case/ours/scene_d567a51c_d567a51c_ours/logs/log_ghost_exp_improved_20260719_211945_905917_W20_L01.csv	output/mechanism_case/ours/scene_d567a51c_d567a51c_ours/logs/log_ghost_exp_improved_20260719_211945_905917_W20_L01.csv
records/mechanism_case/ours/scene_d567a51c_d567a51c_ours/run_summary.json	output/mechanism_case/ours/scene_d567a51c_d567a51c_ours/run_summary.json
records/mechanism_case/ours/selected_records.jsonl	output/mechanism_case/ours/selected_records.jsonl
records/mechanism_case/ours/summary.json	output/mechanism_case/ours/summary.json
records/mechanism_case/scene61_record.jsonl	output/mechanism_case/scene61_record.jsonl
records/primary/clean81_ghost_strict650_20260613.tsv	实验记录/clean81_ghost_strict650_20260613.tsv
records/primary/clean81_ghost_task_details_threshold3mps_20260607.tsv	实验记录/clean81_ghost_task_details_threshold3mps_20260607.tsv
records/primary/clean81_noghost_efficiency_details_20260607.tsv	实验记录/clean81_noghost_efficiency_details_20260607.tsv
records/primary/speed_sensitivity_paper_table_excl23_44_70.tsv	实验记录/20260607_clean81_rep30_dash_speed_sensitivity_d5p5_4speeds_3baselines_30workers/speed_sensitivity_paper_table_excl23_44_70.tsv
records/sweeps/e1/eta0p4/ghost_s01_d4/summary.json	sweep_results/e1/eta0p4/ghost_s01_d4/summary.json
records/sweeps/e1/eta0p4/ghost_s01_d5p5/summary.json	sweep_results/e1/eta0p4/ghost_s01_d5p5/summary.json
records/sweeps/e1/eta0p4/ghost_s06_d4/summary.json	sweep_results/e1/eta0p4/ghost_s06_d4/summary.json
records/sweeps/e1/eta0p4/ghost_s06_d5p5/summary.json	sweep_results/e1/eta0p4/ghost_s06_d5p5/summary.json
records/sweeps/e1/eta0p4/ghost_s07_d4/summary.json	sweep_results/e1/eta0p4/ghost_s07_d4/summary.json
records/sweeps/e1/eta0p4/ghost_s07_d5p5/summary.json	sweep_results/e1/eta0p4/ghost_s07_d5p5/summary.json
records/sweeps/e1/eta0p4/ghost_s08_d4/summary.json	sweep_results/e1/eta0p4/ghost_s08_d4/summary.json
records/sweeps/e1/eta0p4/ghost_s08_d5p5/summary.json	sweep_results/e1/eta0p4/ghost_s08_d5p5/summary.json
records/sweeps/e1/eta0p4/ghost_s10_d4/summary.json	sweep_results/e1/eta0p4/ghost_s10_d4/summary.json
records/sweeps/e1/eta0p4/ghost_s10_d5p5/summary.json	sweep_results/e1/eta0p4/ghost_s10_d5p5/summary.json
records/sweeps/e1/eta0p4/ghost_s18_d4/summary.json	sweep_results/e1/eta0p4/ghost_s18_d4/summary.json
records/sweeps/e1/eta0p4/ghost_s18_d5p5/summary.json	sweep_results/e1/eta0p4/ghost_s18_d5p5/summary.json
records/sweeps/e1/eta0p4/ghost_s25_d4/summary.json	sweep_results/e1/eta0p4/ghost_s25_d4/summary.json
records/sweeps/e1/eta0p4/ghost_s25_d5p5/summary.json	sweep_results/e1/eta0p4/ghost_s25_d5p5/summary.json
records/sweeps/e1/eta0p4/ghost_s27_d4/summary.json	sweep_results/e1/eta0p4/ghost_s27_d4/summary.json
records/sweeps/e1/eta0p4/ghost_s27_d5p5/summary.json	sweep_results/e1/eta0p4/ghost_s27_d5p5/summary.json
records/sweeps/e1/eta0p4/ghost_s30_d4/summary.json	sweep_results/e1/eta0p4/ghost_s30_d4/summary.json
records/sweeps/e1/eta0p4/ghost_s30_d5p5/summary.json	sweep_results/e1/eta0p4/ghost_s30_d5p5/summary.json
records/sweeps/e1/eta0p4/ghost_s35_d4/summary.json	sweep_results/e1/eta0p4/ghost_s35_d4/summary.json
records/sweeps/e1/eta0p4/ghost_s35_d5p5/summary.json	sweep_results/e1/eta0p4/ghost_s35_d5p5/summary.json
records/sweeps/e1/eta0p4/ghost_s36_d4/summary.json	sweep_results/e1/eta0p4/ghost_s36_d4/summary.json
records/sweeps/e1/eta0p4/ghost_s36_d5p5/summary.json	sweep_results/e1/eta0p4/ghost_s36_d5p5/summary.json
records/sweeps/e1/eta0p4/ghost_s37_d4/summary.json	sweep_results/e1/eta0p4/ghost_s37_d4/summary.json
records/sweeps/e1/eta0p4/ghost_s37_d5p5/summary.json	sweep_results/e1/eta0p4/ghost_s37_d5p5/summary.json
records/sweeps/e1/eta0p4/ghost_s40_d4/summary.json	sweep_results/e1/eta0p4/ghost_s40_d4/summary.json
records/sweeps/e1/eta0p4/ghost_s40_d5p5/summary.json	sweep_results/e1/eta0p4/ghost_s40_d5p5/summary.json
records/sweeps/e1/eta0p4/ghost_s45_d4/summary.json	sweep_results/e1/eta0p4/ghost_s45_d4/summary.json
records/sweeps/e1/eta0p4/ghost_s45_d5p5/summary.json	sweep_results/e1/eta0p4/ghost_s45_d5p5/summary.json
records/sweeps/e1/eta0p4/ghost_s46_d4/summary.json	sweep_results/e1/eta0p4/ghost_s46_d4/summary.json
records/sweeps/e1/eta0p4/ghost_s46_d5p5/summary.json	sweep_results/e1/eta0p4/ghost_s46_d5p5/summary.json
records/sweeps/e1/eta0p4/ghost_s49_d4/summary.json	sweep_results/e1/eta0p4/ghost_s49_d4/summary.json
records/sweeps/e1/eta0p4/ghost_s49_d5p5/summary.json	sweep_results/e1/eta0p4/ghost_s49_d5p5/summary.json
records/sweeps/e1/eta0p4/ghost_s53_d4/summary.json	sweep_results/e1/eta0p4/ghost_s53_d4/summary.json
records/sweeps/e1/eta0p4/ghost_s53_d5p5/summary.json	sweep_results/e1/eta0p4/ghost_s53_d5p5/summary.json
records/sweeps/e1/eta0p4/ghost_s54_d4/summary.json	sweep_results/e1/eta0p4/ghost_s54_d4/summary.json
records/sweeps/e1/eta0p4/ghost_s54_d5p5/summary.json	sweep_results/e1/eta0p4/ghost_s54_d5p5/summary.json
records/sweeps/e1/eta0p4/ghost_s55_d4/summary.json	sweep_results/e1/eta0p4/ghost_s55_d4/summary.json
records/sweeps/e1/eta0p4/ghost_s55_d5p5/summary.json	sweep_results/e1/eta0p4/ghost_s55_d5p5/summary.json
records/sweeps/e1/eta0p4/ghost_s58_d4/summary.json	sweep_results/e1/eta0p4/ghost_s58_d4/summary.json
records/sweeps/e1/eta0p4/ghost_s58_d5p5/summary.json	sweep_results/e1/eta0p4/ghost_s58_d5p5/summary.json
records/sweeps/e1/eta0p4/ghost_s62_d4/summary.json	sweep_results/e1/eta0p4/ghost_s62_d4/summary.json
records/sweeps/e1/eta0p4/ghost_s62_d5p5/summary.json	sweep_results/e1/eta0p4/ghost_s62_d5p5/summary.json
records/sweeps/e1/eta0p4/ghost_s64_d4/summary.json	sweep_results/e1/eta0p4/ghost_s64_d4/summary.json
records/sweeps/e1/eta0p4/ghost_s64_d5p5/summary.json	sweep_results/e1/eta0p4/ghost_s64_d5p5/summary.json
records/sweeps/e1/eta0p4/ghost_s65_d4/summary.json	sweep_results/e1/eta0p4/ghost_s65_d4/summary.json
records/sweeps/e1/eta0p4/ghost_s65_d5p5/summary.json	sweep_results/e1/eta0p4/ghost_s65_d5p5/summary.json
records/sweeps/e1/eta0p4/ghost_s75_d4/summary.json	sweep_results/e1/eta0p4/ghost_s75_d4/summary.json
records/sweeps/e1/eta0p4/ghost_s75_d5p5/summary.json	sweep_results/e1/eta0p4/ghost_s75_d5p5/summary.json
records/sweeps/e1/eta0p4/ghost_s76_d4/summary.json	sweep_results/e1/eta0p4/ghost_s76_d4/summary.json
records/sweeps/e1/eta0p4/ghost_s76_d5p5/summary.json	sweep_results/e1/eta0p4/ghost_s76_d5p5/summary.json
records/sweeps/e1/eta0p4/ghost_s77_d4/summary.json	sweep_results/e1/eta0p4/ghost_s77_d4/summary.json
records/sweeps/e1/eta0p4/ghost_s77_d5p5/summary.json	sweep_results/e1/eta0p4/ghost_s77_d5p5/summary.json
records/sweeps/e1/eta0p4/ghost_s79_d4/summary.json	sweep_results/e1/eta0p4/ghost_s79_d4/summary.json
records/sweeps/e1/eta0p4/ghost_s79_d5p5/summary.json	sweep_results/e1/eta0p4/ghost_s79_d5p5/summary.json
records/sweeps/e1/eta0p4/noghost_s01/summary.json	sweep_results/e1/eta0p4/noghost_s01/summary.json
records/sweeps/e1/eta0p4/noghost_s06/summary.json	sweep_results/e1/eta0p4/noghost_s06/summary.json
records/sweeps/e1/eta0p4/noghost_s07/summary.json	sweep_results/e1/eta0p4/noghost_s07/summary.json
records/sweeps/e1/eta0p4/noghost_s08/summary.json	sweep_results/e1/eta0p4/noghost_s08/summary.json
records/sweeps/e1/eta0p4/noghost_s10/summary.json	sweep_results/e1/eta0p4/noghost_s10/summary.json
records/sweeps/e1/eta0p4/noghost_s18/summary.json	sweep_results/e1/eta0p4/noghost_s18/summary.json
records/sweeps/e1/eta0p4/noghost_s25/summary.json	sweep_results/e1/eta0p4/noghost_s25/summary.json
records/sweeps/e1/eta0p4/noghost_s27/summary.json	sweep_results/e1/eta0p4/noghost_s27/summary.json
records/sweeps/e1/eta0p4/noghost_s30/summary.json	sweep_results/e1/eta0p4/noghost_s30/summary.json
records/sweeps/e1/eta0p4/noghost_s35/summary.json	sweep_results/e1/eta0p4/noghost_s35/summary.json
records/sweeps/e1/eta0p4/noghost_s36/summary.json	sweep_results/e1/eta0p4/noghost_s36/summary.json
records/sweeps/e1/eta0p4/noghost_s37/summary.json	sweep_results/e1/eta0p4/noghost_s37/summary.json
records/sweeps/e1/eta0p4/noghost_s40/summary.json	sweep_results/e1/eta0p4/noghost_s40/summary.json
records/sweeps/e1/eta0p4/noghost_s45/summary.json	sweep_results/e1/eta0p4/noghost_s45/summary.json
records/sweeps/e1/eta0p4/noghost_s46/summary.json	sweep_results/e1/eta0p4/noghost_s46/summary.json
records/sweeps/e1/eta0p4/noghost_s49/summary.json	sweep_results/e1/eta0p4/noghost_s49/summary.json
records/sweeps/e1/eta0p4/noghost_s53/summary.json	sweep_results/e1/eta0p4/noghost_s53/summary.json
records/sweeps/e1/eta0p4/noghost_s54/summary.json	sweep_results/e1/eta0p4/noghost_s54/summary.json
records/sweeps/e1/eta0p4/noghost_s55/summary.json	sweep_results/e1/eta0p4/noghost_s55/summary.json
records/sweeps/e1/eta0p4/noghost_s58/summary.json	sweep_results/e1/eta0p4/noghost_s58/summary.json
records/sweeps/e1/eta0p4/noghost_s62/summary.json	sweep_results/e1/eta0p4/noghost_s62/summary.json
records/sweeps/e1/eta0p4/noghost_s64/summary.json	sweep_results/e1/eta0p4/noghost_s64/summary.json
records/sweeps/e1/eta0p4/noghost_s65/summary.json	sweep_results/e1/eta0p4/noghost_s65/summary.json
records/sweeps/e1/eta0p4/noghost_s75/summary.json	sweep_results/e1/eta0p4/noghost_s75/summary.json
records/sweeps/e1/eta0p4/noghost_s76/summary.json	sweep_results/e1/eta0p4/noghost_s76/summary.json
records/sweeps/e1/eta0p4/noghost_s77/summary.json	sweep_results/e1/eta0p4/noghost_s77/summary.json
records/sweeps/e1/eta0p4/noghost_s79/summary.json	sweep_results/e1/eta0p4/noghost_s79/summary.json
records/sweeps/e1/eta0p8/ghost_s01_d4/summary.json	sweep_results/e1/eta0p8/ghost_s01_d4/summary.json
records/sweeps/e1/eta0p8/ghost_s01_d5p5/summary.json	sweep_results/e1/eta0p8/ghost_s01_d5p5/summary.json
records/sweeps/e1/eta0p8/ghost_s06_d4/summary.json	sweep_results/e1/eta0p8/ghost_s06_d4/summary.json
records/sweeps/e1/eta0p8/ghost_s06_d5p5/summary.json	sweep_results/e1/eta0p8/ghost_s06_d5p5/summary.json
records/sweeps/e1/eta0p8/ghost_s07_d4/summary.json	sweep_results/e1/eta0p8/ghost_s07_d4/summary.json
records/sweeps/e1/eta0p8/ghost_s07_d5p5/summary.json	sweep_results/e1/eta0p8/ghost_s07_d5p5/summary.json
records/sweeps/e1/eta0p8/ghost_s08_d4/summary.json	sweep_results/e1/eta0p8/ghost_s08_d4/summary.json
records/sweeps/e1/eta0p8/ghost_s08_d5p5/summary.json	sweep_results/e1/eta0p8/ghost_s08_d5p5/summary.json
records/sweeps/e1/eta0p8/ghost_s10_d4/summary.json	sweep_results/e1/eta0p8/ghost_s10_d4/summary.json
records/sweeps/e1/eta0p8/ghost_s10_d5p5/summary.json	sweep_results/e1/eta0p8/ghost_s10_d5p5/summary.json
records/sweeps/e1/eta0p8/ghost_s18_d4/summary.json	sweep_results/e1/eta0p8/ghost_s18_d4/summary.json
records/sweeps/e1/eta0p8/ghost_s18_d5p5/summary.json	sweep_results/e1/eta0p8/ghost_s18_d5p5/summary.json
records/sweeps/e1/eta0p8/ghost_s25_d4/summary.json	sweep_results/e1/eta0p8/ghost_s25_d4/summary.json
records/sweeps/e1/eta0p8/ghost_s25_d5p5/summary.json	sweep_results/e1/eta0p8/ghost_s25_d5p5/summary.json
records/sweeps/e1/eta0p8/ghost_s27_d4/summary.json	sweep_results/e1/eta0p8/ghost_s27_d4/summary.json
records/sweeps/e1/eta0p8/ghost_s27_d5p5/summary.json	sweep_results/e1/eta0p8/ghost_s27_d5p5/summary.json
records/sweeps/e1/eta0p8/ghost_s30_d4/summary.json	sweep_results/e1/eta0p8/ghost_s30_d4/summary.json
records/sweeps/e1/eta0p8/ghost_s30_d5p5/summary.json	sweep_results/e1/eta0p8/ghost_s30_d5p5/summary.json
records/sweeps/e1/eta0p8/ghost_s35_d4/summary.json	sweep_results/e1/eta0p8/ghost_s35_d4/summary.json
records/sweeps/e1/eta0p8/ghost_s35_d5p5/summary.json	sweep_results/e1/eta0p8/ghost_s35_d5p5/summary.json
records/sweeps/e1/eta0p8/ghost_s36_d4/summary.json	sweep_results/e1/eta0p8/ghost_s36_d4/summary.json
records/sweeps/e1/eta0p8/ghost_s36_d5p5/summary.json	sweep_results/e1/eta0p8/ghost_s36_d5p5/summary.json
records/sweeps/e1/eta0p8/ghost_s37_d4/summary.json	sweep_results/e1/eta0p8/ghost_s37_d4/summary.json
records/sweeps/e1/eta0p8/ghost_s37_d5p5/summary.json	sweep_results/e1/eta0p8/ghost_s37_d5p5/summary.json
records/sweeps/e1/eta0p8/ghost_s40_d4/summary.json	sweep_results/e1/eta0p8/ghost_s40_d4/summary.json
records/sweeps/e1/eta0p8/ghost_s40_d5p5/summary.json	sweep_results/e1/eta0p8/ghost_s40_d5p5/summary.json
records/sweeps/e1/eta0p8/ghost_s45_d4/summary.json	sweep_results/e1/eta0p8/ghost_s45_d4/summary.json
records/sweeps/e1/eta0p8/ghost_s45_d5p5/summary.json	sweep_results/e1/eta0p8/ghost_s45_d5p5/summary.json
records/sweeps/e1/eta0p8/ghost_s46_d4/summary.json	sweep_results/e1/eta0p8/ghost_s46_d4/summary.json
records/sweeps/e1/eta0p8/ghost_s46_d5p5/summary.json	sweep_results/e1/eta0p8/ghost_s46_d5p5/summary.json
records/sweeps/e1/eta0p8/ghost_s49_d4/summary.json	sweep_results/e1/eta0p8/ghost_s49_d4/summary.json
records/sweeps/e1/eta0p8/ghost_s49_d5p5/summary.json	sweep_results/e1/eta0p8/ghost_s49_d5p5/summary.json
records/sweeps/e1/eta0p8/ghost_s53_d4/summary.json	sweep_results/e1/eta0p8/ghost_s53_d4/summary.json
records/sweeps/e1/eta0p8/ghost_s53_d5p5/summary.json	sweep_results/e1/eta0p8/ghost_s53_d5p5/summary.json
records/sweeps/e1/eta0p8/ghost_s54_d4/summary.json	sweep_results/e1/eta0p8/ghost_s54_d4/summary.json
records/sweeps/e1/eta0p8/ghost_s54_d5p5/summary.json	sweep_results/e1/eta0p8/ghost_s54_d5p5/summary.json
records/sweeps/e1/eta0p8/ghost_s55_d4/summary.json	sweep_results/e1/eta0p8/ghost_s55_d4/summary.json
records/sweeps/e1/eta0p8/ghost_s55_d5p5/summary.json	sweep_results/e1/eta0p8/ghost_s55_d5p5/summary.json
records/sweeps/e1/eta0p8/ghost_s58_d4/summary.json	sweep_results/e1/eta0p8/ghost_s58_d4/summary.json
records/sweeps/e1/eta0p8/ghost_s58_d5p5/summary.json	sweep_results/e1/eta0p8/ghost_s58_d5p5/summary.json
records/sweeps/e1/eta0p8/ghost_s62_d4/summary.json	sweep_results/e1/eta0p8/ghost_s62_d4/summary.json
records/sweeps/e1/eta0p8/ghost_s62_d5p5/summary.json	sweep_results/e1/eta0p8/ghost_s62_d5p5/summary.json
records/sweeps/e1/eta0p8/ghost_s64_d4/summary.json	sweep_results/e1/eta0p8/ghost_s64_d4/summary.json
records/sweeps/e1/eta0p8/ghost_s64_d5p5/summary.json	sweep_results/e1/eta0p8/ghost_s64_d5p5/summary.json
records/sweeps/e1/eta0p8/ghost_s65_d4/summary.json	sweep_results/e1/eta0p8/ghost_s65_d4/summary.json
records/sweeps/e1/eta0p8/ghost_s65_d5p5/summary.json	sweep_results/e1/eta0p8/ghost_s65_d5p5/summary.json
records/sweeps/e1/eta0p8/ghost_s75_d4/summary.json	sweep_results/e1/eta0p8/ghost_s75_d4/summary.json
records/sweeps/e1/eta0p8/ghost_s75_d5p5/summary.json	sweep_results/e1/eta0p8/ghost_s75_d5p5/summary.json
records/sweeps/e1/eta0p8/ghost_s76_d4/summary.json	sweep_results/e1/eta0p8/ghost_s76_d4/summary.json
records/sweeps/e1/eta0p8/ghost_s76_d5p5/summary.json	sweep_results/e1/eta0p8/ghost_s76_d5p5/summary.json
records/sweeps/e1/eta0p8/ghost_s77_d4/summary.json	sweep_results/e1/eta0p8/ghost_s77_d4/summary.json
records/sweeps/e1/eta0p8/ghost_s77_d5p5/summary.json	sweep_results/e1/eta0p8/ghost_s77_d5p5/summary.json
records/sweeps/e1/eta0p8/ghost_s79_d4/summary.json	sweep_results/e1/eta0p8/ghost_s79_d4/summary.json
records/sweeps/e1/eta0p8/ghost_s79_d5p5/summary.json	sweep_results/e1/eta0p8/ghost_s79_d5p5/summary.json
records/sweeps/e1/eta0p8/noghost_s01/summary.json	sweep_results/e1/eta0p8/noghost_s01/summary.json
records/sweeps/e1/eta0p8/noghost_s06/summary.json	sweep_results/e1/eta0p8/noghost_s06/summary.json
records/sweeps/e1/eta0p8/noghost_s07/summary.json	sweep_results/e1/eta0p8/noghost_s07/summary.json
records/sweeps/e1/eta0p8/noghost_s08/summary.json	sweep_results/e1/eta0p8/noghost_s08/summary.json
records/sweeps/e1/eta0p8/noghost_s10/summary.json	sweep_results/e1/eta0p8/noghost_s10/summary.json
records/sweeps/e1/eta0p8/noghost_s18/summary.json	sweep_results/e1/eta0p8/noghost_s18/summary.json
records/sweeps/e1/eta0p8/noghost_s25/summary.json	sweep_results/e1/eta0p8/noghost_s25/summary.json
records/sweeps/e1/eta0p8/noghost_s27/summary.json	sweep_results/e1/eta0p8/noghost_s27/summary.json
records/sweeps/e1/eta0p8/noghost_s30/summary.json	sweep_results/e1/eta0p8/noghost_s30/summary.json
records/sweeps/e1/eta0p8/noghost_s35/summary.json	sweep_results/e1/eta0p8/noghost_s35/summary.json
records/sweeps/e1/eta0p8/noghost_s36/summary.json	sweep_results/e1/eta0p8/noghost_s36/summary.json
records/sweeps/e1/eta0p8/noghost_s37/summary.json	sweep_results/e1/eta0p8/noghost_s37/summary.json
records/sweeps/e1/eta0p8/noghost_s40/summary.json	sweep_results/e1/eta0p8/noghost_s40/summary.json
records/sweeps/e1/eta0p8/noghost_s45/summary.json	sweep_results/e1/eta0p8/noghost_s45/summary.json
records/sweeps/e1/eta0p8/noghost_s46/summary.json	sweep_results/e1/eta0p8/noghost_s46/summary.json
records/sweeps/e1/eta0p8/noghost_s49/summary.json	sweep_results/e1/eta0p8/noghost_s49/summary.json
records/sweeps/e1/eta0p8/noghost_s53/summary.json	sweep_results/e1/eta0p8/noghost_s53/summary.json
records/sweeps/e1/eta0p8/noghost_s54/summary.json	sweep_results/e1/eta0p8/noghost_s54/summary.json
records/sweeps/e1/eta0p8/noghost_s55/summary.json	sweep_results/e1/eta0p8/noghost_s55/summary.json
records/sweeps/e1/eta0p8/noghost_s58/summary.json	sweep_results/e1/eta0p8/noghost_s58/summary.json
records/sweeps/e1/eta0p8/noghost_s62/summary.json	sweep_results/e1/eta0p8/noghost_s62/summary.json
records/sweeps/e1/eta0p8/noghost_s64/summary.json	sweep_results/e1/eta0p8/noghost_s64/summary.json
records/sweeps/e1/eta0p8/noghost_s65/summary.json	sweep_results/e1/eta0p8/noghost_s65/summary.json
records/sweeps/e1/eta0p8/noghost_s75/summary.json	sweep_results/e1/eta0p8/noghost_s75/summary.json
records/sweeps/e1/eta0p8/noghost_s76/summary.json	sweep_results/e1/eta0p8/noghost_s76/summary.json
records/sweeps/e1/eta0p8/noghost_s77/summary.json	sweep_results/e1/eta0p8/noghost_s77/summary.json
records/sweeps/e1/eta0p8/noghost_s79/summary.json	sweep_results/e1/eta0p8/noghost_s79/summary.json
records/sweeps/e1/vfloor1p0/ghost_s01_d4/summary.json	sweep_results/e1/vfloor1p0/ghost_s01_d4/summary.json
records/sweeps/e1/vfloor1p0/ghost_s01_d5p5/summary.json	sweep_results/e1/vfloor1p0/ghost_s01_d5p5/summary.json
records/sweeps/e1/vfloor1p0/ghost_s06_d4/summary.json	sweep_results/e1/vfloor1p0/ghost_s06_d4/summary.json
records/sweeps/e1/vfloor1p0/ghost_s06_d5p5/summary.json	sweep_results/e1/vfloor1p0/ghost_s06_d5p5/summary.json
records/sweeps/e1/vfloor1p0/ghost_s07_d4/summary.json	sweep_results/e1/vfloor1p0/ghost_s07_d4/summary.json
records/sweeps/e1/vfloor1p0/ghost_s07_d5p5/summary.json	sweep_results/e1/vfloor1p0/ghost_s07_d5p5/summary.json
records/sweeps/e1/vfloor1p0/ghost_s08_d4/summary.json	sweep_results/e1/vfloor1p0/ghost_s08_d4/summary.json
records/sweeps/e1/vfloor1p0/ghost_s08_d5p5/summary.json	sweep_results/e1/vfloor1p0/ghost_s08_d5p5/summary.json
records/sweeps/e1/vfloor1p0/ghost_s10_d4/summary.json	sweep_results/e1/vfloor1p0/ghost_s10_d4/summary.json
records/sweeps/e1/vfloor1p0/ghost_s10_d5p5/summary.json	sweep_results/e1/vfloor1p0/ghost_s10_d5p5/summary.json
records/sweeps/e1/vfloor1p0/ghost_s18_d4/summary.json	sweep_results/e1/vfloor1p0/ghost_s18_d4/summary.json
records/sweeps/e1/vfloor1p0/ghost_s18_d5p5/summary.json	sweep_results/e1/vfloor1p0/ghost_s18_d5p5/summary.json
records/sweeps/e1/vfloor1p0/ghost_s25_d4/summary.json	sweep_results/e1/vfloor1p0/ghost_s25_d4/summary.json
records/sweeps/e1/vfloor1p0/ghost_s25_d5p5/summary.json	sweep_results/e1/vfloor1p0/ghost_s25_d5p5/summary.json
records/sweeps/e1/vfloor1p0/ghost_s27_d4/summary.json	sweep_results/e1/vfloor1p0/ghost_s27_d4/summary.json
records/sweeps/e1/vfloor1p0/ghost_s27_d5p5/summary.json	sweep_results/e1/vfloor1p0/ghost_s27_d5p5/summary.json
records/sweeps/e1/vfloor1p0/ghost_s30_d4/summary.json	sweep_results/e1/vfloor1p0/ghost_s30_d4/summary.json
records/sweeps/e1/vfloor1p0/ghost_s30_d5p5/summary.json	sweep_results/e1/vfloor1p0/ghost_s30_d5p5/summary.json
records/sweeps/e1/vfloor1p0/ghost_s35_d4/summary.json	sweep_results/e1/vfloor1p0/ghost_s35_d4/summary.json
records/sweeps/e1/vfloor1p0/ghost_s35_d5p5/summary.json	sweep_results/e1/vfloor1p0/ghost_s35_d5p5/summary.json
records/sweeps/e1/vfloor1p0/ghost_s36_d4/summary.json	sweep_results/e1/vfloor1p0/ghost_s36_d4/summary.json
records/sweeps/e1/vfloor1p0/ghost_s36_d5p5/summary.json	sweep_results/e1/vfloor1p0/ghost_s36_d5p5/summary.json
records/sweeps/e1/vfloor1p0/ghost_s37_d4/summary.json	sweep_results/e1/vfloor1p0/ghost_s37_d4/summary.json
records/sweeps/e1/vfloor1p0/ghost_s37_d5p5/summary.json	sweep_results/e1/vfloor1p0/ghost_s37_d5p5/summary.json
records/sweeps/e1/vfloor1p0/ghost_s40_d4/summary.json	sweep_results/e1/vfloor1p0/ghost_s40_d4/summary.json
records/sweeps/e1/vfloor1p0/ghost_s40_d5p5/summary.json	sweep_results/e1/vfloor1p0/ghost_s40_d5p5/summary.json
records/sweeps/e1/vfloor1p0/ghost_s45_d4/summary.json	sweep_results/e1/vfloor1p0/ghost_s45_d4/summary.json
records/sweeps/e1/vfloor1p0/ghost_s45_d5p5/summary.json	sweep_results/e1/vfloor1p0/ghost_s45_d5p5/summary.json
records/sweeps/e1/vfloor1p0/ghost_s46_d4/summary.json	sweep_results/e1/vfloor1p0/ghost_s46_d4/summary.json
records/sweeps/e1/vfloor1p0/ghost_s46_d5p5/summary.json	sweep_results/e1/vfloor1p0/ghost_s46_d5p5/summary.json
records/sweeps/e1/vfloor1p0/ghost_s49_d4/summary.json	sweep_results/e1/vfloor1p0/ghost_s49_d4/summary.json
records/sweeps/e1/vfloor1p0/ghost_s49_d5p5/summary.json	sweep_results/e1/vfloor1p0/ghost_s49_d5p5/summary.json
records/sweeps/e1/vfloor1p0/ghost_s53_d4/summary.json	sweep_results/e1/vfloor1p0/ghost_s53_d4/summary.json
records/sweeps/e1/vfloor1p0/ghost_s53_d5p5/summary.json	sweep_results/e1/vfloor1p0/ghost_s53_d5p5/summary.json
records/sweeps/e1/vfloor1p0/ghost_s54_d4/summary.json	sweep_results/e1/vfloor1p0/ghost_s54_d4/summary.json
records/sweeps/e1/vfloor1p0/ghost_s54_d5p5/summary.json	sweep_results/e1/vfloor1p0/ghost_s54_d5p5/summary.json
records/sweeps/e1/vfloor1p0/ghost_s55_d4/summary.json	sweep_results/e1/vfloor1p0/ghost_s55_d4/summary.json
records/sweeps/e1/vfloor1p0/ghost_s55_d5p5/summary.json	sweep_results/e1/vfloor1p0/ghost_s55_d5p5/summary.json
records/sweeps/e1/vfloor1p0/ghost_s58_d4/summary.json	sweep_results/e1/vfloor1p0/ghost_s58_d4/summary.json
records/sweeps/e1/vfloor1p0/ghost_s58_d5p5/summary.json	sweep_results/e1/vfloor1p0/ghost_s58_d5p5/summary.json
records/sweeps/e1/vfloor1p0/ghost_s62_d4/summary.json	sweep_results/e1/vfloor1p0/ghost_s62_d4/summary.json
records/sweeps/e1/vfloor1p0/ghost_s62_d5p5/summary.json	sweep_results/e1/vfloor1p0/ghost_s62_d5p5/summary.json
records/sweeps/e1/vfloor1p0/ghost_s64_d4/summary.json	sweep_results/e1/vfloor1p0/ghost_s64_d4/summary.json
records/sweeps/e1/vfloor1p0/ghost_s64_d5p5/summary.json	sweep_results/e1/vfloor1p0/ghost_s64_d5p5/summary.json
records/sweeps/e1/vfloor1p0/ghost_s65_d4/summary.json	sweep_results/e1/vfloor1p0/ghost_s65_d4/summary.json
records/sweeps/e1/vfloor1p0/ghost_s65_d5p5/summary.json	sweep_results/e1/vfloor1p0/ghost_s65_d5p5/summary.json
records/sweeps/e1/vfloor1p0/ghost_s75_d4/summary.json	sweep_results/e1/vfloor1p0/ghost_s75_d4/summary.json
records/sweeps/e1/vfloor1p0/ghost_s75_d5p5/summary.json	sweep_results/e1/vfloor1p0/ghost_s75_d5p5/summary.json
records/sweeps/e1/vfloor1p0/ghost_s76_d4/summary.json	sweep_results/e1/vfloor1p0/ghost_s76_d4/summary.json
records/sweeps/e1/vfloor1p0/ghost_s76_d5p5/summary.json	sweep_results/e1/vfloor1p0/ghost_s76_d5p5/summary.json
records/sweeps/e1/vfloor1p0/ghost_s77_d4/summary.json	sweep_results/e1/vfloor1p0/ghost_s77_d4/summary.json
records/sweeps/e1/vfloor1p0/ghost_s77_d5p5/summary.json	sweep_results/e1/vfloor1p0/ghost_s77_d5p5/summary.json
records/sweeps/e1/vfloor1p0/ghost_s79_d4/summary.json	sweep_results/e1/vfloor1p0/ghost_s79_d4/summary.json
records/sweeps/e1/vfloor1p0/ghost_s79_d5p5/summary.json	sweep_results/e1/vfloor1p0/ghost_s79_d5p5/summary.json
records/sweeps/e1/vfloor1p0/noghost_s01/summary.json	sweep_results/e1/vfloor1p0/noghost_s01/summary.json
records/sweeps/e1/vfloor1p0/noghost_s06/summary.json	sweep_results/e1/vfloor1p0/noghost_s06/summary.json
records/sweeps/e1/vfloor1p0/noghost_s07/summary.json	sweep_results/e1/vfloor1p0/noghost_s07/summary.json
records/sweeps/e1/vfloor1p0/noghost_s08/summary.json	sweep_results/e1/vfloor1p0/noghost_s08/summary.json
records/sweeps/e1/vfloor1p0/noghost_s10/summary.json	sweep_results/e1/vfloor1p0/noghost_s10/summary.json
records/sweeps/e1/vfloor1p0/noghost_s18/summary.json	sweep_results/e1/vfloor1p0/noghost_s18/summary.json
records/sweeps/e1/vfloor1p0/noghost_s25/summary.json	sweep_results/e1/vfloor1p0/noghost_s25/summary.json
records/sweeps/e1/vfloor1p0/noghost_s27/summary.json	sweep_results/e1/vfloor1p0/noghost_s27/summary.json
records/sweeps/e1/vfloor1p0/noghost_s30/summary.json	sweep_results/e1/vfloor1p0/noghost_s30/summary.json
records/sweeps/e1/vfloor1p0/noghost_s35/summary.json	sweep_results/e1/vfloor1p0/noghost_s35/summary.json
records/sweeps/e1/vfloor1p0/noghost_s36/summary.json	sweep_results/e1/vfloor1p0/noghost_s36/summary.json
records/sweeps/e1/vfloor1p0/noghost_s37/summary.json	sweep_results/e1/vfloor1p0/noghost_s37/summary.json
records/sweeps/e1/vfloor1p0/noghost_s40/summary.json	sweep_results/e1/vfloor1p0/noghost_s40/summary.json
records/sweeps/e1/vfloor1p0/noghost_s45/summary.json	sweep_results/e1/vfloor1p0/noghost_s45/summary.json
records/sweeps/e1/vfloor1p0/noghost_s46/summary.json	sweep_results/e1/vfloor1p0/noghost_s46/summary.json
records/sweeps/e1/vfloor1p0/noghost_s49/summary.json	sweep_results/e1/vfloor1p0/noghost_s49/summary.json
records/sweeps/e1/vfloor1p0/noghost_s53/summary.json	sweep_results/e1/vfloor1p0/noghost_s53/summary.json
records/sweeps/e1/vfloor1p0/noghost_s54/summary.json	sweep_results/e1/vfloor1p0/noghost_s54/summary.json
records/sweeps/e1/vfloor1p0/noghost_s55/summary.json	sweep_results/e1/vfloor1p0/noghost_s55/summary.json
records/sweeps/e1/vfloor1p0/noghost_s58/summary.json	sweep_results/e1/vfloor1p0/noghost_s58/summary.json
records/sweeps/e1/vfloor1p0/noghost_s62/summary.json	sweep_results/e1/vfloor1p0/noghost_s62/summary.json
records/sweeps/e1/vfloor1p0/noghost_s64/summary.json	sweep_results/e1/vfloor1p0/noghost_s64/summary.json
records/sweeps/e1/vfloor1p0/noghost_s65/summary.json	sweep_results/e1/vfloor1p0/noghost_s65/summary.json
records/sweeps/e1/vfloor1p0/noghost_s75/summary.json	sweep_results/e1/vfloor1p0/noghost_s75/summary.json
records/sweeps/e1/vfloor1p0/noghost_s76/summary.json	sweep_results/e1/vfloor1p0/noghost_s76/summary.json
records/sweeps/e1/vfloor1p0/noghost_s77/summary.json	sweep_results/e1/vfloor1p0/noghost_s77/summary.json
records/sweeps/e1/vfloor1p0/noghost_s79/summary.json	sweep_results/e1/vfloor1p0/noghost_s79/summary.json
records/sweeps/e1/vfloor3p0/ghost_s01_d4/summary.json	sweep_results/e1/vfloor3p0/ghost_s01_d4/summary.json
records/sweeps/e1/vfloor3p0/ghost_s01_d5p5/summary.json	sweep_results/e1/vfloor3p0/ghost_s01_d5p5/summary.json
records/sweeps/e1/vfloor3p0/ghost_s06_d4/summary.json	sweep_results/e1/vfloor3p0/ghost_s06_d4/summary.json
records/sweeps/e1/vfloor3p0/ghost_s06_d5p5/summary.json	sweep_results/e1/vfloor3p0/ghost_s06_d5p5/summary.json
records/sweeps/e1/vfloor3p0/ghost_s07_d4/summary.json	sweep_results/e1/vfloor3p0/ghost_s07_d4/summary.json
records/sweeps/e1/vfloor3p0/ghost_s07_d5p5/summary.json	sweep_results/e1/vfloor3p0/ghost_s07_d5p5/summary.json
records/sweeps/e1/vfloor3p0/ghost_s08_d4/summary.json	sweep_results/e1/vfloor3p0/ghost_s08_d4/summary.json
records/sweeps/e1/vfloor3p0/ghost_s08_d5p5/summary.json	sweep_results/e1/vfloor3p0/ghost_s08_d5p5/summary.json
records/sweeps/e1/vfloor3p0/ghost_s10_d4/summary.json	sweep_results/e1/vfloor3p0/ghost_s10_d4/summary.json
records/sweeps/e1/vfloor3p0/ghost_s10_d5p5/summary.json	sweep_results/e1/vfloor3p0/ghost_s10_d5p5/summary.json
records/sweeps/e1/vfloor3p0/ghost_s18_d4/summary.json	sweep_results/e1/vfloor3p0/ghost_s18_d4/summary.json
records/sweeps/e1/vfloor3p0/ghost_s18_d5p5/summary.json	sweep_results/e1/vfloor3p0/ghost_s18_d5p5/summary.json
records/sweeps/e1/vfloor3p0/ghost_s25_d4/summary.json	sweep_results/e1/vfloor3p0/ghost_s25_d4/summary.json
records/sweeps/e1/vfloor3p0/ghost_s25_d5p5/summary.json	sweep_results/e1/vfloor3p0/ghost_s25_d5p5/summary.json
records/sweeps/e1/vfloor3p0/ghost_s27_d4/summary.json	sweep_results/e1/vfloor3p0/ghost_s27_d4/summary.json
records/sweeps/e1/vfloor3p0/ghost_s27_d5p5/summary.json	sweep_results/e1/vfloor3p0/ghost_s27_d5p5/summary.json
records/sweeps/e1/vfloor3p0/ghost_s30_d4/summary.json	sweep_results/e1/vfloor3p0/ghost_s30_d4/summary.json
records/sweeps/e1/vfloor3p0/ghost_s30_d5p5/summary.json	sweep_results/e1/vfloor3p0/ghost_s30_d5p5/summary.json
records/sweeps/e1/vfloor3p0/ghost_s35_d4/summary.json	sweep_results/e1/vfloor3p0/ghost_s35_d4/summary.json
records/sweeps/e1/vfloor3p0/ghost_s35_d5p5/summary.json	sweep_results/e1/vfloor3p0/ghost_s35_d5p5/summary.json
records/sweeps/e1/vfloor3p0/ghost_s36_d4/summary.json	sweep_results/e1/vfloor3p0/ghost_s36_d4/summary.json
records/sweeps/e1/vfloor3p0/ghost_s36_d5p5/summary.json	sweep_results/e1/vfloor3p0/ghost_s36_d5p5/summary.json
records/sweeps/e1/vfloor3p0/ghost_s37_d4/summary.json	sweep_results/e1/vfloor3p0/ghost_s37_d4/summary.json
records/sweeps/e1/vfloor3p0/ghost_s37_d5p5/summary.json	sweep_results/e1/vfloor3p0/ghost_s37_d5p5/summary.json
records/sweeps/e1/vfloor3p0/ghost_s40_d4/summary.json	sweep_results/e1/vfloor3p0/ghost_s40_d4/summary.json
records/sweeps/e1/vfloor3p0/ghost_s40_d5p5/summary.json	sweep_results/e1/vfloor3p0/ghost_s40_d5p5/summary.json
records/sweeps/e1/vfloor3p0/ghost_s45_d4/summary.json	sweep_results/e1/vfloor3p0/ghost_s45_d4/summary.json
records/sweeps/e1/vfloor3p0/ghost_s45_d5p5/summary.json	sweep_results/e1/vfloor3p0/ghost_s45_d5p5/summary.json
records/sweeps/e1/vfloor3p0/ghost_s46_d4/summary.json	sweep_results/e1/vfloor3p0/ghost_s46_d4/summary.json
records/sweeps/e1/vfloor3p0/ghost_s46_d5p5/summary.json	sweep_results/e1/vfloor3p0/ghost_s46_d5p5/summary.json
records/sweeps/e1/vfloor3p0/ghost_s49_d4/summary.json	sweep_results/e1/vfloor3p0/ghost_s49_d4/summary.json
records/sweeps/e1/vfloor3p0/ghost_s49_d5p5/summary.json	sweep_results/e1/vfloor3p0/ghost_s49_d5p5/summary.json
records/sweeps/e1/vfloor3p0/ghost_s53_d4/summary.json	sweep_results/e1/vfloor3p0/ghost_s53_d4/summary.json
records/sweeps/e1/vfloor3p0/ghost_s53_d5p5/summary.json	sweep_results/e1/vfloor3p0/ghost_s53_d5p5/summary.json
records/sweeps/e1/vfloor3p0/ghost_s54_d4/summary.json	sweep_results/e1/vfloor3p0/ghost_s54_d4/summary.json
records/sweeps/e1/vfloor3p0/ghost_s54_d5p5/summary.json	sweep_results/e1/vfloor3p0/ghost_s54_d5p5/summary.json
records/sweeps/e1/vfloor3p0/ghost_s55_d4/summary.json	sweep_results/e1/vfloor3p0/ghost_s55_d4/summary.json
records/sweeps/e1/vfloor3p0/ghost_s55_d5p5/summary.json	sweep_results/e1/vfloor3p0/ghost_s55_d5p5/summary.json
records/sweeps/e1/vfloor3p0/ghost_s58_d4/summary.json	sweep_results/e1/vfloor3p0/ghost_s58_d4/summary.json
records/sweeps/e1/vfloor3p0/ghost_s58_d5p5/summary.json	sweep_results/e1/vfloor3p0/ghost_s58_d5p5/summary.json
records/sweeps/e1/vfloor3p0/ghost_s62_d4/summary.json	sweep_results/e1/vfloor3p0/ghost_s62_d4/summary.json
records/sweeps/e1/vfloor3p0/ghost_s62_d5p5/summary.json	sweep_results/e1/vfloor3p0/ghost_s62_d5p5/summary.json
records/sweeps/e1/vfloor3p0/ghost_s64_d4/summary.json	sweep_results/e1/vfloor3p0/ghost_s64_d4/summary.json
records/sweeps/e1/vfloor3p0/ghost_s64_d5p5/summary.json	sweep_results/e1/vfloor3p0/ghost_s64_d5p5/summary.json
records/sweeps/e1/vfloor3p0/ghost_s65_d4/summary.json	sweep_results/e1/vfloor3p0/ghost_s65_d4/summary.json
records/sweeps/e1/vfloor3p0/ghost_s65_d5p5/summary.json	sweep_results/e1/vfloor3p0/ghost_s65_d5p5/summary.json
records/sweeps/e1/vfloor3p0/ghost_s75_d4/summary.json	sweep_results/e1/vfloor3p0/ghost_s75_d4/summary.json
records/sweeps/e1/vfloor3p0/ghost_s75_d5p5/summary.json	sweep_results/e1/vfloor3p0/ghost_s75_d5p5/summary.json
records/sweeps/e1/vfloor3p0/ghost_s76_d4/summary.json	sweep_results/e1/vfloor3p0/ghost_s76_d4/summary.json
records/sweeps/e1/vfloor3p0/ghost_s76_d5p5/summary.json	sweep_results/e1/vfloor3p0/ghost_s76_d5p5/summary.json
records/sweeps/e1/vfloor3p0/ghost_s77_d4/summary.json	sweep_results/e1/vfloor3p0/ghost_s77_d4/summary.json
records/sweeps/e1/vfloor3p0/ghost_s77_d5p5/summary.json	sweep_results/e1/vfloor3p0/ghost_s77_d5p5/summary.json
records/sweeps/e1/vfloor3p0/ghost_s79_d4/summary.json	sweep_results/e1/vfloor3p0/ghost_s79_d4/summary.json
records/sweeps/e1/vfloor3p0/ghost_s79_d5p5/summary.json	sweep_results/e1/vfloor3p0/ghost_s79_d5p5/summary.json
records/sweeps/e1/vfloor3p0/noghost_s01/summary.json	sweep_results/e1/vfloor3p0/noghost_s01/summary.json
records/sweeps/e1/vfloor3p0/noghost_s06/summary.json	sweep_results/e1/vfloor3p0/noghost_s06/summary.json
records/sweeps/e1/vfloor3p0/noghost_s07/summary.json	sweep_results/e1/vfloor3p0/noghost_s07/summary.json
records/sweeps/e1/vfloor3p0/noghost_s08/summary.json	sweep_results/e1/vfloor3p0/noghost_s08/summary.json
records/sweeps/e1/vfloor3p0/noghost_s10/summary.json	sweep_results/e1/vfloor3p0/noghost_s10/summary.json
records/sweeps/e1/vfloor3p0/noghost_s18/summary.json	sweep_results/e1/vfloor3p0/noghost_s18/summary.json
records/sweeps/e1/vfloor3p0/noghost_s25/summary.json	sweep_results/e1/vfloor3p0/noghost_s25/summary.json
records/sweeps/e1/vfloor3p0/noghost_s27/summary.json	sweep_results/e1/vfloor3p0/noghost_s27/summary.json
records/sweeps/e1/vfloor3p0/noghost_s30/summary.json	sweep_results/e1/vfloor3p0/noghost_s30/summary.json
records/sweeps/e1/vfloor3p0/noghost_s35/summary.json	sweep_results/e1/vfloor3p0/noghost_s35/summary.json
records/sweeps/e1/vfloor3p0/noghost_s36/summary.json	sweep_results/e1/vfloor3p0/noghost_s36/summary.json
records/sweeps/e1/vfloor3p0/noghost_s37/summary.json	sweep_results/e1/vfloor3p0/noghost_s37/summary.json
records/sweeps/e1/vfloor3p0/noghost_s40/summary.json	sweep_results/e1/vfloor3p0/noghost_s40/summary.json
records/sweeps/e1/vfloor3p0/noghost_s45/summary.json	sweep_results/e1/vfloor3p0/noghost_s45/summary.json
records/sweeps/e1/vfloor3p0/noghost_s46/summary.json	sweep_results/e1/vfloor3p0/noghost_s46/summary.json
records/sweeps/e1/vfloor3p0/noghost_s49/summary.json	sweep_results/e1/vfloor3p0/noghost_s49/summary.json
records/sweeps/e1/vfloor3p0/noghost_s53/summary.json	sweep_results/e1/vfloor3p0/noghost_s53/summary.json
records/sweeps/e1/vfloor3p0/noghost_s54/summary.json	sweep_results/e1/vfloor3p0/noghost_s54/summary.json
records/sweeps/e1/vfloor3p0/noghost_s55/summary.json	sweep_results/e1/vfloor3p0/noghost_s55/summary.json
records/sweeps/e1/vfloor3p0/noghost_s58/summary.json	sweep_results/e1/vfloor3p0/noghost_s58/summary.json
records/sweeps/e1/vfloor3p0/noghost_s62/summary.json	sweep_results/e1/vfloor3p0/noghost_s62/summary.json
records/sweeps/e1/vfloor3p0/noghost_s64/summary.json	sweep_results/e1/vfloor3p0/noghost_s64/summary.json
records/sweeps/e1/vfloor3p0/noghost_s65/summary.json	sweep_results/e1/vfloor3p0/noghost_s65/summary.json
records/sweeps/e1/vfloor3p0/noghost_s75/summary.json	sweep_results/e1/vfloor3p0/noghost_s75/summary.json
records/sweeps/e1/vfloor3p0/noghost_s76/summary.json	sweep_results/e1/vfloor3p0/noghost_s76/summary.json
records/sweeps/e1/vfloor3p0/noghost_s77/summary.json	sweep_results/e1/vfloor3p0/noghost_s77/summary.json
records/sweeps/e1/vfloor3p0/noghost_s79/summary.json	sweep_results/e1/vfloor3p0/noghost_s79/summary.json
records/sweeps/e1/wmax15/ghost_s01_d4/summary.json	sweep_results/e1/wmax15/ghost_s01_d4/summary.json
records/sweeps/e1/wmax15/ghost_s01_d5p5/summary.json	sweep_results/e1/wmax15/ghost_s01_d5p5/summary.json
records/sweeps/e1/wmax15/ghost_s06_d4/summary.json	sweep_results/e1/wmax15/ghost_s06_d4/summary.json
records/sweeps/e1/wmax15/ghost_s06_d5p5/summary.json	sweep_results/e1/wmax15/ghost_s06_d5p5/summary.json
records/sweeps/e1/wmax15/ghost_s07_d4/summary.json	sweep_results/e1/wmax15/ghost_s07_d4/summary.json
records/sweeps/e1/wmax15/ghost_s07_d5p5/summary.json	sweep_results/e1/wmax15/ghost_s07_d5p5/summary.json
records/sweeps/e1/wmax15/ghost_s08_d4/summary.json	sweep_results/e1/wmax15/ghost_s08_d4/summary.json
records/sweeps/e1/wmax15/ghost_s08_d5p5/summary.json	sweep_results/e1/wmax15/ghost_s08_d5p5/summary.json
records/sweeps/e1/wmax15/ghost_s10_d4/summary.json	sweep_results/e1/wmax15/ghost_s10_d4/summary.json
records/sweeps/e1/wmax15/ghost_s10_d5p5/summary.json	sweep_results/e1/wmax15/ghost_s10_d5p5/summary.json
records/sweeps/e1/wmax15/ghost_s18_d4/summary.json	sweep_results/e1/wmax15/ghost_s18_d4/summary.json
records/sweeps/e1/wmax15/ghost_s18_d5p5/summary.json	sweep_results/e1/wmax15/ghost_s18_d5p5/summary.json
records/sweeps/e1/wmax15/ghost_s25_d4/summary.json	sweep_results/e1/wmax15/ghost_s25_d4/summary.json
records/sweeps/e1/wmax15/ghost_s25_d5p5/summary.json	sweep_results/e1/wmax15/ghost_s25_d5p5/summary.json
records/sweeps/e1/wmax15/ghost_s27_d4/summary.json	sweep_results/e1/wmax15/ghost_s27_d4/summary.json
records/sweeps/e1/wmax15/ghost_s27_d5p5/summary.json	sweep_results/e1/wmax15/ghost_s27_d5p5/summary.json
records/sweeps/e1/wmax15/ghost_s30_d4/summary.json	sweep_results/e1/wmax15/ghost_s30_d4/summary.json
records/sweeps/e1/wmax15/ghost_s30_d5p5/summary.json	sweep_results/e1/wmax15/ghost_s30_d5p5/summary.json
records/sweeps/e1/wmax15/ghost_s35_d4/summary.json	sweep_results/e1/wmax15/ghost_s35_d4/summary.json
records/sweeps/e1/wmax15/ghost_s35_d5p5/summary.json	sweep_results/e1/wmax15/ghost_s35_d5p5/summary.json
records/sweeps/e1/wmax15/ghost_s36_d4/summary.json	sweep_results/e1/wmax15/ghost_s36_d4/summary.json
records/sweeps/e1/wmax15/ghost_s36_d5p5/summary.json	sweep_results/e1/wmax15/ghost_s36_d5p5/summary.json
records/sweeps/e1/wmax15/ghost_s37_d4/summary.json	sweep_results/e1/wmax15/ghost_s37_d4/summary.json
records/sweeps/e1/wmax15/ghost_s37_d5p5/summary.json	sweep_results/e1/wmax15/ghost_s37_d5p5/summary.json
records/sweeps/e1/wmax15/ghost_s40_d4/summary.json	sweep_results/e1/wmax15/ghost_s40_d4/summary.json
records/sweeps/e1/wmax15/ghost_s40_d5p5/summary.json	sweep_results/e1/wmax15/ghost_s40_d5p5/summary.json
records/sweeps/e1/wmax15/ghost_s45_d4/summary.json	sweep_results/e1/wmax15/ghost_s45_d4/summary.json
records/sweeps/e1/wmax15/ghost_s45_d5p5/summary.json	sweep_results/e1/wmax15/ghost_s45_d5p5/summary.json
records/sweeps/e1/wmax15/ghost_s46_d4/summary.json	sweep_results/e1/wmax15/ghost_s46_d4/summary.json
records/sweeps/e1/wmax15/ghost_s46_d5p5/summary.json	sweep_results/e1/wmax15/ghost_s46_d5p5/summary.json
records/sweeps/e1/wmax15/ghost_s49_d4/summary.json	sweep_results/e1/wmax15/ghost_s49_d4/summary.json
records/sweeps/e1/wmax15/ghost_s49_d5p5/summary.json	sweep_results/e1/wmax15/ghost_s49_d5p5/summary.json
records/sweeps/e1/wmax15/ghost_s53_d4/summary.json	sweep_results/e1/wmax15/ghost_s53_d4/summary.json
records/sweeps/e1/wmax15/ghost_s53_d5p5/summary.json	sweep_results/e1/wmax15/ghost_s53_d5p5/summary.json
records/sweeps/e1/wmax15/ghost_s54_d4/summary.json	sweep_results/e1/wmax15/ghost_s54_d4/summary.json
records/sweeps/e1/wmax15/ghost_s54_d5p5/summary.json	sweep_results/e1/wmax15/ghost_s54_d5p5/summary.json
records/sweeps/e1/wmax15/ghost_s55_d4/summary.json	sweep_results/e1/wmax15/ghost_s55_d4/summary.json
records/sweeps/e1/wmax15/ghost_s55_d5p5/summary.json	sweep_results/e1/wmax15/ghost_s55_d5p5/summary.json
records/sweeps/e1/wmax15/ghost_s58_d4/summary.json	sweep_results/e1/wmax15/ghost_s58_d4/summary.json
records/sweeps/e1/wmax15/ghost_s58_d5p5/summary.json	sweep_results/e1/wmax15/ghost_s58_d5p5/summary.json
records/sweeps/e1/wmax15/ghost_s62_d4/summary.json	sweep_results/e1/wmax15/ghost_s62_d4/summary.json
records/sweeps/e1/wmax15/ghost_s62_d5p5/summary.json	sweep_results/e1/wmax15/ghost_s62_d5p5/summary.json
records/sweeps/e1/wmax15/ghost_s64_d4/summary.json	sweep_results/e1/wmax15/ghost_s64_d4/summary.json
records/sweeps/e1/wmax15/ghost_s64_d5p5/summary.json	sweep_results/e1/wmax15/ghost_s64_d5p5/summary.json
records/sweeps/e1/wmax15/ghost_s65_d4/summary.json	sweep_results/e1/wmax15/ghost_s65_d4/summary.json
records/sweeps/e1/wmax15/ghost_s65_d5p5/summary.json	sweep_results/e1/wmax15/ghost_s65_d5p5/summary.json
records/sweeps/e1/wmax15/ghost_s75_d4/summary.json	sweep_results/e1/wmax15/ghost_s75_d4/summary.json
records/sweeps/e1/wmax15/ghost_s75_d5p5/summary.json	sweep_results/e1/wmax15/ghost_s75_d5p5/summary.json
records/sweeps/e1/wmax15/ghost_s76_d4/summary.json	sweep_results/e1/wmax15/ghost_s76_d4/summary.json
records/sweeps/e1/wmax15/ghost_s76_d5p5/summary.json	sweep_results/e1/wmax15/ghost_s76_d5p5/summary.json
records/sweeps/e1/wmax15/ghost_s77_d4/summary.json	sweep_results/e1/wmax15/ghost_s77_d4/summary.json
records/sweeps/e1/wmax15/ghost_s77_d5p5/summary.json	sweep_results/e1/wmax15/ghost_s77_d5p5/summary.json
records/sweeps/e1/wmax15/ghost_s79_d4/summary.json	sweep_results/e1/wmax15/ghost_s79_d4/summary.json
records/sweeps/e1/wmax15/ghost_s79_d5p5/summary.json	sweep_results/e1/wmax15/ghost_s79_d5p5/summary.json
records/sweeps/e1/wmax15/noghost_s01/summary.json	sweep_results/e1/wmax15/noghost_s01/summary.json
records/sweeps/e1/wmax15/noghost_s06/summary.json	sweep_results/e1/wmax15/noghost_s06/summary.json
records/sweeps/e1/wmax15/noghost_s07/summary.json	sweep_results/e1/wmax15/noghost_s07/summary.json
records/sweeps/e1/wmax15/noghost_s08/summary.json	sweep_results/e1/wmax15/noghost_s08/summary.json
records/sweeps/e1/wmax15/noghost_s10/summary.json	sweep_results/e1/wmax15/noghost_s10/summary.json
records/sweeps/e1/wmax15/noghost_s18/summary.json	sweep_results/e1/wmax15/noghost_s18/summary.json
records/sweeps/e1/wmax15/noghost_s25/summary.json	sweep_results/e1/wmax15/noghost_s25/summary.json
records/sweeps/e1/wmax15/noghost_s27/summary.json	sweep_results/e1/wmax15/noghost_s27/summary.json
records/sweeps/e1/wmax15/noghost_s30/summary.json	sweep_results/e1/wmax15/noghost_s30/summary.json
records/sweeps/e1/wmax15/noghost_s35/summary.json	sweep_results/e1/wmax15/noghost_s35/summary.json
records/sweeps/e1/wmax15/noghost_s36/summary.json	sweep_results/e1/wmax15/noghost_s36/summary.json
records/sweeps/e1/wmax15/noghost_s37/summary.json	sweep_results/e1/wmax15/noghost_s37/summary.json
records/sweeps/e1/wmax15/noghost_s40/summary.json	sweep_results/e1/wmax15/noghost_s40/summary.json
records/sweeps/e1/wmax15/noghost_s45/summary.json	sweep_results/e1/wmax15/noghost_s45/summary.json
records/sweeps/e1/wmax15/noghost_s46/summary.json	sweep_results/e1/wmax15/noghost_s46/summary.json
records/sweeps/e1/wmax15/noghost_s49/summary.json	sweep_results/e1/wmax15/noghost_s49/summary.json
records/sweeps/e1/wmax15/noghost_s53/summary.json	sweep_results/e1/wmax15/noghost_s53/summary.json
records/sweeps/e1/wmax15/noghost_s54/summary.json	sweep_results/e1/wmax15/noghost_s54/summary.json
records/sweeps/e1/wmax15/noghost_s55/summary.json	sweep_results/e1/wmax15/noghost_s55/summary.json
records/sweeps/e1/wmax15/noghost_s58/summary.json	sweep_results/e1/wmax15/noghost_s58/summary.json
records/sweeps/e1/wmax15/noghost_s62/summary.json	sweep_results/e1/wmax15/noghost_s62/summary.json
records/sweeps/e1/wmax15/noghost_s64/summary.json	sweep_results/e1/wmax15/noghost_s64/summary.json
records/sweeps/e1/wmax15/noghost_s65/summary.json	sweep_results/e1/wmax15/noghost_s65/summary.json
records/sweeps/e1/wmax15/noghost_s75/summary.json	sweep_results/e1/wmax15/noghost_s75/summary.json
records/sweeps/e1/wmax15/noghost_s76/summary.json	sweep_results/e1/wmax15/noghost_s76/summary.json
records/sweeps/e1/wmax15/noghost_s77/summary.json	sweep_results/e1/wmax15/noghost_s77/summary.json
records/sweeps/e1/wmax15/noghost_s79/summary.json	sweep_results/e1/wmax15/noghost_s79/summary.json
records/sweeps/e1/wmax35/ghost_s01_d4/summary.json	sweep_results/e1/wmax35/ghost_s01_d4/summary.json
records/sweeps/e1/wmax35/ghost_s01_d5p5/summary.json	sweep_results/e1/wmax35/ghost_s01_d5p5/summary.json
records/sweeps/e1/wmax35/ghost_s06_d4/summary.json	sweep_results/e1/wmax35/ghost_s06_d4/summary.json
records/sweeps/e1/wmax35/ghost_s06_d5p5/summary.json	sweep_results/e1/wmax35/ghost_s06_d5p5/summary.json
records/sweeps/e1/wmax35/ghost_s07_d4/summary.json	sweep_results/e1/wmax35/ghost_s07_d4/summary.json
records/sweeps/e1/wmax35/ghost_s07_d5p5/summary.json	sweep_results/e1/wmax35/ghost_s07_d5p5/summary.json
records/sweeps/e1/wmax35/ghost_s08_d4/summary.json	sweep_results/e1/wmax35/ghost_s08_d4/summary.json
records/sweeps/e1/wmax35/ghost_s08_d5p5/summary.json	sweep_results/e1/wmax35/ghost_s08_d5p5/summary.json
records/sweeps/e1/wmax35/ghost_s10_d4/summary.json	sweep_results/e1/wmax35/ghost_s10_d4/summary.json
records/sweeps/e1/wmax35/ghost_s10_d5p5/summary.json	sweep_results/e1/wmax35/ghost_s10_d5p5/summary.json
records/sweeps/e1/wmax35/ghost_s18_d4/summary.json	sweep_results/e1/wmax35/ghost_s18_d4/summary.json
records/sweeps/e1/wmax35/ghost_s18_d5p5/summary.json	sweep_results/e1/wmax35/ghost_s18_d5p5/summary.json
records/sweeps/e1/wmax35/ghost_s25_d4/summary.json	sweep_results/e1/wmax35/ghost_s25_d4/summary.json
records/sweeps/e1/wmax35/ghost_s25_d5p5/summary.json	sweep_results/e1/wmax35/ghost_s25_d5p5/summary.json
records/sweeps/e1/wmax35/ghost_s27_d4/summary.json	sweep_results/e1/wmax35/ghost_s27_d4/summary.json
records/sweeps/e1/wmax35/ghost_s27_d5p5/summary.json	sweep_results/e1/wmax35/ghost_s27_d5p5/summary.json
records/sweeps/e1/wmax35/ghost_s30_d4/summary.json	sweep_results/e1/wmax35/ghost_s30_d4/summary.json
records/sweeps/e1/wmax35/ghost_s30_d5p5/summary.json	sweep_results/e1/wmax35/ghost_s30_d5p5/summary.json
records/sweeps/e1/wmax35/ghost_s35_d4/summary.json	sweep_results/e1/wmax35/ghost_s35_d4/summary.json
records/sweeps/e1/wmax35/ghost_s35_d5p5/summary.json	sweep_results/e1/wmax35/ghost_s35_d5p5/summary.json
records/sweeps/e1/wmax35/ghost_s36_d4/summary.json	sweep_results/e1/wmax35/ghost_s36_d4/summary.json
records/sweeps/e1/wmax35/ghost_s36_d5p5/summary.json	sweep_results/e1/wmax35/ghost_s36_d5p5/summary.json
records/sweeps/e1/wmax35/ghost_s37_d4/summary.json	sweep_results/e1/wmax35/ghost_s37_d4/summary.json
records/sweeps/e1/wmax35/ghost_s37_d5p5/summary.json	sweep_results/e1/wmax35/ghost_s37_d5p5/summary.json
records/sweeps/e1/wmax35/ghost_s40_d4/summary.json	sweep_results/e1/wmax35/ghost_s40_d4/summary.json
records/sweeps/e1/wmax35/ghost_s40_d5p5/summary.json	sweep_results/e1/wmax35/ghost_s40_d5p5/summary.json
records/sweeps/e1/wmax35/ghost_s45_d4/summary.json	sweep_results/e1/wmax35/ghost_s45_d4/summary.json
records/sweeps/e1/wmax35/ghost_s45_d5p5/summary.json	sweep_results/e1/wmax35/ghost_s45_d5p5/summary.json
records/sweeps/e1/wmax35/ghost_s46_d4/summary.json	sweep_results/e1/wmax35/ghost_s46_d4/summary.json
records/sweeps/e1/wmax35/ghost_s46_d5p5/summary.json	sweep_results/e1/wmax35/ghost_s46_d5p5/summary.json
records/sweeps/e1/wmax35/ghost_s49_d4/summary.json	sweep_results/e1/wmax35/ghost_s49_d4/summary.json
records/sweeps/e1/wmax35/ghost_s49_d5p5/summary.json	sweep_results/e1/wmax35/ghost_s49_d5p5/summary.json
records/sweeps/e1/wmax35/ghost_s53_d4/summary.json	sweep_results/e1/wmax35/ghost_s53_d4/summary.json
records/sweeps/e1/wmax35/ghost_s53_d5p5/summary.json	sweep_results/e1/wmax35/ghost_s53_d5p5/summary.json
records/sweeps/e1/wmax35/ghost_s54_d4/summary.json	sweep_results/e1/wmax35/ghost_s54_d4/summary.json
records/sweeps/e1/wmax35/ghost_s54_d5p5/summary.json	sweep_results/e1/wmax35/ghost_s54_d5p5/summary.json
records/sweeps/e1/wmax35/ghost_s55_d4/summary.json	sweep_results/e1/wmax35/ghost_s55_d4/summary.json
records/sweeps/e1/wmax35/ghost_s55_d5p5/summary.json	sweep_results/e1/wmax35/ghost_s55_d5p5/summary.json
records/sweeps/e1/wmax35/ghost_s58_d4/summary.json	sweep_results/e1/wmax35/ghost_s58_d4/summary.json
records/sweeps/e1/wmax35/ghost_s58_d5p5/summary.json	sweep_results/e1/wmax35/ghost_s58_d5p5/summary.json
records/sweeps/e1/wmax35/ghost_s62_d4/summary.json	sweep_results/e1/wmax35/ghost_s62_d4/summary.json
records/sweeps/e1/wmax35/ghost_s62_d5p5/summary.json	sweep_results/e1/wmax35/ghost_s62_d5p5/summary.json
records/sweeps/e1/wmax35/ghost_s64_d4/summary.json	sweep_results/e1/wmax35/ghost_s64_d4/summary.json
records/sweeps/e1/wmax35/ghost_s64_d5p5/summary.json	sweep_results/e1/wmax35/ghost_s64_d5p5/summary.json
records/sweeps/e1/wmax35/ghost_s65_d4/summary.json	sweep_results/e1/wmax35/ghost_s65_d4/summary.json
records/sweeps/e1/wmax35/ghost_s65_d5p5/summary.json	sweep_results/e1/wmax35/ghost_s65_d5p5/summary.json
records/sweeps/e1/wmax35/ghost_s75_d4/summary.json	sweep_results/e1/wmax35/ghost_s75_d4/summary.json
records/sweeps/e1/wmax35/ghost_s75_d5p5/summary.json	sweep_results/e1/wmax35/ghost_s75_d5p5/summary.json
records/sweeps/e1/wmax35/ghost_s76_d4/summary.json	sweep_results/e1/wmax35/ghost_s76_d4/summary.json
records/sweeps/e1/wmax35/ghost_s76_d5p5/summary.json	sweep_results/e1/wmax35/ghost_s76_d5p5/summary.json
records/sweeps/e1/wmax35/ghost_s77_d4/summary.json	sweep_results/e1/wmax35/ghost_s77_d4/summary.json
records/sweeps/e1/wmax35/ghost_s77_d5p5/summary.json	sweep_results/e1/wmax35/ghost_s77_d5p5/summary.json
records/sweeps/e1/wmax35/ghost_s79_d4/summary.json	sweep_results/e1/wmax35/ghost_s79_d4/summary.json
records/sweeps/e1/wmax35/ghost_s79_d5p5/summary.json	sweep_results/e1/wmax35/ghost_s79_d5p5/summary.json
records/sweeps/e1/wmax35/noghost_s01/summary.json	sweep_results/e1/wmax35/noghost_s01/summary.json
records/sweeps/e1/wmax35/noghost_s06/summary.json	sweep_results/e1/wmax35/noghost_s06/summary.json
records/sweeps/e1/wmax35/noghost_s07/summary.json	sweep_results/e1/wmax35/noghost_s07/summary.json
records/sweeps/e1/wmax35/noghost_s08/summary.json	sweep_results/e1/wmax35/noghost_s08/summary.json
records/sweeps/e1/wmax35/noghost_s10/summary.json	sweep_results/e1/wmax35/noghost_s10/summary.json
records/sweeps/e1/wmax35/noghost_s18/summary.json	sweep_results/e1/wmax35/noghost_s18/summary.json
records/sweeps/e1/wmax35/noghost_s25/summary.json	sweep_results/e1/wmax35/noghost_s25/summary.json
records/sweeps/e1/wmax35/noghost_s27/summary.json	sweep_results/e1/wmax35/noghost_s27/summary.json
records/sweeps/e1/wmax35/noghost_s30/summary.json	sweep_results/e1/wmax35/noghost_s30/summary.json
records/sweeps/e1/wmax35/noghost_s35/summary.json	sweep_results/e1/wmax35/noghost_s35/summary.json
records/sweeps/e1/wmax35/noghost_s36/summary.json	sweep_results/e1/wmax35/noghost_s36/summary.json
records/sweeps/e1/wmax35/noghost_s37/summary.json	sweep_results/e1/wmax35/noghost_s37/summary.json
records/sweeps/e1/wmax35/noghost_s40/summary.json	sweep_results/e1/wmax35/noghost_s40/summary.json
records/sweeps/e1/wmax35/noghost_s45/summary.json	sweep_results/e1/wmax35/noghost_s45/summary.json
records/sweeps/e1/wmax35/noghost_s46/summary.json	sweep_results/e1/wmax35/noghost_s46/summary.json
records/sweeps/e1/wmax35/noghost_s49/summary.json	sweep_results/e1/wmax35/noghost_s49/summary.json
records/sweeps/e1/wmax35/noghost_s53/summary.json	sweep_results/e1/wmax35/noghost_s53/summary.json
records/sweeps/e1/wmax35/noghost_s54/summary.json	sweep_results/e1/wmax35/noghost_s54/summary.json
records/sweeps/e1/wmax35/noghost_s55/summary.json	sweep_results/e1/wmax35/noghost_s55/summary.json
records/sweeps/e1/wmax35/noghost_s58/summary.json	sweep_results/e1/wmax35/noghost_s58/summary.json
records/sweeps/e1/wmax35/noghost_s62/summary.json	sweep_results/e1/wmax35/noghost_s62/summary.json
records/sweeps/e1/wmax35/noghost_s64/summary.json	sweep_results/e1/wmax35/noghost_s64/summary.json
records/sweeps/e1/wmax35/noghost_s65/summary.json	sweep_results/e1/wmax35/noghost_s65/summary.json
records/sweeps/e1/wmax35/noghost_s75/summary.json	sweep_results/e1/wmax35/noghost_s75/summary.json
records/sweeps/e1/wmax35/noghost_s76/summary.json	sweep_results/e1/wmax35/noghost_s76/summary.json
records/sweeps/e1/wmax35/noghost_s77/summary.json	sweep_results/e1/wmax35/noghost_s77/summary.json
records/sweeps/e1/wmax35/noghost_s79/summary.json	sweep_results/e1/wmax35/noghost_s79/summary.json
records/sweeps/e2/s01_d3p5_v1_aeb_only/summary.json	sweep_results/e2/s01_d3p5_v1_aeb_only/summary.json
records/sweeps/e2/s01_d3p5_v1_mind/summary.json	sweep_results/e2/s01_d3p5_v1_mind/summary.json
records/sweeps/e2/s01_d3p5_v1_ours/summary.json	sweep_results/e2/s01_d3p5_v1_ours/summary.json
records/sweeps/e2/s01_d3p5_v2_aeb_only/summary.json	sweep_results/e2/s01_d3p5_v2_aeb_only/summary.json
records/sweeps/e2/s01_d3p5_v2_mind/summary.json	sweep_results/e2/s01_d3p5_v2_mind/summary.json
records/sweeps/e2/s01_d3p5_v2_ours/summary.json	sweep_results/e2/s01_d3p5_v2_ours/summary.json
records/sweeps/e2/s01_d3p5_v3_aeb_only/summary.json	sweep_results/e2/s01_d3p5_v3_aeb_only/summary.json
records/sweeps/e2/s01_d3p5_v3_mind/summary.json	sweep_results/e2/s01_d3p5_v3_mind/summary.json
records/sweeps/e2/s01_d3p5_v3_ours/summary.json	sweep_results/e2/s01_d3p5_v3_ours/summary.json
records/sweeps/e2/s01_d4p5_v1_aeb_only/summary.json	sweep_results/e2/s01_d4p5_v1_aeb_only/summary.json
records/sweeps/e2/s01_d4p5_v1_mind/summary.json	sweep_results/e2/s01_d4p5_v1_mind/summary.json
records/sweeps/e2/s01_d4p5_v1_ours/summary.json	sweep_results/e2/s01_d4p5_v1_ours/summary.json
records/sweeps/e2/s01_d4p5_v2_aeb_only/summary.json	sweep_results/e2/s01_d4p5_v2_aeb_only/summary.json
records/sweeps/e2/s01_d4p5_v2_mind/summary.json	sweep_results/e2/s01_d4p5_v2_mind/summary.json
records/sweeps/e2/s01_d4p5_v2_ours/summary.json	sweep_results/e2/s01_d4p5_v2_ours/summary.json
records/sweeps/e2/s01_d4p5_v3_aeb_only/summary.json	sweep_results/e2/s01_d4p5_v3_aeb_only/summary.json
records/sweeps/e2/s01_d4p5_v3_mind/summary.json	sweep_results/e2/s01_d4p5_v3_mind/summary.json
records/sweeps/e2/s01_d4p5_v3_ours/summary.json	sweep_results/e2/s01_d4p5_v3_ours/summary.json
records/sweeps/e2/s06_d3p5_v1_aeb_only/summary.json	sweep_results/e2/s06_d3p5_v1_aeb_only/summary.json
records/sweeps/e2/s06_d3p5_v1_mind/summary.json	sweep_results/e2/s06_d3p5_v1_mind/summary.json
records/sweeps/e2/s06_d3p5_v1_ours/summary.json	sweep_results/e2/s06_d3p5_v1_ours/summary.json
records/sweeps/e2/s06_d3p5_v2_aeb_only/summary.json	sweep_results/e2/s06_d3p5_v2_aeb_only/summary.json
records/sweeps/e2/s06_d3p5_v2_mind/summary.json	sweep_results/e2/s06_d3p5_v2_mind/summary.json
records/sweeps/e2/s06_d3p5_v2_ours/summary.json	sweep_results/e2/s06_d3p5_v2_ours/summary.json
records/sweeps/e2/s06_d3p5_v3_aeb_only/summary.json	sweep_results/e2/s06_d3p5_v3_aeb_only/summary.json
records/sweeps/e2/s06_d3p5_v3_mind/summary.json	sweep_results/e2/s06_d3p5_v3_mind/summary.json
records/sweeps/e2/s06_d3p5_v3_ours/summary.json	sweep_results/e2/s06_d3p5_v3_ours/summary.json
records/sweeps/e2/s06_d4p5_v1_aeb_only/summary.json	sweep_results/e2/s06_d4p5_v1_aeb_only/summary.json
records/sweeps/e2/s06_d4p5_v1_mind/summary.json	sweep_results/e2/s06_d4p5_v1_mind/summary.json
records/sweeps/e2/s06_d4p5_v1_ours/summary.json	sweep_results/e2/s06_d4p5_v1_ours/summary.json
records/sweeps/e2/s06_d4p5_v2_aeb_only/summary.json	sweep_results/e2/s06_d4p5_v2_aeb_only/summary.json
records/sweeps/e2/s06_d4p5_v2_mind/summary.json	sweep_results/e2/s06_d4p5_v2_mind/summary.json
records/sweeps/e2/s06_d4p5_v2_ours/summary.json	sweep_results/e2/s06_d4p5_v2_ours/summary.json
records/sweeps/e2/s06_d4p5_v3_aeb_only/summary.json	sweep_results/e2/s06_d4p5_v3_aeb_only/summary.json
records/sweeps/e2/s06_d4p5_v3_mind/summary.json	sweep_results/e2/s06_d4p5_v3_mind/summary.json
records/sweeps/e2/s06_d4p5_v3_ours/summary.json	sweep_results/e2/s06_d4p5_v3_ours/summary.json
records/sweeps/e2/s07_d3p5_v1_aeb_only/summary.json	sweep_results/e2/s07_d3p5_v1_aeb_only/summary.json
records/sweeps/e2/s07_d3p5_v1_mind/summary.json	sweep_results/e2/s07_d3p5_v1_mind/summary.json
records/sweeps/e2/s07_d3p5_v1_ours/summary.json	sweep_results/e2/s07_d3p5_v1_ours/summary.json
records/sweeps/e2/s07_d3p5_v2_aeb_only/summary.json	sweep_results/e2/s07_d3p5_v2_aeb_only/summary.json
records/sweeps/e2/s07_d3p5_v2_mind/summary.json	sweep_results/e2/s07_d3p5_v2_mind/summary.json
records/sweeps/e2/s07_d3p5_v2_ours/summary.json	sweep_results/e2/s07_d3p5_v2_ours/summary.json
records/sweeps/e2/s07_d3p5_v3_aeb_only/summary.json	sweep_results/e2/s07_d3p5_v3_aeb_only/summary.json
records/sweeps/e2/s07_d3p5_v3_mind/summary.json	sweep_results/e2/s07_d3p5_v3_mind/summary.json
records/sweeps/e2/s07_d3p5_v3_ours/summary.json	sweep_results/e2/s07_d3p5_v3_ours/summary.json
records/sweeps/e2/s07_d4p5_v1_aeb_only/summary.json	sweep_results/e2/s07_d4p5_v1_aeb_only/summary.json
records/sweeps/e2/s07_d4p5_v1_mind/summary.json	sweep_results/e2/s07_d4p5_v1_mind/summary.json
records/sweeps/e2/s07_d4p5_v1_ours/summary.json	sweep_results/e2/s07_d4p5_v1_ours/summary.json
records/sweeps/e2/s07_d4p5_v2_aeb_only/summary.json	sweep_results/e2/s07_d4p5_v2_aeb_only/summary.json
records/sweeps/e2/s07_d4p5_v2_mind/summary.json	sweep_results/e2/s07_d4p5_v2_mind/summary.json
records/sweeps/e2/s07_d4p5_v2_ours/summary.json	sweep_results/e2/s07_d4p5_v2_ours/summary.json
records/sweeps/e2/s07_d4p5_v3_aeb_only/summary.json	sweep_results/e2/s07_d4p5_v3_aeb_only/summary.json
records/sweeps/e2/s07_d4p5_v3_mind/summary.json	sweep_results/e2/s07_d4p5_v3_mind/summary.json
records/sweeps/e2/s07_d4p5_v3_ours/summary.json	sweep_results/e2/s07_d4p5_v3_ours/summary.json
records/sweeps/e2/s08_d3p5_v1_aeb_only/summary.json	sweep_results/e2/s08_d3p5_v1_aeb_only/summary.json
records/sweeps/e2/s08_d3p5_v1_mind/summary.json	sweep_results/e2/s08_d3p5_v1_mind/summary.json
records/sweeps/e2/s08_d3p5_v1_ours/summary.json	sweep_results/e2/s08_d3p5_v1_ours/summary.json
records/sweeps/e2/s08_d3p5_v2_aeb_only/summary.json	sweep_results/e2/s08_d3p5_v2_aeb_only/summary.json
records/sweeps/e2/s08_d3p5_v2_mind/summary.json	sweep_results/e2/s08_d3p5_v2_mind/summary.json
records/sweeps/e2/s08_d3p5_v2_ours/summary.json	sweep_results/e2/s08_d3p5_v2_ours/summary.json
records/sweeps/e2/s08_d3p5_v3_aeb_only/summary.json	sweep_results/e2/s08_d3p5_v3_aeb_only/summary.json
records/sweeps/e2/s08_d3p5_v3_mind/summary.json	sweep_results/e2/s08_d3p5_v3_mind/summary.json
records/sweeps/e2/s08_d3p5_v3_ours/summary.json	sweep_results/e2/s08_d3p5_v3_ours/summary.json
records/sweeps/e2/s08_d4p5_v1_aeb_only/summary.json	sweep_results/e2/s08_d4p5_v1_aeb_only/summary.json
records/sweeps/e2/s08_d4p5_v1_mind/summary.json	sweep_results/e2/s08_d4p5_v1_mind/summary.json
records/sweeps/e2/s08_d4p5_v1_ours/summary.json	sweep_results/e2/s08_d4p5_v1_ours/summary.json
records/sweeps/e2/s08_d4p5_v2_aeb_only/summary.json	sweep_results/e2/s08_d4p5_v2_aeb_only/summary.json
records/sweeps/e2/s08_d4p5_v2_mind/summary.json	sweep_results/e2/s08_d4p5_v2_mind/summary.json
records/sweeps/e2/s08_d4p5_v2_ours/summary.json	sweep_results/e2/s08_d4p5_v2_ours/summary.json
records/sweeps/e2/s08_d4p5_v3_aeb_only/summary.json	sweep_results/e2/s08_d4p5_v3_aeb_only/summary.json
records/sweeps/e2/s08_d4p5_v3_mind/summary.json	sweep_results/e2/s08_d4p5_v3_mind/summary.json
records/sweeps/e2/s08_d4p5_v3_ours/summary.json	sweep_results/e2/s08_d4p5_v3_ours/summary.json
records/sweeps/e2/s10_d3p5_v1_aeb_only/summary.json	sweep_results/e2/s10_d3p5_v1_aeb_only/summary.json
records/sweeps/e2/s10_d3p5_v1_mind/summary.json	sweep_results/e2/s10_d3p5_v1_mind/summary.json
records/sweeps/e2/s10_d3p5_v1_ours/summary.json	sweep_results/e2/s10_d3p5_v1_ours/summary.json
records/sweeps/e2/s10_d3p5_v2_aeb_only/summary.json	sweep_results/e2/s10_d3p5_v2_aeb_only/summary.json
records/sweeps/e2/s10_d3p5_v2_mind/summary.json	sweep_results/e2/s10_d3p5_v2_mind/summary.json
records/sweeps/e2/s10_d3p5_v2_ours/summary.json	sweep_results/e2/s10_d3p5_v2_ours/summary.json
records/sweeps/e2/s10_d3p5_v3_aeb_only/summary.json	sweep_results/e2/s10_d3p5_v3_aeb_only/summary.json
records/sweeps/e2/s10_d3p5_v3_mind/summary.json	sweep_results/e2/s10_d3p5_v3_mind/summary.json
records/sweeps/e2/s10_d3p5_v3_ours/summary.json	sweep_results/e2/s10_d3p5_v3_ours/summary.json
records/sweeps/e2/s10_d4p5_v1_aeb_only/summary.json	sweep_results/e2/s10_d4p5_v1_aeb_only/summary.json
records/sweeps/e2/s10_d4p5_v1_mind/summary.json	sweep_results/e2/s10_d4p5_v1_mind/summary.json
records/sweeps/e2/s10_d4p5_v1_ours/summary.json	sweep_results/e2/s10_d4p5_v1_ours/summary.json
records/sweeps/e2/s10_d4p5_v2_aeb_only/summary.json	sweep_results/e2/s10_d4p5_v2_aeb_only/summary.json
records/sweeps/e2/s10_d4p5_v2_mind/summary.json	sweep_results/e2/s10_d4p5_v2_mind/summary.json
records/sweeps/e2/s10_d4p5_v2_ours/summary.json	sweep_results/e2/s10_d4p5_v2_ours/summary.json
records/sweeps/e2/s10_d4p5_v3_aeb_only/summary.json	sweep_results/e2/s10_d4p5_v3_aeb_only/summary.json
records/sweeps/e2/s10_d4p5_v3_mind/summary.json	sweep_results/e2/s10_d4p5_v3_mind/summary.json
records/sweeps/e2/s10_d4p5_v3_ours/summary.json	sweep_results/e2/s10_d4p5_v3_ours/summary.json
records/sweeps/e2/s18_d3p5_v1_aeb_only/summary.json	sweep_results/e2/s18_d3p5_v1_aeb_only/summary.json
records/sweeps/e2/s18_d3p5_v1_mind/summary.json	sweep_results/e2/s18_d3p5_v1_mind/summary.json
records/sweeps/e2/s18_d3p5_v1_ours/summary.json	sweep_results/e2/s18_d3p5_v1_ours/summary.json
records/sweeps/e2/s18_d3p5_v2_aeb_only/summary.json	sweep_results/e2/s18_d3p5_v2_aeb_only/summary.json
records/sweeps/e2/s18_d3p5_v2_mind/summary.json	sweep_results/e2/s18_d3p5_v2_mind/summary.json
records/sweeps/e2/s18_d3p5_v2_ours/summary.json	sweep_results/e2/s18_d3p5_v2_ours/summary.json
records/sweeps/e2/s18_d3p5_v3_aeb_only/summary.json	sweep_results/e2/s18_d3p5_v3_aeb_only/summary.json
records/sweeps/e2/s18_d3p5_v3_mind/summary.json	sweep_results/e2/s18_d3p5_v3_mind/summary.json
records/sweeps/e2/s18_d3p5_v3_ours/summary.json	sweep_results/e2/s18_d3p5_v3_ours/summary.json
records/sweeps/e2/s18_d4p5_v1_aeb_only/summary.json	sweep_results/e2/s18_d4p5_v1_aeb_only/summary.json
records/sweeps/e2/s18_d4p5_v1_mind/summary.json	sweep_results/e2/s18_d4p5_v1_mind/summary.json
records/sweeps/e2/s18_d4p5_v1_ours/summary.json	sweep_results/e2/s18_d4p5_v1_ours/summary.json
records/sweeps/e2/s18_d4p5_v2_aeb_only/summary.json	sweep_results/e2/s18_d4p5_v2_aeb_only/summary.json
records/sweeps/e2/s18_d4p5_v2_mind/summary.json	sweep_results/e2/s18_d4p5_v2_mind/summary.json
records/sweeps/e2/s18_d4p5_v2_ours/summary.json	sweep_results/e2/s18_d4p5_v2_ours/summary.json
records/sweeps/e2/s18_d4p5_v3_aeb_only/summary.json	sweep_results/e2/s18_d4p5_v3_aeb_only/summary.json
records/sweeps/e2/s18_d4p5_v3_mind/summary.json	sweep_results/e2/s18_d4p5_v3_mind/summary.json
records/sweeps/e2/s18_d4p5_v3_ours/summary.json	sweep_results/e2/s18_d4p5_v3_ours/summary.json
records/sweeps/e2/s25_d3p5_v1_aeb_only/summary.json	sweep_results/e2/s25_d3p5_v1_aeb_only/summary.json
records/sweeps/e2/s25_d3p5_v1_mind/summary.json	sweep_results/e2/s25_d3p5_v1_mind/summary.json
records/sweeps/e2/s25_d3p5_v1_ours/summary.json	sweep_results/e2/s25_d3p5_v1_ours/summary.json
records/sweeps/e2/s25_d3p5_v2_aeb_only/summary.json	sweep_results/e2/s25_d3p5_v2_aeb_only/summary.json
records/sweeps/e2/s25_d3p5_v2_mind/summary.json	sweep_results/e2/s25_d3p5_v2_mind/summary.json
records/sweeps/e2/s25_d3p5_v2_ours/summary.json	sweep_results/e2/s25_d3p5_v2_ours/summary.json
records/sweeps/e2/s25_d3p5_v3_aeb_only/summary.json	sweep_results/e2/s25_d3p5_v3_aeb_only/summary.json
records/sweeps/e2/s25_d3p5_v3_mind/summary.json	sweep_results/e2/s25_d3p5_v3_mind/summary.json
records/sweeps/e2/s25_d3p5_v3_ours/summary.json	sweep_results/e2/s25_d3p5_v3_ours/summary.json
records/sweeps/e2/s25_d4p5_v1_aeb_only/summary.json	sweep_results/e2/s25_d4p5_v1_aeb_only/summary.json
records/sweeps/e2/s25_d4p5_v1_mind/summary.json	sweep_results/e2/s25_d4p5_v1_mind/summary.json
records/sweeps/e2/s25_d4p5_v1_ours/summary.json	sweep_results/e2/s25_d4p5_v1_ours/summary.json
records/sweeps/e2/s25_d4p5_v2_aeb_only/summary.json	sweep_results/e2/s25_d4p5_v2_aeb_only/summary.json
records/sweeps/e2/s25_d4p5_v2_mind/summary.json	sweep_results/e2/s25_d4p5_v2_mind/summary.json
records/sweeps/e2/s25_d4p5_v2_ours/summary.json	sweep_results/e2/s25_d4p5_v2_ours/summary.json
records/sweeps/e2/s25_d4p5_v3_aeb_only/summary.json	sweep_results/e2/s25_d4p5_v3_aeb_only/summary.json
records/sweeps/e2/s25_d4p5_v3_mind/summary.json	sweep_results/e2/s25_d4p5_v3_mind/summary.json
records/sweeps/e2/s25_d4p5_v3_ours/summary.json	sweep_results/e2/s25_d4p5_v3_ours/summary.json
records/sweeps/e2/s27_d3p5_v1_aeb_only/summary.json	sweep_results/e2/s27_d3p5_v1_aeb_only/summary.json
records/sweeps/e2/s27_d3p5_v1_mind/summary.json	sweep_results/e2/s27_d3p5_v1_mind/summary.json
records/sweeps/e2/s27_d3p5_v1_ours/summary.json	sweep_results/e2/s27_d3p5_v1_ours/summary.json
records/sweeps/e2/s27_d3p5_v2_aeb_only/summary.json	sweep_results/e2/s27_d3p5_v2_aeb_only/summary.json
records/sweeps/e2/s27_d3p5_v2_mind/summary.json	sweep_results/e2/s27_d3p5_v2_mind/summary.json
records/sweeps/e2/s27_d3p5_v2_ours/summary.json	sweep_results/e2/s27_d3p5_v2_ours/summary.json
records/sweeps/e2/s27_d3p5_v3_aeb_only/summary.json	sweep_results/e2/s27_d3p5_v3_aeb_only/summary.json
records/sweeps/e2/s27_d3p5_v3_mind/summary.json	sweep_results/e2/s27_d3p5_v3_mind/summary.json
records/sweeps/e2/s27_d3p5_v3_ours/summary.json	sweep_results/e2/s27_d3p5_v3_ours/summary.json
records/sweeps/e2/s27_d4p5_v1_aeb_only/summary.json	sweep_results/e2/s27_d4p5_v1_aeb_only/summary.json
records/sweeps/e2/s27_d4p5_v1_mind/summary.json	sweep_results/e2/s27_d4p5_v1_mind/summary.json
records/sweeps/e2/s27_d4p5_v1_ours/summary.json	sweep_results/e2/s27_d4p5_v1_ours/summary.json
records/sweeps/e2/s27_d4p5_v2_aeb_only/summary.json	sweep_results/e2/s27_d4p5_v2_aeb_only/summary.json
records/sweeps/e2/s27_d4p5_v2_mind/summary.json	sweep_results/e2/s27_d4p5_v2_mind/summary.json
records/sweeps/e2/s27_d4p5_v2_ours/summary.json	sweep_results/e2/s27_d4p5_v2_ours/summary.json
records/sweeps/e2/s27_d4p5_v3_aeb_only/summary.json	sweep_results/e2/s27_d4p5_v3_aeb_only/summary.json
records/sweeps/e2/s27_d4p5_v3_mind/summary.json	sweep_results/e2/s27_d4p5_v3_mind/summary.json
records/sweeps/e2/s27_d4p5_v3_ours/summary.json	sweep_results/e2/s27_d4p5_v3_ours/summary.json
records/sweeps/e2/s30_d3p5_v1_aeb_only/summary.json	sweep_results/e2/s30_d3p5_v1_aeb_only/summary.json
records/sweeps/e2/s30_d3p5_v1_mind/summary.json	sweep_results/e2/s30_d3p5_v1_mind/summary.json
records/sweeps/e2/s30_d3p5_v1_ours/summary.json	sweep_results/e2/s30_d3p5_v1_ours/summary.json
records/sweeps/e2/s30_d3p5_v2_aeb_only/summary.json	sweep_results/e2/s30_d3p5_v2_aeb_only/summary.json
records/sweeps/e2/s30_d3p5_v2_mind/summary.json	sweep_results/e2/s30_d3p5_v2_mind/summary.json
records/sweeps/e2/s30_d3p5_v2_ours/summary.json	sweep_results/e2/s30_d3p5_v2_ours/summary.json
records/sweeps/e2/s30_d3p5_v3_aeb_only/summary.json	sweep_results/e2/s30_d3p5_v3_aeb_only/summary.json
records/sweeps/e2/s30_d3p5_v3_mind/summary.json	sweep_results/e2/s30_d3p5_v3_mind/summary.json
records/sweeps/e2/s30_d3p5_v3_ours/summary.json	sweep_results/e2/s30_d3p5_v3_ours/summary.json
records/sweeps/e2/s30_d4p5_v1_aeb_only/summary.json	sweep_results/e2/s30_d4p5_v1_aeb_only/summary.json
records/sweeps/e2/s30_d4p5_v1_mind/summary.json	sweep_results/e2/s30_d4p5_v1_mind/summary.json
records/sweeps/e2/s30_d4p5_v1_ours/summary.json	sweep_results/e2/s30_d4p5_v1_ours/summary.json
records/sweeps/e2/s30_d4p5_v2_aeb_only/summary.json	sweep_results/e2/s30_d4p5_v2_aeb_only/summary.json
records/sweeps/e2/s30_d4p5_v2_mind/summary.json	sweep_results/e2/s30_d4p5_v2_mind/summary.json
records/sweeps/e2/s30_d4p5_v2_ours/summary.json	sweep_results/e2/s30_d4p5_v2_ours/summary.json
records/sweeps/e2/s30_d4p5_v3_aeb_only/summary.json	sweep_results/e2/s30_d4p5_v3_aeb_only/summary.json
records/sweeps/e2/s30_d4p5_v3_mind/summary.json	sweep_results/e2/s30_d4p5_v3_mind/summary.json
records/sweeps/e2/s30_d4p5_v3_ours/summary.json	sweep_results/e2/s30_d4p5_v3_ours/summary.json
records/sweeps/e2/s35_d3p5_v1_aeb_only/summary.json	sweep_results/e2/s35_d3p5_v1_aeb_only/summary.json
records/sweeps/e2/s35_d3p5_v1_mind/summary.json	sweep_results/e2/s35_d3p5_v1_mind/summary.json
records/sweeps/e2/s35_d3p5_v1_ours/summary.json	sweep_results/e2/s35_d3p5_v1_ours/summary.json
records/sweeps/e2/s35_d3p5_v2_aeb_only/summary.json	sweep_results/e2/s35_d3p5_v2_aeb_only/summary.json
records/sweeps/e2/s35_d3p5_v2_mind/summary.json	sweep_results/e2/s35_d3p5_v2_mind/summary.json
records/sweeps/e2/s35_d3p5_v2_ours/summary.json	sweep_results/e2/s35_d3p5_v2_ours/summary.json
records/sweeps/e2/s35_d3p5_v3_aeb_only/summary.json	sweep_results/e2/s35_d3p5_v3_aeb_only/summary.json
records/sweeps/e2/s35_d3p5_v3_mind/summary.json	sweep_results/e2/s35_d3p5_v3_mind/summary.json
records/sweeps/e2/s35_d3p5_v3_ours/summary.json	sweep_results/e2/s35_d3p5_v3_ours/summary.json
records/sweeps/e2/s35_d4p5_v1_aeb_only/summary.json	sweep_results/e2/s35_d4p5_v1_aeb_only/summary.json
records/sweeps/e2/s35_d4p5_v1_mind/summary.json	sweep_results/e2/s35_d4p5_v1_mind/summary.json
records/sweeps/e2/s35_d4p5_v1_ours/summary.json	sweep_results/e2/s35_d4p5_v1_ours/summary.json
records/sweeps/e2/s35_d4p5_v2_aeb_only/summary.json	sweep_results/e2/s35_d4p5_v2_aeb_only/summary.json
records/sweeps/e2/s35_d4p5_v2_mind/summary.json	sweep_results/e2/s35_d4p5_v2_mind/summary.json
records/sweeps/e2/s35_d4p5_v2_ours/summary.json	sweep_results/e2/s35_d4p5_v2_ours/summary.json
records/sweeps/e2/s35_d4p5_v3_aeb_only/summary.json	sweep_results/e2/s35_d4p5_v3_aeb_only/summary.json
records/sweeps/e2/s35_d4p5_v3_mind/summary.json	sweep_results/e2/s35_d4p5_v3_mind/summary.json
records/sweeps/e2/s35_d4p5_v3_ours/summary.json	sweep_results/e2/s35_d4p5_v3_ours/summary.json
records/sweeps/e2/s36_d3p5_v1_aeb_only/summary.json	sweep_results/e2/s36_d3p5_v1_aeb_only/summary.json
records/sweeps/e2/s36_d3p5_v1_mind/summary.json	sweep_results/e2/s36_d3p5_v1_mind/summary.json
records/sweeps/e2/s36_d3p5_v1_ours/summary.json	sweep_results/e2/s36_d3p5_v1_ours/summary.json
records/sweeps/e2/s36_d3p5_v2_aeb_only/summary.json	sweep_results/e2/s36_d3p5_v2_aeb_only/summary.json
records/sweeps/e2/s36_d3p5_v2_mind/summary.json	sweep_results/e2/s36_d3p5_v2_mind/summary.json
records/sweeps/e2/s36_d3p5_v2_ours/summary.json	sweep_results/e2/s36_d3p5_v2_ours/summary.json
records/sweeps/e2/s36_d3p5_v3_aeb_only/summary.json	sweep_results/e2/s36_d3p5_v3_aeb_only/summary.json
records/sweeps/e2/s36_d3p5_v3_mind/summary.json	sweep_results/e2/s36_d3p5_v3_mind/summary.json
records/sweeps/e2/s36_d3p5_v3_ours/summary.json	sweep_results/e2/s36_d3p5_v3_ours/summary.json
records/sweeps/e2/s36_d4p5_v1_aeb_only/summary.json	sweep_results/e2/s36_d4p5_v1_aeb_only/summary.json
records/sweeps/e2/s36_d4p5_v1_mind/summary.json	sweep_results/e2/s36_d4p5_v1_mind/summary.json
records/sweeps/e2/s36_d4p5_v1_ours/summary.json	sweep_results/e2/s36_d4p5_v1_ours/summary.json
records/sweeps/e2/s36_d4p5_v2_aeb_only/summary.json	sweep_results/e2/s36_d4p5_v2_aeb_only/summary.json
records/sweeps/e2/s36_d4p5_v2_mind/summary.json	sweep_results/e2/s36_d4p5_v2_mind/summary.json
records/sweeps/e2/s36_d4p5_v2_ours/summary.json	sweep_results/e2/s36_d4p5_v2_ours/summary.json
records/sweeps/e2/s36_d4p5_v3_aeb_only/summary.json	sweep_results/e2/s36_d4p5_v3_aeb_only/summary.json
records/sweeps/e2/s36_d4p5_v3_mind/summary.json	sweep_results/e2/s36_d4p5_v3_mind/summary.json
records/sweeps/e2/s36_d4p5_v3_ours/summary.json	sweep_results/e2/s36_d4p5_v3_ours/summary.json
records/sweeps/e2/s37_d3p5_v1_aeb_only/summary.json	sweep_results/e2/s37_d3p5_v1_aeb_only/summary.json
records/sweeps/e2/s37_d3p5_v1_mind/summary.json	sweep_results/e2/s37_d3p5_v1_mind/summary.json
records/sweeps/e2/s37_d3p5_v1_ours/summary.json	sweep_results/e2/s37_d3p5_v1_ours/summary.json
records/sweeps/e2/s37_d3p5_v2_aeb_only/summary.json	sweep_results/e2/s37_d3p5_v2_aeb_only/summary.json
records/sweeps/e2/s37_d3p5_v2_mind/summary.json	sweep_results/e2/s37_d3p5_v2_mind/summary.json
records/sweeps/e2/s37_d3p5_v2_ours/summary.json	sweep_results/e2/s37_d3p5_v2_ours/summary.json
records/sweeps/e2/s37_d3p5_v3_aeb_only/summary.json	sweep_results/e2/s37_d3p5_v3_aeb_only/summary.json
records/sweeps/e2/s37_d3p5_v3_mind/summary.json	sweep_results/e2/s37_d3p5_v3_mind/summary.json
records/sweeps/e2/s37_d3p5_v3_ours/summary.json	sweep_results/e2/s37_d3p5_v3_ours/summary.json
records/sweeps/e2/s37_d4p5_v1_aeb_only/summary.json	sweep_results/e2/s37_d4p5_v1_aeb_only/summary.json
records/sweeps/e2/s37_d4p5_v1_mind/summary.json	sweep_results/e2/s37_d4p5_v1_mind/summary.json
records/sweeps/e2/s37_d4p5_v1_ours/summary.json	sweep_results/e2/s37_d4p5_v1_ours/summary.json
records/sweeps/e2/s37_d4p5_v2_aeb_only/summary.json	sweep_results/e2/s37_d4p5_v2_aeb_only/summary.json
records/sweeps/e2/s37_d4p5_v2_mind/summary.json	sweep_results/e2/s37_d4p5_v2_mind/summary.json
records/sweeps/e2/s37_d4p5_v2_ours/summary.json	sweep_results/e2/s37_d4p5_v2_ours/summary.json
records/sweeps/e2/s37_d4p5_v3_aeb_only/summary.json	sweep_results/e2/s37_d4p5_v3_aeb_only/summary.json
records/sweeps/e2/s37_d4p5_v3_mind/summary.json	sweep_results/e2/s37_d4p5_v3_mind/summary.json
records/sweeps/e2/s37_d4p5_v3_ours/summary.json	sweep_results/e2/s37_d4p5_v3_ours/summary.json
records/sweeps/e2/s40_d3p5_v1_aeb_only/summary.json	sweep_results/e2/s40_d3p5_v1_aeb_only/summary.json
records/sweeps/e2/s40_d3p5_v1_mind/summary.json	sweep_results/e2/s40_d3p5_v1_mind/summary.json
records/sweeps/e2/s40_d3p5_v1_ours/summary.json	sweep_results/e2/s40_d3p5_v1_ours/summary.json
records/sweeps/e2/s40_d3p5_v2_aeb_only/summary.json	sweep_results/e2/s40_d3p5_v2_aeb_only/summary.json
records/sweeps/e2/s40_d3p5_v2_mind/summary.json	sweep_results/e2/s40_d3p5_v2_mind/summary.json
records/sweeps/e2/s40_d3p5_v2_ours/summary.json	sweep_results/e2/s40_d3p5_v2_ours/summary.json
records/sweeps/e2/s40_d3p5_v3_aeb_only/summary.json	sweep_results/e2/s40_d3p5_v3_aeb_only/summary.json
records/sweeps/e2/s40_d3p5_v3_mind/summary.json	sweep_results/e2/s40_d3p5_v3_mind/summary.json
records/sweeps/e2/s40_d3p5_v3_ours/summary.json	sweep_results/e2/s40_d3p5_v3_ours/summary.json
records/sweeps/e2/s40_d4p5_v1_aeb_only/summary.json	sweep_results/e2/s40_d4p5_v1_aeb_only/summary.json
records/sweeps/e2/s40_d4p5_v1_mind/summary.json	sweep_results/e2/s40_d4p5_v1_mind/summary.json
records/sweeps/e2/s40_d4p5_v1_ours/summary.json	sweep_results/e2/s40_d4p5_v1_ours/summary.json
records/sweeps/e2/s40_d4p5_v2_aeb_only/summary.json	sweep_results/e2/s40_d4p5_v2_aeb_only/summary.json
records/sweeps/e2/s40_d4p5_v2_mind/summary.json	sweep_results/e2/s40_d4p5_v2_mind/summary.json
records/sweeps/e2/s40_d4p5_v2_ours/summary.json	sweep_results/e2/s40_d4p5_v2_ours/summary.json
records/sweeps/e2/s40_d4p5_v3_aeb_only/summary.json	sweep_results/e2/s40_d4p5_v3_aeb_only/summary.json
records/sweeps/e2/s40_d4p5_v3_mind/summary.json	sweep_results/e2/s40_d4p5_v3_mind/summary.json
records/sweeps/e2/s40_d4p5_v3_ours/summary.json	sweep_results/e2/s40_d4p5_v3_ours/summary.json
records/sweeps/e2/s45_d3p5_v1_aeb_only/summary.json	sweep_results/e2/s45_d3p5_v1_aeb_only/summary.json
records/sweeps/e2/s45_d3p5_v1_mind/summary.json	sweep_results/e2/s45_d3p5_v1_mind/summary.json
records/sweeps/e2/s45_d3p5_v1_ours/summary.json	sweep_results/e2/s45_d3p5_v1_ours/summary.json
records/sweeps/e2/s45_d3p5_v2_aeb_only/summary.json	sweep_results/e2/s45_d3p5_v2_aeb_only/summary.json
records/sweeps/e2/s45_d3p5_v2_mind/summary.json	sweep_results/e2/s45_d3p5_v2_mind/summary.json
records/sweeps/e2/s45_d3p5_v2_ours/summary.json	sweep_results/e2/s45_d3p5_v2_ours/summary.json
records/sweeps/e2/s45_d3p5_v3_aeb_only/summary.json	sweep_results/e2/s45_d3p5_v3_aeb_only/summary.json
records/sweeps/e2/s45_d3p5_v3_mind/summary.json	sweep_results/e2/s45_d3p5_v3_mind/summary.json
records/sweeps/e2/s45_d3p5_v3_ours/summary.json	sweep_results/e2/s45_d3p5_v3_ours/summary.json
records/sweeps/e2/s45_d4p5_v1_aeb_only/summary.json	sweep_results/e2/s45_d4p5_v1_aeb_only/summary.json
records/sweeps/e2/s45_d4p5_v1_mind/summary.json	sweep_results/e2/s45_d4p5_v1_mind/summary.json
records/sweeps/e2/s45_d4p5_v1_ours/summary.json	sweep_results/e2/s45_d4p5_v1_ours/summary.json
records/sweeps/e2/s45_d4p5_v2_aeb_only/summary.json	sweep_results/e2/s45_d4p5_v2_aeb_only/summary.json
records/sweeps/e2/s45_d4p5_v2_mind/summary.json	sweep_results/e2/s45_d4p5_v2_mind/summary.json
records/sweeps/e2/s45_d4p5_v2_ours/summary.json	sweep_results/e2/s45_d4p5_v2_ours/summary.json
records/sweeps/e2/s45_d4p5_v3_aeb_only/summary.json	sweep_results/e2/s45_d4p5_v3_aeb_only/summary.json
records/sweeps/e2/s45_d4p5_v3_mind/summary.json	sweep_results/e2/s45_d4p5_v3_mind/summary.json
records/sweeps/e2/s45_d4p5_v3_ours/summary.json	sweep_results/e2/s45_d4p5_v3_ours/summary.json
records/sweeps/e2/s46_d3p5_v1_aeb_only/summary.json	sweep_results/e2/s46_d3p5_v1_aeb_only/summary.json
records/sweeps/e2/s46_d3p5_v1_mind/summary.json	sweep_results/e2/s46_d3p5_v1_mind/summary.json
records/sweeps/e2/s46_d3p5_v1_ours/summary.json	sweep_results/e2/s46_d3p5_v1_ours/summary.json
records/sweeps/e2/s46_d3p5_v2_aeb_only/summary.json	sweep_results/e2/s46_d3p5_v2_aeb_only/summary.json
records/sweeps/e2/s46_d3p5_v2_mind/summary.json	sweep_results/e2/s46_d3p5_v2_mind/summary.json
records/sweeps/e2/s46_d3p5_v2_ours/summary.json	sweep_results/e2/s46_d3p5_v2_ours/summary.json
records/sweeps/e2/s46_d3p5_v3_aeb_only/summary.json	sweep_results/e2/s46_d3p5_v3_aeb_only/summary.json
records/sweeps/e2/s46_d3p5_v3_mind/summary.json	sweep_results/e2/s46_d3p5_v3_mind/summary.json
records/sweeps/e2/s46_d3p5_v3_ours/summary.json	sweep_results/e2/s46_d3p5_v3_ours/summary.json
records/sweeps/e2/s46_d4p5_v1_aeb_only/summary.json	sweep_results/e2/s46_d4p5_v1_aeb_only/summary.json
records/sweeps/e2/s46_d4p5_v1_mind/summary.json	sweep_results/e2/s46_d4p5_v1_mind/summary.json
records/sweeps/e2/s46_d4p5_v1_ours/summary.json	sweep_results/e2/s46_d4p5_v1_ours/summary.json
records/sweeps/e2/s46_d4p5_v2_aeb_only/summary.json	sweep_results/e2/s46_d4p5_v2_aeb_only/summary.json
records/sweeps/e2/s46_d4p5_v2_mind/summary.json	sweep_results/e2/s46_d4p5_v2_mind/summary.json
records/sweeps/e2/s46_d4p5_v2_ours/summary.json	sweep_results/e2/s46_d4p5_v2_ours/summary.json
records/sweeps/e2/s46_d4p5_v3_aeb_only/summary.json	sweep_results/e2/s46_d4p5_v3_aeb_only/summary.json
records/sweeps/e2/s46_d4p5_v3_mind/summary.json	sweep_results/e2/s46_d4p5_v3_mind/summary.json
records/sweeps/e2/s46_d4p5_v3_ours/summary.json	sweep_results/e2/s46_d4p5_v3_ours/summary.json
records/sweeps/e2/s49_d3p5_v1_aeb_only/summary.json	sweep_results/e2/s49_d3p5_v1_aeb_only/summary.json
records/sweeps/e2/s49_d3p5_v1_mind/summary.json	sweep_results/e2/s49_d3p5_v1_mind/summary.json
records/sweeps/e2/s49_d3p5_v1_ours/summary.json	sweep_results/e2/s49_d3p5_v1_ours/summary.json
records/sweeps/e2/s49_d3p5_v2_aeb_only/summary.json	sweep_results/e2/s49_d3p5_v2_aeb_only/summary.json
records/sweeps/e2/s49_d3p5_v2_mind/summary.json	sweep_results/e2/s49_d3p5_v2_mind/summary.json
records/sweeps/e2/s49_d3p5_v2_ours/summary.json	sweep_results/e2/s49_d3p5_v2_ours/summary.json
records/sweeps/e2/s49_d3p5_v3_aeb_only/summary.json	sweep_results/e2/s49_d3p5_v3_aeb_only/summary.json
records/sweeps/e2/s49_d3p5_v3_mind/summary.json	sweep_results/e2/s49_d3p5_v3_mind/summary.json
records/sweeps/e2/s49_d3p5_v3_ours/summary.json	sweep_results/e2/s49_d3p5_v3_ours/summary.json
records/sweeps/e2/s49_d4p5_v1_aeb_only/summary.json	sweep_results/e2/s49_d4p5_v1_aeb_only/summary.json
records/sweeps/e2/s49_d4p5_v1_mind/summary.json	sweep_results/e2/s49_d4p5_v1_mind/summary.json
records/sweeps/e2/s49_d4p5_v1_ours/summary.json	sweep_results/e2/s49_d4p5_v1_ours/summary.json
records/sweeps/e2/s49_d4p5_v2_aeb_only/summary.json	sweep_results/e2/s49_d4p5_v2_aeb_only/summary.json
records/sweeps/e2/s49_d4p5_v2_mind/summary.json	sweep_results/e2/s49_d4p5_v2_mind/summary.json
records/sweeps/e2/s49_d4p5_v2_ours/summary.json	sweep_results/e2/s49_d4p5_v2_ours/summary.json
records/sweeps/e2/s49_d4p5_v3_aeb_only/summary.json	sweep_results/e2/s49_d4p5_v3_aeb_only/summary.json
records/sweeps/e2/s49_d4p5_v3_mind/summary.json	sweep_results/e2/s49_d4p5_v3_mind/summary.json
records/sweeps/e2/s49_d4p5_v3_ours/summary.json	sweep_results/e2/s49_d4p5_v3_ours/summary.json
records/sweeps/e2/s53_d3p5_v1_aeb_only/summary.json	sweep_results/e2/s53_d3p5_v1_aeb_only/summary.json
records/sweeps/e2/s53_d3p5_v1_mind/summary.json	sweep_results/e2/s53_d3p5_v1_mind/summary.json
records/sweeps/e2/s53_d3p5_v1_ours/summary.json	sweep_results/e2/s53_d3p5_v1_ours/summary.json
records/sweeps/e2/s53_d3p5_v2_aeb_only/summary.json	sweep_results/e2/s53_d3p5_v2_aeb_only/summary.json
records/sweeps/e2/s53_d3p5_v2_mind/summary.json	sweep_results/e2/s53_d3p5_v2_mind/summary.json
records/sweeps/e2/s53_d3p5_v2_ours/summary.json	sweep_results/e2/s53_d3p5_v2_ours/summary.json
records/sweeps/e2/s53_d3p5_v3_aeb_only/summary.json	sweep_results/e2/s53_d3p5_v3_aeb_only/summary.json
records/sweeps/e2/s53_d3p5_v3_mind/summary.json	sweep_results/e2/s53_d3p5_v3_mind/summary.json
records/sweeps/e2/s53_d3p5_v3_ours/summary.json	sweep_results/e2/s53_d3p5_v3_ours/summary.json
records/sweeps/e2/s53_d4p5_v1_aeb_only/summary.json	sweep_results/e2/s53_d4p5_v1_aeb_only/summary.json
records/sweeps/e2/s53_d4p5_v1_mind/summary.json	sweep_results/e2/s53_d4p5_v1_mind/summary.json
records/sweeps/e2/s53_d4p5_v1_ours/summary.json	sweep_results/e2/s53_d4p5_v1_ours/summary.json
records/sweeps/e2/s53_d4p5_v2_aeb_only/summary.json	sweep_results/e2/s53_d4p5_v2_aeb_only/summary.json
records/sweeps/e2/s53_d4p5_v2_mind/summary.json	sweep_results/e2/s53_d4p5_v2_mind/summary.json
records/sweeps/e2/s53_d4p5_v2_ours/summary.json	sweep_results/e2/s53_d4p5_v2_ours/summary.json
records/sweeps/e2/s53_d4p5_v3_aeb_only/summary.json	sweep_results/e2/s53_d4p5_v3_aeb_only/summary.json
records/sweeps/e2/s53_d4p5_v3_mind/summary.json	sweep_results/e2/s53_d4p5_v3_mind/summary.json
records/sweeps/e2/s53_d4p5_v3_ours/summary.json	sweep_results/e2/s53_d4p5_v3_ours/summary.json
records/sweeps/e2/s54_d3p5_v1_aeb_only/summary.json	sweep_results/e2/s54_d3p5_v1_aeb_only/summary.json
records/sweeps/e2/s54_d3p5_v1_mind/summary.json	sweep_results/e2/s54_d3p5_v1_mind/summary.json
records/sweeps/e2/s54_d3p5_v1_ours/summary.json	sweep_results/e2/s54_d3p5_v1_ours/summary.json
records/sweeps/e2/s54_d3p5_v2_aeb_only/summary.json	sweep_results/e2/s54_d3p5_v2_aeb_only/summary.json
records/sweeps/e2/s54_d3p5_v2_mind/summary.json	sweep_results/e2/s54_d3p5_v2_mind/summary.json
records/sweeps/e2/s54_d3p5_v2_ours/summary.json	sweep_results/e2/s54_d3p5_v2_ours/summary.json
records/sweeps/e2/s54_d3p5_v3_aeb_only/summary.json	sweep_results/e2/s54_d3p5_v3_aeb_only/summary.json
records/sweeps/e2/s54_d3p5_v3_mind/summary.json	sweep_results/e2/s54_d3p5_v3_mind/summary.json
records/sweeps/e2/s54_d3p5_v3_ours/summary.json	sweep_results/e2/s54_d3p5_v3_ours/summary.json
records/sweeps/e2/s54_d4p5_v1_aeb_only/summary.json	sweep_results/e2/s54_d4p5_v1_aeb_only/summary.json
records/sweeps/e2/s54_d4p5_v1_mind/summary.json	sweep_results/e2/s54_d4p5_v1_mind/summary.json
records/sweeps/e2/s54_d4p5_v1_ours/summary.json	sweep_results/e2/s54_d4p5_v1_ours/summary.json
records/sweeps/e2/s54_d4p5_v2_aeb_only/summary.json	sweep_results/e2/s54_d4p5_v2_aeb_only/summary.json
records/sweeps/e2/s54_d4p5_v2_mind/summary.json	sweep_results/e2/s54_d4p5_v2_mind/summary.json
records/sweeps/e2/s54_d4p5_v2_ours/summary.json	sweep_results/e2/s54_d4p5_v2_ours/summary.json
records/sweeps/e2/s54_d4p5_v3_aeb_only/summary.json	sweep_results/e2/s54_d4p5_v3_aeb_only/summary.json
records/sweeps/e2/s54_d4p5_v3_mind/summary.json	sweep_results/e2/s54_d4p5_v3_mind/summary.json
records/sweeps/e2/s54_d4p5_v3_ours/summary.json	sweep_results/e2/s54_d4p5_v3_ours/summary.json
records/sweeps/e2/s55_d3p5_v1_aeb_only/summary.json	sweep_results/e2/s55_d3p5_v1_aeb_only/summary.json
records/sweeps/e2/s55_d3p5_v1_mind/summary.json	sweep_results/e2/s55_d3p5_v1_mind/summary.json
records/sweeps/e2/s55_d3p5_v1_ours/summary.json	sweep_results/e2/s55_d3p5_v1_ours/summary.json
records/sweeps/e2/s55_d3p5_v2_aeb_only/summary.json	sweep_results/e2/s55_d3p5_v2_aeb_only/summary.json
records/sweeps/e2/s55_d3p5_v2_mind/summary.json	sweep_results/e2/s55_d3p5_v2_mind/summary.json
records/sweeps/e2/s55_d3p5_v2_ours/summary.json	sweep_results/e2/s55_d3p5_v2_ours/summary.json
records/sweeps/e2/s55_d3p5_v3_aeb_only/summary.json	sweep_results/e2/s55_d3p5_v3_aeb_only/summary.json
records/sweeps/e2/s55_d3p5_v3_mind/summary.json	sweep_results/e2/s55_d3p5_v3_mind/summary.json
records/sweeps/e2/s55_d3p5_v3_ours/summary.json	sweep_results/e2/s55_d3p5_v3_ours/summary.json
records/sweeps/e2/s55_d4p5_v1_aeb_only/summary.json	sweep_results/e2/s55_d4p5_v1_aeb_only/summary.json
records/sweeps/e2/s55_d4p5_v1_mind/summary.json	sweep_results/e2/s55_d4p5_v1_mind/summary.json
records/sweeps/e2/s55_d4p5_v1_ours/summary.json	sweep_results/e2/s55_d4p5_v1_ours/summary.json
records/sweeps/e2/s55_d4p5_v2_aeb_only/summary.json	sweep_results/e2/s55_d4p5_v2_aeb_only/summary.json
records/sweeps/e2/s55_d4p5_v2_mind/summary.json	sweep_results/e2/s55_d4p5_v2_mind/summary.json
records/sweeps/e2/s55_d4p5_v2_ours/summary.json	sweep_results/e2/s55_d4p5_v2_ours/summary.json
records/sweeps/e2/s55_d4p5_v3_aeb_only/summary.json	sweep_results/e2/s55_d4p5_v3_aeb_only/summary.json
records/sweeps/e2/s55_d4p5_v3_mind/summary.json	sweep_results/e2/s55_d4p5_v3_mind/summary.json
records/sweeps/e2/s55_d4p5_v3_ours/summary.json	sweep_results/e2/s55_d4p5_v3_ours/summary.json
records/sweeps/e2/s58_d3p5_v1_aeb_only/summary.json	sweep_results/e2/s58_d3p5_v1_aeb_only/summary.json
records/sweeps/e2/s58_d3p5_v1_mind/summary.json	sweep_results/e2/s58_d3p5_v1_mind/summary.json
records/sweeps/e2/s58_d3p5_v1_ours/summary.json	sweep_results/e2/s58_d3p5_v1_ours/summary.json
records/sweeps/e2/s58_d3p5_v2_aeb_only/summary.json	sweep_results/e2/s58_d3p5_v2_aeb_only/summary.json
records/sweeps/e2/s58_d3p5_v2_mind/summary.json	sweep_results/e2/s58_d3p5_v2_mind/summary.json
records/sweeps/e2/s58_d3p5_v2_ours/summary.json	sweep_results/e2/s58_d3p5_v2_ours/summary.json
records/sweeps/e2/s58_d3p5_v3_aeb_only/summary.json	sweep_results/e2/s58_d3p5_v3_aeb_only/summary.json
records/sweeps/e2/s58_d3p5_v3_mind/summary.json	sweep_results/e2/s58_d3p5_v3_mind/summary.json
records/sweeps/e2/s58_d3p5_v3_ours/summary.json	sweep_results/e2/s58_d3p5_v3_ours/summary.json
records/sweeps/e2/s58_d4p5_v1_aeb_only/summary.json	sweep_results/e2/s58_d4p5_v1_aeb_only/summary.json
records/sweeps/e2/s58_d4p5_v1_mind/summary.json	sweep_results/e2/s58_d4p5_v1_mind/summary.json
records/sweeps/e2/s58_d4p5_v1_ours/summary.json	sweep_results/e2/s58_d4p5_v1_ours/summary.json
records/sweeps/e2/s58_d4p5_v2_aeb_only/summary.json	sweep_results/e2/s58_d4p5_v2_aeb_only/summary.json
records/sweeps/e2/s58_d4p5_v2_mind/summary.json	sweep_results/e2/s58_d4p5_v2_mind/summary.json
records/sweeps/e2/s58_d4p5_v2_ours/summary.json	sweep_results/e2/s58_d4p5_v2_ours/summary.json
records/sweeps/e2/s58_d4p5_v3_aeb_only/summary.json	sweep_results/e2/s58_d4p5_v3_aeb_only/summary.json
records/sweeps/e2/s58_d4p5_v3_mind/summary.json	sweep_results/e2/s58_d4p5_v3_mind/summary.json
records/sweeps/e2/s58_d4p5_v3_ours/summary.json	sweep_results/e2/s58_d4p5_v3_ours/summary.json
records/sweeps/e2/s62_d3p5_v1_aeb_only/summary.json	sweep_results/e2/s62_d3p5_v1_aeb_only/summary.json
records/sweeps/e2/s62_d3p5_v1_mind/summary.json	sweep_results/e2/s62_d3p5_v1_mind/summary.json
records/sweeps/e2/s62_d3p5_v1_ours/summary.json	sweep_results/e2/s62_d3p5_v1_ours/summary.json
records/sweeps/e2/s62_d3p5_v2_aeb_only/summary.json	sweep_results/e2/s62_d3p5_v2_aeb_only/summary.json
records/sweeps/e2/s62_d3p5_v2_mind/summary.json	sweep_results/e2/s62_d3p5_v2_mind/summary.json
records/sweeps/e2/s62_d3p5_v2_ours/summary.json	sweep_results/e2/s62_d3p5_v2_ours/summary.json
records/sweeps/e2/s62_d3p5_v3_aeb_only/summary.json	sweep_results/e2/s62_d3p5_v3_aeb_only/summary.json
records/sweeps/e2/s62_d3p5_v3_mind/summary.json	sweep_results/e2/s62_d3p5_v3_mind/summary.json
records/sweeps/e2/s62_d3p5_v3_ours/summary.json	sweep_results/e2/s62_d3p5_v3_ours/summary.json
records/sweeps/e2/s62_d4p5_v1_aeb_only/summary.json	sweep_results/e2/s62_d4p5_v1_aeb_only/summary.json
records/sweeps/e2/s62_d4p5_v1_mind/summary.json	sweep_results/e2/s62_d4p5_v1_mind/summary.json
records/sweeps/e2/s62_d4p5_v1_ours/summary.json	sweep_results/e2/s62_d4p5_v1_ours/summary.json
records/sweeps/e2/s62_d4p5_v2_aeb_only/summary.json	sweep_results/e2/s62_d4p5_v2_aeb_only/summary.json
records/sweeps/e2/s62_d4p5_v2_mind/summary.json	sweep_results/e2/s62_d4p5_v2_mind/summary.json
records/sweeps/e2/s62_d4p5_v2_ours/summary.json	sweep_results/e2/s62_d4p5_v2_ours/summary.json
records/sweeps/e2/s62_d4p5_v3_aeb_only/summary.json	sweep_results/e2/s62_d4p5_v3_aeb_only/summary.json
records/sweeps/e2/s62_d4p5_v3_mind/summary.json	sweep_results/e2/s62_d4p5_v3_mind/summary.json
records/sweeps/e2/s62_d4p5_v3_ours/summary.json	sweep_results/e2/s62_d4p5_v3_ours/summary.json
records/sweeps/e2/s64_d3p5_v1_aeb_only/summary.json	sweep_results/e2/s64_d3p5_v1_aeb_only/summary.json
records/sweeps/e2/s64_d3p5_v1_mind/summary.json	sweep_results/e2/s64_d3p5_v1_mind/summary.json
records/sweeps/e2/s64_d3p5_v1_ours/summary.json	sweep_results/e2/s64_d3p5_v1_ours/summary.json
records/sweeps/e2/s64_d3p5_v2_aeb_only/summary.json	sweep_results/e2/s64_d3p5_v2_aeb_only/summary.json
records/sweeps/e2/s64_d3p5_v2_mind/summary.json	sweep_results/e2/s64_d3p5_v2_mind/summary.json
records/sweeps/e2/s64_d3p5_v2_ours/summary.json	sweep_results/e2/s64_d3p5_v2_ours/summary.json
records/sweeps/e2/s64_d3p5_v3_aeb_only/summary.json	sweep_results/e2/s64_d3p5_v3_aeb_only/summary.json
records/sweeps/e2/s64_d3p5_v3_mind/summary.json	sweep_results/e2/s64_d3p5_v3_mind/summary.json
records/sweeps/e2/s64_d3p5_v3_ours/summary.json	sweep_results/e2/s64_d3p5_v3_ours/summary.json
records/sweeps/e2/s64_d4p5_v1_aeb_only/summary.json	sweep_results/e2/s64_d4p5_v1_aeb_only/summary.json
records/sweeps/e2/s64_d4p5_v1_mind/summary.json	sweep_results/e2/s64_d4p5_v1_mind/summary.json
records/sweeps/e2/s64_d4p5_v1_ours/summary.json	sweep_results/e2/s64_d4p5_v1_ours/summary.json
records/sweeps/e2/s64_d4p5_v2_aeb_only/summary.json	sweep_results/e2/s64_d4p5_v2_aeb_only/summary.json
records/sweeps/e2/s64_d4p5_v2_mind/summary.json	sweep_results/e2/s64_d4p5_v2_mind/summary.json
records/sweeps/e2/s64_d4p5_v2_ours/summary.json	sweep_results/e2/s64_d4p5_v2_ours/summary.json
records/sweeps/e2/s64_d4p5_v3_aeb_only/summary.json	sweep_results/e2/s64_d4p5_v3_aeb_only/summary.json
records/sweeps/e2/s64_d4p5_v3_mind/summary.json	sweep_results/e2/s64_d4p5_v3_mind/summary.json
records/sweeps/e2/s64_d4p5_v3_ours/summary.json	sweep_results/e2/s64_d4p5_v3_ours/summary.json
records/sweeps/e2/s65_d3p5_v1_aeb_only/summary.json	sweep_results/e2/s65_d3p5_v1_aeb_only/summary.json
records/sweeps/e2/s65_d3p5_v1_mind/summary.json	sweep_results/e2/s65_d3p5_v1_mind/summary.json
records/sweeps/e2/s65_d3p5_v1_ours/summary.json	sweep_results/e2/s65_d3p5_v1_ours/summary.json
records/sweeps/e2/s65_d3p5_v2_aeb_only/summary.json	sweep_results/e2/s65_d3p5_v2_aeb_only/summary.json
records/sweeps/e2/s65_d3p5_v2_mind/summary.json	sweep_results/e2/s65_d3p5_v2_mind/summary.json
records/sweeps/e2/s65_d3p5_v2_ours/summary.json	sweep_results/e2/s65_d3p5_v2_ours/summary.json
records/sweeps/e2/s65_d3p5_v3_aeb_only/summary.json	sweep_results/e2/s65_d3p5_v3_aeb_only/summary.json
records/sweeps/e2/s65_d3p5_v3_mind/summary.json	sweep_results/e2/s65_d3p5_v3_mind/summary.json
records/sweeps/e2/s65_d3p5_v3_ours/summary.json	sweep_results/e2/s65_d3p5_v3_ours/summary.json
records/sweeps/e2/s65_d4p5_v1_aeb_only/summary.json	sweep_results/e2/s65_d4p5_v1_aeb_only/summary.json
records/sweeps/e2/s65_d4p5_v1_mind/summary.json	sweep_results/e2/s65_d4p5_v1_mind/summary.json
records/sweeps/e2/s65_d4p5_v1_ours/summary.json	sweep_results/e2/s65_d4p5_v1_ours/summary.json
records/sweeps/e2/s65_d4p5_v2_aeb_only/summary.json	sweep_results/e2/s65_d4p5_v2_aeb_only/summary.json
records/sweeps/e2/s65_d4p5_v2_mind/summary.json	sweep_results/e2/s65_d4p5_v2_mind/summary.json
records/sweeps/e2/s65_d4p5_v2_ours/summary.json	sweep_results/e2/s65_d4p5_v2_ours/summary.json
records/sweeps/e2/s65_d4p5_v3_aeb_only/summary.json	sweep_results/e2/s65_d4p5_v3_aeb_only/summary.json
records/sweeps/e2/s65_d4p5_v3_mind/summary.json	sweep_results/e2/s65_d4p5_v3_mind/summary.json
records/sweeps/e2/s65_d4p5_v3_ours/summary.json	sweep_results/e2/s65_d4p5_v3_ours/summary.json
records/sweeps/e2/s75_d3p5_v1_aeb_only/summary.json	sweep_results/e2/s75_d3p5_v1_aeb_only/summary.json
records/sweeps/e2/s75_d3p5_v1_mind/summary.json	sweep_results/e2/s75_d3p5_v1_mind/summary.json
records/sweeps/e2/s75_d3p5_v1_ours/summary.json	sweep_results/e2/s75_d3p5_v1_ours/summary.json
records/sweeps/e2/s75_d3p5_v2_aeb_only/summary.json	sweep_results/e2/s75_d3p5_v2_aeb_only/summary.json
records/sweeps/e2/s75_d3p5_v2_mind/summary.json	sweep_results/e2/s75_d3p5_v2_mind/summary.json
records/sweeps/e2/s75_d3p5_v2_ours/summary.json	sweep_results/e2/s75_d3p5_v2_ours/summary.json
records/sweeps/e2/s75_d3p5_v3_aeb_only/summary.json	sweep_results/e2/s75_d3p5_v3_aeb_only/summary.json
records/sweeps/e2/s75_d3p5_v3_mind/summary.json	sweep_results/e2/s75_d3p5_v3_mind/summary.json
records/sweeps/e2/s75_d3p5_v3_ours/summary.json	sweep_results/e2/s75_d3p5_v3_ours/summary.json
records/sweeps/e2/s75_d4p5_v1_aeb_only/summary.json	sweep_results/e2/s75_d4p5_v1_aeb_only/summary.json
records/sweeps/e2/s75_d4p5_v1_mind/summary.json	sweep_results/e2/s75_d4p5_v1_mind/summary.json
records/sweeps/e2/s75_d4p5_v1_ours/summary.json	sweep_results/e2/s75_d4p5_v1_ours/summary.json
records/sweeps/e2/s75_d4p5_v2_aeb_only/summary.json	sweep_results/e2/s75_d4p5_v2_aeb_only/summary.json
records/sweeps/e2/s75_d4p5_v2_mind/summary.json	sweep_results/e2/s75_d4p5_v2_mind/summary.json
records/sweeps/e2/s75_d4p5_v2_ours/summary.json	sweep_results/e2/s75_d4p5_v2_ours/summary.json
records/sweeps/e2/s75_d4p5_v3_aeb_only/summary.json	sweep_results/e2/s75_d4p5_v3_aeb_only/summary.json
records/sweeps/e2/s75_d4p5_v3_mind/summary.json	sweep_results/e2/s75_d4p5_v3_mind/summary.json
records/sweeps/e2/s75_d4p5_v3_ours/summary.json	sweep_results/e2/s75_d4p5_v3_ours/summary.json
records/sweeps/e2/s76_d3p5_v1_aeb_only/summary.json	sweep_results/e2/s76_d3p5_v1_aeb_only/summary.json
records/sweeps/e2/s76_d3p5_v1_mind/summary.json	sweep_results/e2/s76_d3p5_v1_mind/summary.json
records/sweeps/e2/s76_d3p5_v1_ours/summary.json	sweep_results/e2/s76_d3p5_v1_ours/summary.json
records/sweeps/e2/s76_d3p5_v2_aeb_only/summary.json	sweep_results/e2/s76_d3p5_v2_aeb_only/summary.json
records/sweeps/e2/s76_d3p5_v2_mind/summary.json	sweep_results/e2/s76_d3p5_v2_mind/summary.json
records/sweeps/e2/s76_d3p5_v2_ours/summary.json	sweep_results/e2/s76_d3p5_v2_ours/summary.json
records/sweeps/e2/s76_d3p5_v3_aeb_only/summary.json	sweep_results/e2/s76_d3p5_v3_aeb_only/summary.json
records/sweeps/e2/s76_d3p5_v3_mind/summary.json	sweep_results/e2/s76_d3p5_v3_mind/summary.json
records/sweeps/e2/s76_d3p5_v3_ours/summary.json	sweep_results/e2/s76_d3p5_v3_ours/summary.json
records/sweeps/e2/s76_d4p5_v1_aeb_only/summary.json	sweep_results/e2/s76_d4p5_v1_aeb_only/summary.json
records/sweeps/e2/s76_d4p5_v1_mind/summary.json	sweep_results/e2/s76_d4p5_v1_mind/summary.json
records/sweeps/e2/s76_d4p5_v1_ours/summary.json	sweep_results/e2/s76_d4p5_v1_ours/summary.json
records/sweeps/e2/s76_d4p5_v2_aeb_only/summary.json	sweep_results/e2/s76_d4p5_v2_aeb_only/summary.json
records/sweeps/e2/s76_d4p5_v2_mind/summary.json	sweep_results/e2/s76_d4p5_v2_mind/summary.json
records/sweeps/e2/s76_d4p5_v2_ours/summary.json	sweep_results/e2/s76_d4p5_v2_ours/summary.json
records/sweeps/e2/s76_d4p5_v3_aeb_only/summary.json	sweep_results/e2/s76_d4p5_v3_aeb_only/summary.json
records/sweeps/e2/s76_d4p5_v3_mind/summary.json	sweep_results/e2/s76_d4p5_v3_mind/summary.json
records/sweeps/e2/s76_d4p5_v3_ours/summary.json	sweep_results/e2/s76_d4p5_v3_ours/summary.json
records/sweeps/e2/s77_d3p5_v1_aeb_only/summary.json	sweep_results/e2/s77_d3p5_v1_aeb_only/summary.json
records/sweeps/e2/s77_d3p5_v1_mind/summary.json	sweep_results/e2/s77_d3p5_v1_mind/summary.json
records/sweeps/e2/s77_d3p5_v1_ours/summary.json	sweep_results/e2/s77_d3p5_v1_ours/summary.json
records/sweeps/e2/s77_d3p5_v2_aeb_only/summary.json	sweep_results/e2/s77_d3p5_v2_aeb_only/summary.json
records/sweeps/e2/s77_d3p5_v2_mind/summary.json	sweep_results/e2/s77_d3p5_v2_mind/summary.json
records/sweeps/e2/s77_d3p5_v2_ours/summary.json	sweep_results/e2/s77_d3p5_v2_ours/summary.json
records/sweeps/e2/s77_d3p5_v3_aeb_only/summary.json	sweep_results/e2/s77_d3p5_v3_aeb_only/summary.json
records/sweeps/e2/s77_d3p5_v3_mind/summary.json	sweep_results/e2/s77_d3p5_v3_mind/summary.json
records/sweeps/e2/s77_d3p5_v3_ours/summary.json	sweep_results/e2/s77_d3p5_v3_ours/summary.json
records/sweeps/e2/s77_d4p5_v1_aeb_only/summary.json	sweep_results/e2/s77_d4p5_v1_aeb_only/summary.json
records/sweeps/e2/s77_d4p5_v1_mind/summary.json	sweep_results/e2/s77_d4p5_v1_mind/summary.json
records/sweeps/e2/s77_d4p5_v1_ours/summary.json	sweep_results/e2/s77_d4p5_v1_ours/summary.json
records/sweeps/e2/s77_d4p5_v2_aeb_only/summary.json	sweep_results/e2/s77_d4p5_v2_aeb_only/summary.json
records/sweeps/e2/s77_d4p5_v2_mind/summary.json	sweep_results/e2/s77_d4p5_v2_mind/summary.json
records/sweeps/e2/s77_d4p5_v2_ours/summary.json	sweep_results/e2/s77_d4p5_v2_ours/summary.json
records/sweeps/e2/s77_d4p5_v3_aeb_only/summary.json	sweep_results/e2/s77_d4p5_v3_aeb_only/summary.json
records/sweeps/e2/s77_d4p5_v3_mind/summary.json	sweep_results/e2/s77_d4p5_v3_mind/summary.json
records/sweeps/e2/s77_d4p5_v3_ours/summary.json	sweep_results/e2/s77_d4p5_v3_ours/summary.json
records/sweeps/e2/s79_d3p5_v1_aeb_only/summary.json	sweep_results/e2/s79_d3p5_v1_aeb_only/summary.json
records/sweeps/e2/s79_d3p5_v1_mind/summary.json	sweep_results/e2/s79_d3p5_v1_mind/summary.json
records/sweeps/e2/s79_d3p5_v1_ours/summary.json	sweep_results/e2/s79_d3p5_v1_ours/summary.json
records/sweeps/e2/s79_d3p5_v2_aeb_only/summary.json	sweep_results/e2/s79_d3p5_v2_aeb_only/summary.json
records/sweeps/e2/s79_d3p5_v2_mind/summary.json	sweep_results/e2/s79_d3p5_v2_mind/summary.json
records/sweeps/e2/s79_d3p5_v2_ours/summary.json	sweep_results/e2/s79_d3p5_v2_ours/summary.json
records/sweeps/e2/s79_d3p5_v3_aeb_only/summary.json	sweep_results/e2/s79_d3p5_v3_aeb_only/summary.json
records/sweeps/e2/s79_d3p5_v3_mind/summary.json	sweep_results/e2/s79_d3p5_v3_mind/summary.json
records/sweeps/e2/s79_d3p5_v3_ours/summary.json	sweep_results/e2/s79_d3p5_v3_ours/summary.json
records/sweeps/e2/s79_d4p5_v1_aeb_only/summary.json	sweep_results/e2/s79_d4p5_v1_aeb_only/summary.json
records/sweeps/e2/s79_d4p5_v1_mind/summary.json	sweep_results/e2/s79_d4p5_v1_mind/summary.json
records/sweeps/e2/s79_d4p5_v1_ours/summary.json	sweep_results/e2/s79_d4p5_v1_ours/summary.json
records/sweeps/e2/s79_d4p5_v2_aeb_only/summary.json	sweep_results/e2/s79_d4p5_v2_aeb_only/summary.json
records/sweeps/e2/s79_d4p5_v2_mind/summary.json	sweep_results/e2/s79_d4p5_v2_mind/summary.json
records/sweeps/e2/s79_d4p5_v2_ours/summary.json	sweep_results/e2/s79_d4p5_v2_ours/summary.json
records/sweeps/e2/s79_d4p5_v3_aeb_only/summary.json	sweep_results/e2/s79_d4p5_v3_aeb_only/summary.json
records/sweeps/e2/s79_d4p5_v3_mind/summary.json	sweep_results/e2/s79_d4p5_v3_mind/summary.json
records/sweeps/e2/s79_d4p5_v3_ours/summary.json	sweep_results/e2/s79_d4p5_v3_ours/summary.json
records/sweeps/records/scene01.jsonl	sweep_results/records/scene01.jsonl
records/sweeps/records/scene06.jsonl	sweep_results/records/scene06.jsonl
records/sweeps/records/scene07.jsonl	sweep_results/records/scene07.jsonl
records/sweeps/records/scene08.jsonl	sweep_results/records/scene08.jsonl
records/sweeps/records/scene10.jsonl	sweep_results/records/scene10.jsonl
records/sweeps/records/scene18.jsonl	sweep_results/records/scene18.jsonl
records/sweeps/records/scene25.jsonl	sweep_results/records/scene25.jsonl
records/sweeps/records/scene27.jsonl	sweep_results/records/scene27.jsonl
records/sweeps/records/scene30.jsonl	sweep_results/records/scene30.jsonl
records/sweeps/records/scene35.jsonl	sweep_results/records/scene35.jsonl
records/sweeps/records/scene36.jsonl	sweep_results/records/scene36.jsonl
records/sweeps/records/scene37.jsonl	sweep_results/records/scene37.jsonl
records/sweeps/records/scene40.jsonl	sweep_results/records/scene40.jsonl
records/sweeps/records/scene45.jsonl	sweep_results/records/scene45.jsonl
records/sweeps/records/scene46.jsonl	sweep_results/records/scene46.jsonl
records/sweeps/records/scene49.jsonl	sweep_results/records/scene49.jsonl
records/sweeps/records/scene53.jsonl	sweep_results/records/scene53.jsonl
records/sweeps/records/scene54.jsonl	sweep_results/records/scene54.jsonl
records/sweeps/records/scene55.jsonl	sweep_results/records/scene55.jsonl
records/sweeps/records/scene58.jsonl	sweep_results/records/scene58.jsonl
records/sweeps/records/scene62.jsonl	sweep_results/records/scene62.jsonl
records/sweeps/records/scene64.jsonl	sweep_results/records/scene64.jsonl
records/sweeps/records/scene65.jsonl	sweep_results/records/scene65.jsonl
records/sweeps/records/scene75.jsonl	sweep_results/records/scene75.jsonl
records/sweeps/records/scene76.jsonl	sweep_results/records/scene76.jsonl
records/sweeps/records/scene77.jsonl	sweep_results/records/scene77.jsonl
records/sweeps/records/scene79.jsonl	sweep_results/records/scene79.jsonl
records/sweeps/tasks_all.jsonl	sweep_results/tasks_all.jsonl
