any_collision	background_collision	baseline	clean81_index	dataset	distance	ghost_collision	ghost_spawned	impact_speed	paper_safe	raw_no_ghost_collision	source	source_scene_index	spawn_frame	summary_path	task_id	zero_collision_safe
True	False	aeb_only	1	clean21	3.0	True	True	4.876659217337052	False	False	main650	1	449	实验记录/20260531_qualified26_d5p5-3p0_3baselines_instant_center/runs/scene01_f4eaa49a_d3_aeb_only/summary.json	scene01_f4eaa49a_d3_aeb_only	False
True	False	mind	1	clean21	3.0	True	True	5.141474876350165	False	False	main650	1	449	实验记录/20260531_qualified26_d5p5-3p0_3baselines_instant_center/runs/scene01_f4eaa49a_d3_mind/summary.json	scene01_f4eaa49a_d3_mind	False
True	False	ours	1	clean21	3.0	True	True	3.3091046410835787	False	False	main650	1	475	实验记录/20260531_qualified26_d5p5-3p0_3baselines_instant_center/runs/scene01_f4eaa49a_d3_ours/summary.json	scene01_f4eaa49a_d3_ours	False
True	False	aeb_only	1	clean21	3.5	True	True	4.436023374479677	False	False	main650	1	444	实验记录/20260531_qualified26_d5p5-3p0_3baselines_instant_center/runs/scene01_f4eaa49a_d3p5_aeb_only/summary.json	scene01_f4eaa49a_d3p5_aeb_only	False
True	False	mind	1	clean21	3.5	True	True	5.136743633831107	False	False	main650	1	444	实验记录/20260531_qualified26_d5p5-3p0_3baselines_instant_center/runs/scene01_f4eaa49a_d3p5_mind/summary.json	scene01_f4eaa49a_d3p5_mind	False
True	False	ours	1	clean21	3.5	True	True	2.828382750792745	True	False	main650	1	468	实验记录/20260531_qualified26_d5p5-3p0_3baselines_instant_center/runs/scene01_f4eaa49a_d3p5_ours/summary.json	scene01_f4eaa49a_d3p5_ours	False
True	False	aeb_only	1	clean21	4.0	True	True	3.919783926233303	False	False	main650	1	439	实验记录/20260531_qualified26_d5p5-3p0_3baselines_instant_center/runs/scene01_f4eaa49a_d4_aeb_only/summary.json	scene01_f4eaa49a_d4_aeb_only	False
True	False	mind	1	clean21	4.0	True	True	5.134227107052938	False	False	main650	1	439	实验记录/20260531_qualified26_d5p5-3p0_3baselines_instant_center/runs/scene01_f4eaa49a_d4_mind/summary.json	scene01_f4eaa49a_d4_mind	False
True	False	ours	1	clean21	4.0	True	True	2.2545281596332942	True	False	main650	1	461	实验记录/20260531_qualified26_d5p5-3p0_3baselines_instant_center/runs/scene01_f4eaa49a_d4_ours/summary.json	scene01_f4eaa49a_d4_ours	False
True	False	aeb_only	1	clean21	4.5	True	True	3.325082557170017	False	False	main650	1	434	实验记录/20260531_qualified26_d5p5-3p0_3baselines_instant_center/runs/scene01_f4eaa49a_d4p5_aeb_only/summary.json	scene01_f4eaa49a_d4p5_aeb_only	False
True	False	mind	1	clean21	4.5	True	True	5.1566188854863215	False	False	main650	1	434	实验记录/20260531_qualified26_d5p5-3p0_3baselines_instant_center/runs/scene01_f4eaa49a_d4p5_mind/summary.json	scene01_f4eaa49a_d4p5_mind	False
True	False	ours	1	clean21	4.5	True	True	0.13752193457342793	True	False	main650	1	455	实验记录/20260531_qualified26_d5p5-3p0_3baselines_instant_center/runs/scene01_f4eaa49a_d4p5_ours/summary.json	scene01_f4eaa49a_d4p5_ours	False
True	False	aeb_only	1	clean21	5.0	True	True	2.5531590081083797	True	False	main650	1	429	实验记录/20260531_qualified26_d5p5-3p0_3baselines_instant_center/runs/scene01_f4eaa49a_d5_aeb_only/summary.json	scene01_f4eaa49a_d5_aeb_only	False
True	False	mind	1	clean21	5.0	True	True	5.151131915134816	False	False	main650	1	429	实验记录/20260531_qualified26_d5p5-3p0_3baselines_instant_center/runs/scene01_f4eaa49a_d5_mind/summary.json	scene01_f4eaa49a_d5_mind	False
False	False	ours	1	clean21	5.0	False	True		True	True	main650	1	448	实验记录/20260531_qualified26_d5p5-3p0_3baselines_instant_center/runs/scene01_f4eaa49a_d5_ours/summary.json	scene01_f4eaa49a_d5_ours	True
True	False	aeb_only	1	clean21	5.5	True	True	1.5570051227100077	True	False	main650	1	424	实验记录/20260531_qualified26_d5p5-3p0_3baselines_instant_center/runs/scene01_f4eaa49a_d5p5_aeb_only/summary.json	scene01_f4eaa49a_d5p5_aeb_only	False
True	False	mind	1	clean21	5.5	True	True	5.15218155441271	False	False	main650	1	424	实验记录/20260531_qualified26_d5p5-3p0_3baselines_instant_center/runs/scene01_f4eaa49a_d5p5_mind/summary.json	scene01_f4eaa49a_d5p5_mind	False
False	False	ours	1	clean21	5.5	False	True		True	True	main650	1	441	实验记录/20260531_qualified26_d5p5-3p0_3baselines_instant_center/runs/scene01_f4eaa49a_d5p5_ours/summary.json	scene01_f4eaa49a_d5p5_ours	True
True	False	aeb_only	2	clean21	3.0	True	True	6.782983707828248	False	False	main650	2	420	实验记录/20260531_qualified26_d5p5-3p0_3baselines_instant_center/runs/scene02_5c7f8c2a_d3_aeb_only/summary.json	scene02_5c7f8c2a_d3_aeb_only	False
True	False	mind	2	clean21	3.0	True	True	7.030497515981113	False	False	main650	2	420	实验记录/20260531_qualified26_d5p5-3p0_3baselines_instant_center/runs/scene02_5c7f8c2a_d3_mind/summary.json	scene02_5c7f8c2a_d3_mind	False
True	False	ours	2	clean21	3.0	True	True	4.768779993603168	False	False	main650	2	464	实验记录/20260531_qualified26_d5p5-3p0_3baselines_instant_center/runs/scene02_5c7f8c2a_d3_ours/summary.json	scene02_5c7f8c2a_d3_ours	False
True	False	aeb_only	2	clean21	3.5	True	True	6.782983707828248	False	False	main650	2	416	实验记录/20260531_qualified26_d5p5-3p0_3baselines_instant_center/runs/scene02_5c7f8c2a_d3p5_aeb_only/summary.json	scene02_5c7f8c2a_d3p5_aeb_only	False
True	False	mind	2	clean21	3.5	True	True	7.030497515981113	False	False	main650	2	416	实验记录/20260531_qualified26_d5p5-3p0_3baselines_instant_center/runs/scene02_5c7f8c2a_d3p5_mind/summary.json	scene02_5c7f8c2a_d3p5_mind	False
True	False	ours	2	clean21	3.5	True	True	4.3851141336883	False	False	main650	2	459	实验记录/20260531_qualified26_d5p5-3p0_3baselines_instant_center/runs/scene02_5c7f8c2a_d3p5_ours/summary.json	scene02_5c7f8c2a_d3p5_ours	False
True	False	aeb_only	2	clean21	4.0	True	True	6.3687801085613325	False	False	main650	2	413	实验记录/20260531_qualified26_d5p5-3p0_3baselines_instant_center/runs/scene02_5c7f8c2a_d4_aeb_only/summary.json	scene02_5c7f8c2a_d4_aeb_only	False
True	False	mind	2	clean21	4.0	True	True	7.028960810270154	False	False	main650	2	413	实验记录/20260531_qualified26_d5p5-3p0_3baselines_instant_center/runs/scene02_5c7f8c2a_d4_mind/summary.json	scene02_5c7f8c2a_d4_mind	False
True	False	ours	2	clean21	4.0	True	True	3.92153711406055	False	False	main650	2	454	实验记录/20260531_qualified26_d5p5-3p0_3baselines_instant_center/runs/scene02_5c7f8c2a_d4_ours/summary.json	scene02_5c7f8c2a_d4_ours	False
True	False	aeb_only	2	clean21	4.5	True	True	5.952671548712086	False	False	main650	2	409	实验记录/20260531_qualified26_d5p5-3p0_3baselines_instant_center/runs/scene02_5c7f8c2a_d4p5_aeb_only/summary.json	scene02_5c7f8c2a_d4p5_aeb_only	False
True	False	mind	2	clean21	4.5	True	True	7.045605487934444	False	False	main650	2	409	实验记录/20260531_qualified26_d5p5-3p0_3baselines_instant_center/runs/scene02_5c7f8c2a_d4p5_mind/summary.json	scene02_5c7f8c2a_d4p5_mind	False
True	False	ours	2	clean21	4.5	True	True	3.37717536129703	False	False	main650	2	449	实验记录/20260531_qualified26_d5p5-3p0_3baselines_instant_center/runs/scene02_5c7f8c2a_d4p5_ours/summary.json	scene02_5c7f8c2a_d4p5_ours	False
True	False	aeb_only	2	clean21	5.0	True	True	5.952671548712086	False	False	main650	2	406	实验记录/20260531_qualified26_d5p5-3p0_3baselines_instant_center/runs/scene02_5c7f8c2a_d5_aeb_only/summary.json	scene02_5c7f8c2a_d5_aeb_only	False
True	False	mind	2	clean21	5.0	True	True	7.045605487934444	False	False	main650	2	406	实验记录/20260531_qualified26_d5p5-3p0_3baselines_instant_center/runs/scene02_5c7f8c2a_d5_mind/summary.json	scene02_5c7f8c2a_d5_mind	False
True	False	ours	2	clean21	5.0	True	True	2.7522378435829573	True	False	main650	2	444	实验记录/20260531_qualified26_d5p5-3p0_3baselines_instant_center/runs/scene02_5c7f8c2a_d5_ours/summary.json	scene02_5c7f8c2a_d5_ours	False
True	False	aeb_only	2	clean21	5.5	True	True	5.373043878217484	False	False	main650	2	402	实验记录/20260531_qualified26_d5p5-3p0_3baselines_instant_center/runs/scene02_5c7f8c2a_d5p5_aeb_only/summary.json	scene02_5c7f8c2a_d5p5_aeb_only	False
True	False	mind	2	clean21	5.5	True	True	7.048778639390908	False	False	main650	2	402	实验记录/20260531_qualified26_d5p5-3p0_3baselines_instant_center/runs/scene02_5c7f8c2a_d5p5_mind/summary.json	scene02_5c7f8c2a_d5p5_mind	False
True	False	ours	2	clean21	5.5	True	True	1.9665473960649136	True	False	main650	2	439	实验记录/20260531_qualified26_d5p5-3p0_3baselines_instant_center/runs/scene02_5c7f8c2a_d5p5_ours/summary.json	scene02_5c7f8c2a_d5p5_ours	False
True	False	aeb_only	3	clean21	3.0	True	True	7.332897865960224	False	False	main650	3	465	实验记录/20260531_qualified26_d5p5-3p0_3baselines_instant_center/runs/scene04_beac9976_d3_aeb_only/summary.json	scene04_beac9976_d3_aeb_only	False
True	False	mind	3	clean21	3.0	True	True	7.568895154100651	False	False	main650	3	465	实验记录/20260531_qualified26_d5p5-3p0_3baselines_instant_center/runs/scene04_beac9976_d3_mind/summary.json	scene04_beac9976_d3_mind	False
True	False	ours	3	clean21	3.0	True	True	4.57592208846082	False	False	main650	3	597	实验记录/20260531_qualified26_d5p5-3p0_3baselines_instant_center/runs/scene04_beac9976_d3_ours/summary.json	scene04_beac9976_d3_ours	False
True	False	aeb_only	3	clean21	3.5	True	True	7.332897865960224	False	False	main650	3	462	实验记录/20260531_qualified26_d5p5-3p0_3baselines_instant_center/runs/scene04_beac9976_d3p5_aeb_only/summary.json	scene04_beac9976_d3p5_aeb_only	False
True	False	mind	3	clean21	3.5	True	True	7.568895154100651	False	False	main650	3	462	实验记录/20260531_qualified26_d5p5-3p0_3baselines_instant_center/runs/scene04_beac9976_d3p5_mind/summary.json	scene04_beac9976_d3p5_mind	False
True	False	ours	3	clean21	3.5	True	True	4.186277475126954	False	False	main650	3	592	实验记录/20260531_qualified26_d5p5-3p0_3baselines_instant_center/runs/scene04_beac9976_d3p5_ours/summary.json	scene04_beac9976_d3p5_ours	False
True	False	aeb_only	3	clean21	4.0	True	True	6.941456587344648	False	False	main650	3	459	实验记录/20260531_qualified26_d5p5-3p0_3baselines_instant_center/runs/scene04_beac9976_d4_aeb_only/summary.json	scene04_beac9976_d4_aeb_only	False
True	False	mind	3	clean21	4.0	True	True	7.568895144900849	False	False	main650	3	459	实验记录/20260531_qualified26_d5p5-3p0_3baselines_instant_center/runs/scene04_beac9976_d4_mind/summary.json	scene04_beac9976_d4_mind	False
True	False	ours	3	clean21	4.0	True	True	3.706118008420665	False	False	main650	3	586	实验记录/20260531_qualified26_d5p5-3p0_3baselines_instant_center/runs/scene04_beac9976_d4_ours/summary.json	scene04_beac9976_d4_ours	False
True	False	aeb_only	3	clean21	4.5	True	True	6.941456587344648	False	False	main650	3	456	实验记录/20260531_qualified26_d5p5-3p0_3baselines_instant_center/runs/scene04_beac9976_d4p5_aeb_only/summary.json	scene04_beac9976_d4p5_aeb_only	False
True	False	mind	3	clean21	4.5	True	True	7.568895144900849	False	False	main650	3	456	实验记录/20260531_qualified26_d5p5-3p0_3baselines_instant_center/runs/scene04_beac9976_d4p5_mind/summary.json	scene04_beac9976_d4p5_mind	False
True	False	ours	3	clean21	4.5	True	True	3.147616431040741	False	False	main650	3	581	实验记录/20260531_qualified26_d5p5-3p0_3baselines_instant_center/runs/scene04_beac9976_d4p5_ours/summary.json	scene04_beac9976_d4p5_ours	False
True	False	aeb_only	3	clean21	5.0	True	True	6.471981357083679	False	False	main650	3	452	实验记录/20260531_qualified26_d5p5-3p0_3baselines_instant_center/runs/scene04_beac9976_d5_aeb_only/summary.json	scene04_beac9976_d5_aeb_only	False
True	False	mind	3	clean21	5.0	True	True	7.568996304696242	False	False	main650	3	452	实验记录/20260531_qualified26_d5p5-3p0_3baselines_instant_center/runs/scene04_beac9976_d5_mind/summary.json	scene04_beac9976_d5_mind	False
True	False	ours	3	clean21	5.0	True	True	2.511294721813047	True	False	main650	3	576	实验记录/20260531_qualified26_d5p5-3p0_3baselines_instant_center/runs/scene04_beac9976_d5_ours/summary.json	scene04_beac9976_d5_ours	False
True	False	aeb_only	3	clean21	5.5	True	True	6.004809459273693	False	False	main650	3	449	实验记录/20260531_qualified26_d5p5-3p0_3baselines_instant_center/runs/scene04_beac9976_d5p5_aeb_only/summary.json	scene04_beac9976_d5p5_aeb_only	False
True	False	mind	3	clean21	5.5	True	True	7.560699636950044	False	False	main650	3	449	实验记录/20260531_qualified26_d5p5-3p0_3baselines_instant_center/runs/scene04_beac9976_d5p5_mind/summary.json	scene04_beac9976_d5p5_mind	False
False	False	ours	3	clean21	5.5	False	True		True	True	main650	3	570	实验记录/20260531_qualified26_d5p5-3p0_3baselines_instant_center/runs/scene04_beac9976_d5p5_ours/summary.json	scene04_beac9976_d5p5_ours	True
True	False	aeb_only	4	clean21	3.0	True	True	5.315944235348887	False	False	main650	4	490	实验记录/20260531_qualified26_d5p5-3p0_3baselines_instant_center/runs/scene05_34222e09_d3_aeb_only/summary.json	scene05_34222e09_d3_aeb_only	False
True	False	mind	4	clean21	3.0	True	True	5.548921709612379	False	False	main650	4	490	实验记录/20260531_qualified26_d5p5-3p0_3baselines_instant_center/runs/scene05_34222e09_d3_mind/summary.json	scene05_34222e09_d3_mind	False
True	False	ours	4	clean21	3.0	True	True	4.492334410990747	False	False	main650	4	551	实验记录/20260531_qualified26_d5p5-3p0_3baselines_instant_center/runs/scene05_34222e09_d3_ours/summary.json	scene05_34222e09_d3_ours	False
True	False	aeb_only	4	clean21	3.5	True	True	4.934313677240781	False	False	main650	4	485	实验记录/20260531_qualified26_d5p5-3p0_3baselines_instant_center/runs/scene05_34222e09_d3p5_aeb_only/summary.json	scene05_34222e09_d3p5_aeb_only	False
True	False	mind	4	clean21	3.5	True	True	5.562618778513815	False	False	main650	4	485	实验记录/20260531_qualified26_d5p5-3p0_3baselines_instant_center/runs/scene05_34222e09_d3p5_mind/summary.json	scene05_34222e09_d3p5_mind	False
True	False	ours	4	clean21	3.5	True	True	3.6486847324836766	False	False	main650	4	545	实验记录/20260531_qualified26_d5p5-3p0_3baselines_instant_center/runs/scene05_34222e09_d3p5_ours/summary.json	scene05_34222e09_d3p5_ours	False
True	False	aeb_only	4	clean21	4.0	True	True	4.934313677240781	False	False	main650	4	481	实验记录/20260531_qualified26_d5p5-3p0_3baselines_instant_center/runs/scene05_34222e09_d4_aeb_only/summary.json	scene05_34222e09_d4_aeb_only	False
True	False	mind	4	clean21	4.0	True	True	5.562618778513815	False	False	main650	4	481	实验记录/20260531_qualified26_d5p5-3p0_3baselines_instant_center/runs/scene05_34222e09_d4_mind/summary.json	scene05_34222e09_d4_mind	False
True	False	ours	4	clean21	4.0	True	True	3.187462970347844	False	False	main650	4	540	实验记录/20260531_qualified26_d5p5-3p0_3baselines_instant_center/runs/scene05_34222e09_d4_ours/summary.json	scene05_34222e09_d4_ours	False
True	False	aeb_only	4	clean21	4.5	True	True	4.480093258883065	False	False	main650	4	476	实验记录/20260531_qualified26_d5p5-3p0_3baselines_instant_center/runs/scene05_34222e09_d4p5_aeb_only/summary.json	scene05_34222e09_d4p5_aeb_only	False
True	False	mind	4	clean21	4.5	True	True	5.5801189626721115	False	False	main650	4	476	实验记录/20260531_qualified26_d5p5-3p0_3baselines_instant_center/runs/scene05_34222e09_d4p5_mind/summary.json	scene05_34222e09_d4p5_mind	False
True	False	ours	4	clean21	4.5	True	True	2.5684576225028053	True	False	main650	4	534	实验记录/20260531_qualified26_d5p5-3p0_3baselines_instant_center/runs/scene05_34222e09_d4p5_ours/summary.json	scene05_34222e09_d4p5_ours	False
True	False	aeb_only	4	clean21	5.0	True	True	3.9427628881977226	False	False	main650	4	472	实验记录/20260531_qualified26_d5p5-3p0_3baselines_instant_center/runs/scene05_34222e09_d5_aeb_only/summary.json	scene05_34222e09_d5_aeb_only	False
True	False	mind	4	clean21	5.0	True	True	5.579573588962154	False	False	main650	4	472	实验记录/20260531_qualified26_d5p5-3p0_3baselines_instant_center/runs/scene05_34222e09_d5_mind/summary.json	scene05_34222e09_d5_mind	False
True	False	ours	4	clean21	5.0	True	True	1.8703576990364965	True	False	main650	4	529	实验记录/20260531_qualified26_d5p5-3p0_3baselines_instant_center/runs/scene05_34222e09_d5_ours/summary.json	scene05_34222e09_d5_ours	False
True	False	aeb_only	4	clean21	5.5	True	True	3.413294246734405	False	False	main650	4	467	实验记录/20260531_qualified26_d5p5-3p0_3baselines_instant_center/runs/scene05_34222e09_d5p5_aeb_only/summary.json	scene05_34222e09_d5p5_aeb_only	False
True	False	mind	4	clean21	5.5	True	True	5.566952747847195	False	False	main650	4	467	实验记录/20260531_qualified26_d5p5-3p0_3baselines_instant_center/runs/scene05_34222e09_d5p5_mind/summary.json	scene05_34222e09_d5p5_mind	False
True	False	ours	4	clean21	5.5	True	True	0.4299436981538688	True	False	main650	4	523	实验记录/20260531_qualified26_d5p5-3p0_3baselines_instant_center/runs/scene05_34222e09_d5p5_ours/summary.json	scene05_34222e09_d5p5_ours	False
True	False	aeb_only	5	clean21	3.0	True	True	6.1209415794588296	False	False	main650	5	517	实验记录/20260531_qualified26_d5p5-3p0_3baselines_instant_center/runs/scene06_074d4f6b_d3_aeb_only/summary.json	scene06_074d4f6b_d3_aeb_only	False
True	False	mind	5	clean21	3.0	True	True	6.1209415794588296	False	False	main650	5	517	实验记录/20260531_qualified26_d5p5-3p0_3baselines_instant_center/runs/scene06_074d4f6b_d3_mind/summary.json	scene06_074d4f6b_d3_mind	False
True	False	ours	5	clean21	3.0	True	True	3.215148171745732	False	False	main650	5	584	实验记录/20260531_qualified26_d5p5-3p0_3baselines_instant_center/runs/scene06_074d4f6b_d3_ours/summary.json	scene06_074d4f6b_d3_ours	False
True	False	aeb_only	5	clean21	3.5	True	True	5.729891982393527	False	False	main650	5	513	实验记录/20260531_qualified26_d5p5-3p0_3baselines_instant_center/runs/scene06_074d4f6b_d3p5_aeb_only/summary.json	scene06_074d4f6b_d3p5_aeb_only	False
True	False	mind	5	clean21	3.5	True	True	6.121081774246364	False	False	main650	5	513	实验记录/20260531_qualified26_d5p5-3p0_3baselines_instant_center/runs/scene06_074d4f6b_d3p5_mind/summary.json	scene06_074d4f6b_d3p5_mind	False
True	False	ours	5	clean21	3.5	True	True	2.8398138778183513	True	False	main650	5	577	实验记录/20260531_qualified26_d5p5-3p0_3baselines_instant_center/runs/scene06_074d4f6b_d3p5_ours/summary.json	scene06_074d4f6b_d3p5_ours	False
True	False	aeb_only	5	clean21	4.0	True	True	5.244833708522685	False	False	main650	5	509	实验记录/20260531_qualified26_d5p5-3p0_3baselines_instant_center/runs/scene06_074d4f6b_d4_aeb_only/summary.json	scene06_074d4f6b_d4_aeb_only	False
True	False	mind	5	clean21	4.0	True	True	6.130162392164413	False	False	main650	5	509	实验记录/20260531_qualified26_d5p5-3p0_3baselines_instant_center/runs/scene06_074d4f6b_d4_mind/summary.json	scene06_074d4f6b_d4_mind	False
True	False	ours	5	clean21	4.0	True	True	2.309223580755393	True	False	main650	5	571	实验记录/20260531_qualified26_d5p5-3p0_3baselines_instant_center/runs/scene06_074d4f6b_d4_ours/summary.json	scene06_074d4f6b_d4_ours	False
True	False	aeb_only	5	clean21	4.5	True	True	4.743970039444618	False	False	main650	5	505	实验记录/20260531_qualified26_d5p5-3p0_3baselines_instant_center/runs/scene06_074d4f6b_d4p5_aeb_only/summary.json	scene06_074d4f6b_d4p5_aeb_only	False
True	False	mind	5	clean21	4.5	True	True	6.166811178559324	False	False	main650	5	505	实验记录/20260531_qualified26_d5p5-3p0_3baselines_instant_center/runs/scene06_074d4f6b_d4p5_mind/summary.json	scene06_074d4f6b_d4p5_mind	False
True	False	ours	5	clean21	4.5	True	True	0.4964583318366382	True	False	main650	5	564	实验记录/20260531_qualified26_d5p5-3p0_3baselines_instant_center/runs/scene06_074d4f6b_d4p5_ours/summary.json	scene06_074d4f6b_d4p5_ours	False
True	False	aeb_only	5	clean21	5.0	True	True	4.743970039444618	False	False	main650	5	501	实验记录/20260531_qualified26_d5p5-3p0_3baselines_instant_center/runs/scene06_074d4f6b_d5_aeb_only/summary.json	scene06_074d4f6b_d5_aeb_only	False
True	False	mind	5	clean21	5.0	True	True	6.166811178559324	False	False	main650	5	501	实验记录/20260531_qualified26_d5p5-3p0_3baselines_instant_center/runs/scene06_074d4f6b_d5_mind/summary.json	scene06_074d4f6b_d5_mind	False
False	False	ours	5	clean21	5.0	False	True		True	True	main650	5	557	实验记录/20260531_qualified26_d5p5-3p0_3baselines_instant_center/runs/scene06_074d4f6b_d5_ours/summary.json	scene06_074d4f6b_d5_ours	True
True	False	aeb_only	5	clean21	5.5	True	True	4.164375418569901	False	False	main650	5	497	实验记录/20260531_qualified26_d5p5-3p0_3baselines_instant_center/runs/scene06_074d4f6b_d5p5_aeb_only/summary.json	scene06_074d4f6b_d5p5_aeb_only	False
True	False	mind	5	clean21	5.5	True	True	6.178388852436094	False	False	main650	5	497	实验记录/20260531_qualified26_d5p5-3p0_3baselines_instant_center/runs/scene06_074d4f6b_d5p5_mind/summary.json	scene06_074d4f6b_d5p5_mind	False
False	False	ours	5	clean21	5.5	False	True		True	True	main650	5	551	实验记录/20260531_qualified26_d5p5-3p0_3baselines_instant_center/runs/scene06_074d4f6b_d5p5_ours/summary.json	scene06_074d4f6b_d5p5_ours	True
True	False	aeb_only	6	clean21	3.0	True	True	6.828928992402252	False	False	main650	6	424	实验记录/20260531_qualified26_d5p5-3p0_3baselines_instant_center/runs/scene09_c4dccd80_d3_aeb_only/summary.json	scene09_c4dccd80_d3_aeb_only	False
True	False	mind	6	clean21	3.0	True	True	6.913408106503835	False	False	main650	6	424	实验记录/20260531_qualified26_d5p5-3p0_3baselines_instant_center/runs/scene09_c4dccd80_d3_mind/summary.json	scene09_c4dccd80_d3_mind	False
True	False	ours	6	clean21	3.0	True	True	4.053470884091442	False	False	main650	6	529	实验记录/20260531_qualified26_d5p5-3p0_3baselines_instant_center/runs/scene09_c4dccd80_d3_ours/summary.json	scene09_c4dccd80_d3_ours	False
True	False	aeb_only	6	clean21	3.5	True	True	6.303430562817618	False	False	main650	6	420	实验记录/20260531_qualified26_d5p5-3p0_3baselines_instant_center/runs/scene09_c4dccd80_d3p5_aeb_only/summary.json	scene09_c4dccd80_d3p5_aeb_only	False
True	False	mind	6	clean21	3.5	True	True	6.913432424293944	False	False	main650	6	420	实验记录/20260531_qualified26_d5p5-3p0_3baselines_instant_center/runs/scene09_c4dccd80_d3p5_mind/summary.json	scene09_c4dccd80_d3p5_mind	False
True	False	ours	6	clean21	3.5	True	True	3.7623010632229708	False	False	main650	6	523	实验记录/20260531_qualified26_d5p5-3p0_3baselines_instant_center/runs/scene09_c4dccd80_d3p5_ours/summary.json	scene09_c4dccd80_d3p5_ours	False
True	False	aeb_only	6	clean21	4.0	True	True	6.303430562817618	False	False	main650	6	417	实验记录/20260531_qualified26_d5p5-3p0_3baselines_instant_center/runs/scene09_c4dccd80_d4_aeb_only/summary.json	scene09_c4dccd80_d4_aeb_only	False
True	False	mind	6	clean21	4.0	True	True	6.913432424293944	False	False	main650	6	417	实验记录/20260531_qualified26_d5p5-3p0_3baselines_instant_center/runs/scene09_c4dccd80_d4_mind/summary.json	scene09_c4dccd80_d4_mind	False
True	False	ours	6	clean21	4.0	True	True	3.4093378250720745	False	False	main650	6	518	实验记录/20260531_qualified26_d5p5-3p0_3baselines_instant_center/runs/scene09_c4dccd80_d4_ours/summary.json	scene09_c4dccd80_d4_ours	False
True	False	aeb_only	6	clean21	4.5	True	True	5.854029941152934	False	False	main650	6	413	实验记录/20260531_qualified26_d5p5-3p0_3baselines_instant_center/runs/scene09_c4dccd80_d4p5_aeb_only/summary.json	scene09_c4dccd80_d4p5_aeb_only	False
True	False	mind	6	clean21	4.5	True	True	6.87043672371703	False	False	main650	6	413	实验记录/20260531_qualified26_d5p5-3p0_3baselines_instant_center/runs/scene09_c4dccd80_d4p5_mind/summary.json	scene09_c4dccd80_d4p5_mind	False
True	False	ours	6	clean21	4.5	True	True	2.7636021909704116	True	False	main650	6	512	实验记录/20260531_qualified26_d5p5-3p0_3baselines_instant_center/runs/scene09_c4dccd80_d4p5_ours/summary.json	scene09_c4dccd80_d4p5_ours	False
True	False	aeb_only	6	clean21	5.0	True	True	5.336828299465144	False	False	main650	6	409	实验记录/20260531_qualified26_d5p5-3p0_3baselines_instant_center/runs/scene09_c4dccd80_d5_aeb_only/summary.json	scene09_c4dccd80_d5_aeb_only	False
True	False	mind	6	clean21	5.0	True	True	6.827501555641936	False	False	main650	6	409	实验记录/20260531_qualified26_d5p5-3p0_3baselines_instant_center/runs/scene09_c4dccd80_d5_mind/summary.json	scene09_c4dccd80_d5_mind	False
True	False	ours	6	clean21	5.0	True	True	2.133388719883114	True	False	main650	6	507	实验记录/20260531_qualified26_d5p5-3p0_3baselines_instant_center/runs/scene09_c4dccd80_d5_ours/summary.json	scene09_c4dccd80_d5_ours	False
True	False	aeb_only	6	clean21	5.5	True	True	5.336828299465144	False	False	main650	6	406	实验记录/20260531_qualified26_d5p5-3p0_3baselines_instant_center/runs/scene09_c4dccd80_d5p5_aeb_only/summary.json	scene09_c4dccd80_d5p5_aeb_only	False
True	False	mind	6	clean21	5.5	True	True	6.827501555641936	False	False	main650	6	406	实验记录/20260531_qualified26_d5p5-3p0_3baselines_instant_center/runs/scene09_c4dccd80_d5p5_mind/summary.json	scene09_c4dccd80_d5p5_mind	False
True	False	ours	6	clean21	5.5	True	True	0.2822544216708589	True	False	main650	6	501	实验记录/20260531_qualified26_d5p5-3p0_3baselines_instant_center/runs/scene09_c4dccd80_d5p5_ours/summary.json	scene09_c4dccd80_d5p5_ours	False
True	False	aeb_only	7	clean21	3.0	True	True	6.226786238813201	False	False	main650	7	434	实验记录/20260531_qualified26_d5p5-3p0_3baselines_instant_center/runs/scene10_50b08823_d3_aeb_only/summary.json	scene10_50b08823_d3_aeb_only	False
True	False	mind	7	clean21	3.0	True	True	6.390124169056806	False	False	main650	7	434	实验记录/20260531_qualified26_d5p5-3p0_3baselines_instant_center/runs/scene10_50b08823_d3_mind/summary.json	scene10_50b08823_d3_mind	False
True	False	ours	7	clean21	3.0	True	True	2.5092790933576468	True	False	main650	7	590	实验记录/20260531_qualified26_d5p5-3p0_3baselines_instant_center/runs/scene10_50b08823_d3_ours/summary.json	scene10_50b08823_d3_ours	False
True	False	aeb_only	7	clean21	3.5	True	True	5.820737636621463	False	False	main650	7	430	实验记录/20260531_qualified26_d5p5-3p0_3baselines_instant_center/runs/scene10_50b08823_d3p5_aeb_only/summary.json	scene10_50b08823_d3p5_aeb_only	False
True	False	mind	7	clean21	3.5	True	True	6.399369888661254	False	False	main650	7	430	实验记录/20260531_qualified26_d5p5-3p0_3baselines_instant_center/runs/scene10_50b08823_d3p5_mind/summary.json	scene10_50b08823_d3p5_mind	False
True	False	ours	7	clean21	3.5	True	True	2.0262477674551636	True	False	main650	7	582	实验记录/20260531_qualified26_d5p5-3p0_3baselines_instant_center/runs/scene10_50b08823_d3p5_ours/summary.json	scene10_50b08823_d3p5_ours	False
True	False	aeb_only	7	clean21	4.0	True	True	5.820737636621463	False	False	main650	7	426	实验记录/20260531_qualified26_d5p5-3p0_3baselines_instant_center/runs/scene10_50b08823_d4_aeb_only/summary.json	scene10_50b08823_d4_aeb_only	False
True	False	mind	7	clean21	4.0	True	True	6.399369888661254	False	False	main650	7	426	实验记录/20260531_qualified26_d5p5-3p0_3baselines_instant_center/runs/scene10_50b08823_d4_mind/summary.json	scene10_50b08823_d4_mind	False
False	False	ours	7	clean21	4.0	False	True		True	True	main650	7	574	实验记录/20260531_qualified26_d5p5-3p0_3baselines_instant_center/runs/scene10_50b08823_d4_ours/summary.json	scene10_50b08823_d4_ours	True
True	False	aeb_only	7	clean21	4.5	True	True	5.323400882914072	False	False	main650	7	422	实验记录/20260531_qualified26_d5p5-3p0_3baselines_instant_center/runs/scene10_50b08823_d4p5_aeb_only/summary.json	scene10_50b08823_d4p5_aeb_only	False
True	False	mind	7	clean21	4.5	True	True	6.3753871729511955	False	False	main650	7	422	实验记录/20260531_qualified26_d5p5-3p0_3baselines_instant_center/runs/scene10_50b08823_d4p5_mind/summary.json	scene10_50b08823_d4p5_mind	False
False	False	ours	7	clean21	4.5	False	True		True	True	main650	7	566	实验记录/20260531_qualified26_d5p5-3p0_3baselines_instant_center/runs/scene10_50b08823_d4p5_ours/summary.json	scene10_50b08823_d4p5_ours	True
True	False	aeb_only	7	clean21	5.0	True	True	4.822470634712449	False	False	main650	7	418	实验记录/20260531_qualified26_d5p5-3p0_3baselines_instant_center/runs/scene10_50b08823_d5_aeb_only/summary.json	scene10_50b08823_d5_aeb_only	False
True	False	mind	7	clean21	5.0	True	True	6.371624324681539	False	False	main650	7	418	实验记录/20260531_qualified26_d5p5-3p0_3baselines_instant_center/runs/scene10_50b08823_d5_mind/summary.json	scene10_50b08823_d5_mind	False
False	False	ours	7	clean21	5.0	False	True		True	True	main650	7	558	实验记录/20260531_qualified26_d5p5-3p0_3baselines_instant_center/runs/scene10_50b08823_d5_ours/summary.json	scene10_50b08823_d5_ours	True
True	False	aeb_only	7	clean21	5.5	True	True	4.253623689588025	False	False	main650	7	414	实验记录/20260531_qualified26_d5p5-3p0_3baselines_instant_center/runs/scene10_50b08823_d5p5_aeb_only/summary.json	scene10_50b08823_d5p5_aeb_only	False
True	False	mind	7	clean21	5.5	True	True	6.329104692448666	False	False	main650	7	414	实验记录/20260531_qualified26_d5p5-3p0_3baselines_instant_center/runs/scene10_50b08823_d5p5_mind/summary.json	scene10_50b08823_d5p5_mind	False
False	False	ours	7	clean21	5.5	False	True		True	True	main650	7	549	实验记录/20260531_qualified26_d5p5-3p0_3baselines_instant_center/runs/scene10_50b08823_d5p5_ours/summary.json	scene10_50b08823_d5p5_ours	True
True	False	aeb_only	8	clean21	3.0	True	True	3.9066832963585645	False	False	main650	8	475	实验记录/20260531_qualified26_d5p5-3p0_3baselines_instant_center/runs/scene11_63911c23_d3_aeb_only/summary.json	scene11_63911c23_d3_aeb_only	False
True	False	mind	8	clean21	3.0	True	True	4.166831020099415	False	False	main650	8	475	实验记录/20260531_qualified26_d5p5-3p0_3baselines_instant_center/runs/scene11_63911c23_d3_mind/summary.json	scene11_63911c23_d3_mind	False
True	False	ours	8	clean21	3.0	True	True	2.993947399514985	True	False	main650	8	565	实验记录/20260531_qualified26_d5p5-3p0_3baselines_instant_center/runs/scene11_63911c23_d3_ours/summary.json	scene11_63911c23_d3_ours	False
True	False	aeb_only	8	clean21	3.5	True	True	3.5118698490571614	False	False	main650	8	469	实验记录/20260531_qualified26_d5p5-3p0_3baselines_instant_center/runs/scene11_63911c23_d3p5_aeb_only/summary.json	scene11_63911c23_d3p5_aeb_only	False
True	False	mind	8	clean21	3.5	True	True	4.208057162041963	False	False	main650	8	469	实验记录/20260531_qualified26_d5p5-3p0_3baselines_instant_center/runs/scene11_63911c23_d3p5_mind/summary.json	scene11_63911c23_d3p5_mind	False
True	False	ours	8	clean21	3.5	True	True	2.5654940094858563	True	False	main650	8	558	实验记录/20260531_qualified26_d5p5-3p0_3baselines_instant_center/runs/scene11_63911c23_d3p5_ours/summary.json	scene11_63911c23_d3p5_ours	False
True	False	aeb_only	8	clean21	4.0	True	True	3.117444837345536	False	False	main650	8	463	实验记录/20260531_qualified26_d5p5-3p0_3baselines_instant_center/runs/scene11_63911c23_d4_aeb_only/summary.json	scene11_63911c23_d4_aeb_only	False
True	False	mind	8	clean21	4.0	True	True	5.679803594410892	False	False	main650	8	463	实验记录/20260531_qualified26_d5p5-3p0_3baselines_instant_center/runs/scene11_63911c23_d4_mind/summary.json	scene11_63911c23_d4_mind	False
True	False	ours	8	clean21	4.0	True	True	2.0562718839965926	True	False	main650	8	551	实验记录/20260531_qualified26_d5p5-3p0_3baselines_instant_center/runs/scene11_63911c23_d4_ours/summary.json	scene11_63911c23_d4_ours	False
True	False	aeb_only	8	clean21	4.5	True	True	2.723254918576006	True	False	main650	8	457	实验记录/20260531_qualified26_d5p5-3p0_3baselines_instant_center/runs/scene11_63911c23_d4p5_aeb_only/summary.json	scene11_63911c23_d4p5_aeb_only	False
True	False	mind	8	clean21	4.5	True	True	4.317233920640314	False	False	main650	8	457	实验记录/20260531_qualified26_d5p5-3p0_3baselines_instant_center/runs/scene11_63911c23_d4p5_mind/summary.json	scene11_63911c23_d4p5_mind	False
False	False	ours	8	clean21	4.5	False	True		True	True	main650	8	544	实验记录/20260531_qualified26_d5p5-3p0_3baselines_instant_center/runs/scene11_63911c23_d4p5_ours/summary.json	scene11_63911c23_d4p5_ours	True
True	False	aeb_only	8	clean21	5.0	True	True	2.0893966832638338	True	False	main650	8	452	实验记录/20260531_qualified26_d5p5-3p0_3baselines_instant_center/runs/scene11_63911c23_d5_aeb_only/summary.json	scene11_63911c23_d5_aeb_only	False
True	False	mind	8	clean21	5.0	True	True	4.426320978920141	False	False	main650	8	452	实验记录/20260531_qualified26_d5p5-3p0_3baselines_instant_center/runs/scene11_63911c23_d5_mind/summary.json	scene11_63911c23_d5_mind	False
False	False	ours	8	clean21	5.0	False	True		True	True	main650	8	538	实验记录/20260531_qualified26_d5p5-3p0_3baselines_instant_center/runs/scene11_63911c23_d5_ours/summary.json	scene11_63911c23_d5_ours	True
True	False	aeb_only	8	clean21	5.5	True	True	1.2956516669238898	True	False	main650	8	447	实验记录/20260531_qualified26_d5p5-3p0_3baselines_instant_center/runs/scene11_63911c23_d5p5_aeb_only/summary.json	scene11_63911c23_d5p5_aeb_only	False
True	False	mind	8	clean21	5.5	True	True	4.610736457464284	False	False	main650	8	447	实验记录/20260531_qualified26_d5p5-3p0_3baselines_instant_center/runs/scene11_63911c23_d5p5_mind/summary.json	scene11_63911c23_d5p5_mind	False
False	False	ours	8	clean21	5.5	False	True		True	True	main650	8	531	实验记录/20260531_qualified26_d5p5-3p0_3baselines_instant_center/runs/scene11_63911c23_d5p5_ours/summary.json	scene11_63911c23_d5p5_ours	True
True	False	aeb_only	9	clean21	3.0	True	True	5.89927934974971	False	False	main650	9	589	实验记录/20260531_qualified26_d5p5-3p0_3baselines_instant_center/runs/scene13_9a0ab3f9_d3_aeb_only/summary.json	scene13_9a0ab3f9_d3_aeb_only	False
True	False	mind	9	clean21	3.0	True	True	6.045725075526292	False	False	main650	9	589	实验记录/20260531_qualified26_d5p5-3p0_3baselines_instant_center/runs/scene13_9a0ab3f9_d3_mind/summary.json	scene13_9a0ab3f9_d3_mind	False
True	False	ours	9	clean21	3.0	True	True	4.788209348841658	False	False	main650	9	601	实验记录/20260531_qualified26_d5p5-3p0_3baselines_instant_center/runs/scene13_9a0ab3f9_d3_ours/summary.json	scene13_9a0ab3f9_d3_ours	False
True	False	aeb_only	9	clean21	3.5	True	True	5.445447756635916	False	False	main650	9	585	实验记录/20260531_qualified26_d5p5-3p0_3baselines_instant_center/runs/scene13_9a0ab3f9_d3p5_aeb_only/summary.json	scene13_9a0ab3f9_d3p5_aeb_only	False
True	False	mind	9	clean21	3.5	True	True	6.049700838446421	False	False	main650	9	585	实验记录/20260531_qualified26_d5p5-3p0_3baselines_instant_center/runs/scene13_9a0ab3f9_d3p5_mind/summary.json	scene13_9a0ab3f9_d3p5_mind	False
True	False	ours	9	clean21	3.5	True	True	4.454008599982483	False	False	main650	9	596	实验记录/20260531_qualified26_d5p5-3p0_3baselines_instant_center/runs/scene13_9a0ab3f9_d3p5_ours/summary.json	scene13_9a0ab3f9_d3p5_ours	False
True	False	aeb_only	9	clean21	4.0	True	True	5.445447756635916	False	False	main650	9	581	实验记录/20260531_qualified26_d5p5-3p0_3baselines_instant_center/runs/scene13_9a0ab3f9_d4_aeb_only/summary.json	scene13_9a0ab3f9_d4_aeb_only	False
True	False	mind	9	clean21	4.0	True	True	6.049700838446421	False	False	main650	9	581	实验记录/20260531_qualified26_d5p5-3p0_3baselines_instant_center/runs/scene13_9a0ab3f9_d4_mind/summary.json	scene13_9a0ab3f9_d4_mind	False
True	False	ours	9	clean21	4.0	True	True	4.041229360422526	False	False	main650	9	591	实验记录/20260531_qualified26_d5p5-3p0_3baselines_instant_center/runs/scene13_9a0ab3f9_d4_ours/summary.json	scene13_9a0ab3f9_d4_ours	False
True	False	aeb_only	9	clean21	4.5	True	True	5.071025374283379	False	False	main650	9	577	实验记录/20260531_qualified26_d5p5-3p0_3baselines_instant_center/runs/scene13_9a0ab3f9_d4p5_aeb_only/summary.json	scene13_9a0ab3f9_d4p5_aeb_only	False
True	False	mind	9	clean21	4.5	True	True	6.056550189153953	False	False	main650	9	577	实验记录/20260531_qualified26_d5p5-3p0_3baselines_instant_center/runs/scene13_9a0ab3f9_d4p5_mind/summary.json	scene13_9a0ab3f9_d4p5_mind	False
True	False	ours	9	clean21	4.5	True	True	3.6278625674991885	False	False	main650	9	586	实验记录/20260531_qualified26_d5p5-3p0_3baselines_instant_center/runs/scene13_9a0ab3f9_d4p5_ours/summary.json	scene13_9a0ab3f9_d4p5_ours	False
True	False	aeb_only	9	clean21	5.0	True	True	4.61091880364989	False	False	main650	9	573	实验记录/20260531_qualified26_d5p5-3p0_3baselines_instant_center/runs/scene13_9a0ab3f9_d5_aeb_only/summary.json	scene13_9a0ab3f9_d5_aeb_only	False
True	False	mind	9	clean21	5.0	True	True	6.106177621061526	False	False	main650	9	573	实验记录/20260531_qualified26_d5p5-3p0_3baselines_instant_center/runs/scene13_9a0ab3f9_d5_mind/summary.json	scene13_9a0ab3f9_d5_mind	False
True	False	ours	9	clean21	5.0	True	True	3.133844937273124	False	False	main650	9	581	实验记录/20260531_qualified26_d5p5-3p0_3baselines_instant_center/runs/scene13_9a0ab3f9_d5_ours/summary.json	scene13_9a0ab3f9_d5_ours	False
True	False	aeb_only	9	clean21	5.5	True	True	4.064899197931048	False	False	main650	9	569	实验记录/20260531_qualified26_d5p5-3p0_3baselines_instant_center/runs/scene13_9a0ab3f9_d5p5_aeb_only/summary.json	scene13_9a0ab3f9_d5p5_aeb_only	False
True	False	mind	9	clean21	5.5	True	True	6.092914632215428	False	False	main650	9	569	实验记录/20260531_qualified26_d5p5-3p0_3baselines_instant_center/runs/scene13_9a0ab3f9_d5p5_mind/summary.json	scene13_9a0ab3f9_d5p5_mind	False
True	False	ours	9	clean21	5.5	True	True	2.5586031534207345	True	False	main650	9	576	实验记录/20260531_qualified26_d5p5-3p0_3baselines_instant_center/runs/scene13_9a0ab3f9_d5p5_ours/summary.json	scene13_9a0ab3f9_d5p5_ours	False
True	False	aeb_only	10	clean21	3.0	True	True	3.5419275622666153	False	False	main650	10	451	实验记录/20260531_qualified26_d5p5-3p0_3baselines_instant_center/runs/scene14_6e7a829c_d3_aeb_only/summary.json	scene14_6e7a829c_d3_aeb_only	False
True	False	mind	10	clean21	3.0	True	True	3.625597367143849	False	False	main650	10	451	实验记录/20260531_qualified26_d5p5-3p0_3baselines_instant_center/runs/scene14_6e7a829c_d3_mind/summary.json	scene14_6e7a829c_d3_mind	False
True	False	ours	10	clean21	3.0	True	True	1.1027124085151612	True	False	main650	10	540	实验记录/20260531_qualified26_d5p5-3p0_3baselines_instant_center/runs/scene14_6e7a829c_d3_ours/summary.json	scene14_6e7a829c_d3_ours	False
True	False	aeb_only	10	clean21	3.5	True	True	2.649743042884169	True	False	main650	10	444	实验记录/20260531_qualified26_d5p5-3p0_3baselines_instant_center/runs/scene14_6e7a829c_d3p5_aeb_only/summary.json	scene14_6e7a829c_d3p5_aeb_only	False
True	False	mind	10	clean21	3.5	True	True	3.655639689421922	False	False	main650	10	444	实验记录/20260531_qualified26_d5p5-3p0_3baselines_instant_center/runs/scene14_6e7a829c_d3p5_mind/summary.json	scene14_6e7a829c_d3p5_mind	False
True	False	ours	10	clean21	3.5	True	True	0.18505159108531002	True	False	main650	10	528	实验记录/20260531_qualified26_d5p5-3p0_3baselines_instant_center/runs/scene14_6e7a829c_d3p5_ours/summary.json	scene14_6e7a829c_d3p5_ours	False
True	False	aeb_only	10	clean21	4.0	True	True	1.9987422500119907	True	False	main650	10	437	实验记录/20260531_qualified26_d5p5-3p0_3baselines_instant_center/runs/scene14_6e7a829c_d4_aeb_only/summary.json	scene14_6e7a829c_d4_aeb_only	False
True	False	mind	10	clean21	4.0	True	True	3.789413135476635	False	False	main650	10	437	实验记录/20260531_qualified26_d5p5-3p0_3baselines_instant_center/runs/scene14_6e7a829c_d4_mind/summary.json	scene14_6e7a829c_d4_mind	False
True	False	ours	10	clean21	4.0	True	True	0.5648223982842266	True	False	main650	10	515	实验记录/20260531_qualified26_d5p5-3p0_3baselines_instant_center/runs/scene14_6e7a829c_d4_ours/summary.json	scene14_6e7a829c_d4_ours	False
True	False	aeb_only	10	clean21	4.5	True	True	0.17477934036889026	True	False	main650	10	430	实验记录/20260531_qualified26_d5p5-3p0_3baselines_instant_center/runs/scene14_6e7a829c_d4p5_aeb_only/summary.json	scene14_6e7a829c_d4p5_aeb_only	False
True	False	mind	10	clean21	4.5	True	True	3.8136688795174964	False	False	main650	10	430	实验记录/20260531_qualified26_d5p5-3p0_3baselines_instant_center/runs/scene14_6e7a829c_d4p5_mind/summary.json	scene14_6e7a829c_d4p5_mind	False
True	False	ours	10	clean21	4.5	True	True	0.236833775538103	True	False	main650	10	503	实验记录/20260531_qualified26_d5p5-3p0_3baselines_instant_center/runs/scene14_6e7a829c_d4p5_ours/summary.json	scene14_6e7a829c_d4p5_ours	False
False	False	aeb_only	10	clean21	5.0	False	True		True	True	main650	10	423	实验记录/20260531_qualified26_d5p5-3p0_3baselines_instant_center/runs/scene14_6e7a829c_d5_aeb_only/summary.json	scene14_6e7a829c_d5_aeb_only	True
True	False	mind	10	clean21	5.0	True	True	3.8308105408420463	False	False	main650	10	423	实验记录/20260531_qualified26_d5p5-3p0_3baselines_instant_center/runs/scene14_6e7a829c_d5_mind/summary.json	scene14_6e7a829c_d5_mind	False
False	False	ours	10	clean21	5.0	False	True		True	True	main650	10	490	实验记录/20260531_qualified26_d5p5-3p0_3baselines_instant_center/runs/scene14_6e7a829c_d5_ours/summary.json	scene14_6e7a829c_d5_ours	True
True	False	aeb_only	10	clean21	5.5	True	True	1.5023850278975772	True	False	main650	10	416	实验记录/20260531_qualified26_d5p5-3p0_3baselines_instant_center/runs/scene14_6e7a829c_d5p5_aeb_only/summary.json	scene14_6e7a829c_d5p5_aeb_only	False
True	False	mind	10	clean21	5.5	True	True	4.005852839222278	False	False	main650	10	416	实验记录/20260531_qualified26_d5p5-3p0_3baselines_instant_center/runs/scene14_6e7a829c_d5p5_mind/summary.json	scene14_6e7a829c_d5p5_mind	False
False	False	ours	10	clean21	5.5	False	True		True	True	main650	10	477	实验记录/20260531_qualified26_d5p5-3p0_3baselines_instant_center/runs/scene14_6e7a829c_d5p5_ours/summary.json	scene14_6e7a829c_d5p5_ours	True
True	False	aeb_only	11	clean21	3.0	True	True	5.264501975279158	False	False	main650	11	595	实验记录/20260531_qualified26_d5p5-3p0_3baselines_instant_center/runs/scene15_ab97bc44_d3_aeb_only/summary.json	scene15_ab97bc44_d3_aeb_only	False
True	False	mind	11	clean21	3.0	True	True	5.473477179040871	False	False	main650	11	595	实验记录/20260531_qualified26_d5p5-3p0_3baselines_instant_center/runs/scene15_ab97bc44_d3_mind/summary.json	scene15_ab97bc44_d3_mind	False
True	False	ours	11	clean21	3.0	True	True	4.577294981368926	False	False	main650	11	631	实验记录/20260531_qualified26_d5p5-3p0_3baselines_instant_center/runs/scene15_ab97bc44_d3_ours/summary.json	scene15_ab97bc44_d3_ours	False
True	False	aeb_only	11	clean21	3.5	True	True	4.920107947608762	False	False	main650	11	590	实验记录/20260531_qualified26_d5p5-3p0_3baselines_instant_center/runs/scene15_ab97bc44_d3p5_aeb_only/summary.json	scene15_ab97bc44_d3p5_aeb_only	False
True	False	mind	11	clean21	3.5	True	True	5.479024280665155	False	False	main650	11	590	实验记录/20260531_qualified26_d5p5-3p0_3baselines_instant_center/runs/scene15_ab97bc44_d3p5_mind/summary.json	scene15_ab97bc44_d3p5_mind	False
True	False	ours	11	clean21	3.5	True	True	3.894190052923147	False	False	main650	11	625	实验记录/20260531_qualified26_d5p5-3p0_3baselines_instant_center/runs/scene15_ab97bc44_d3p5_ours/summary.json	scene15_ab97bc44_d3p5_ours	False
True	False	aeb_only	11	clean21	4.0	True	True	4.920107947608762	False	False	main650	11	586	实验记录/20260531_qualified26_d5p5-3p0_3baselines_instant_center/runs/scene15_ab97bc44_d4_aeb_only/summary.json	scene15_ab97bc44_d4_aeb_only	False
True	False	mind	11	clean21	4.0	True	True	5.479024280665155	False	False	main650	11	586	实验记录/20260531_qualified26_d5p5-3p0_3baselines_instant_center/runs/scene15_ab97bc44_d4_mind/summary.json	scene15_ab97bc44_d4_mind	False
True	False	ours	11	clean21	4.0	True	True	3.3862206614856474	False	False	main650	11	620	实验记录/20260531_qualified26_d5p5-3p0_3baselines_instant_center/runs/scene15_ab97bc44_d4_ours/summary.json	scene15_ab97bc44_d4_ours	False
True	False	aeb_only	11	clean21	4.5	True	True	4.494412237745075	False	False	main650	11	581	实验记录/20260531_qualified26_d5p5-3p0_3baselines_instant_center/runs/scene15_ab97bc44_d4p5_aeb_only/summary.json	scene15_ab97bc44_d4p5_aeb_only	False
True	False	mind	11	clean21	4.5	True	True	5.511090479841252	False	False	main650	11	581	实验记录/20260531_qualified26_d5p5-3p0_3baselines_instant_center/runs/scene15_ab97bc44_d4p5_mind/summary.json	scene15_ab97bc44_d4p5_mind	False
True	False	ours	11	clean21	4.5	True	True	2.8722084462245148	True	False	main650	11	615	实验记录/20260531_qualified26_d5p5-3p0_3baselines_instant_center/runs/scene15_ab97bc44_d4p5_ours/summary.json	scene15_ab97bc44_d4p5_ours	False
True	False	aeb_only	11	clean21	5.0	True	True	4.0658712605949745	False	False	main650	11	577	实验记录/20260531_qualified26_d5p5-3p0_3baselines_instant_center/runs/scene15_ab97bc44_d5_aeb_only/summary.json	scene15_ab97bc44_d5_aeb_only	False
True	False	mind	11	clean21	5.0	True	True	5.5080728212136085	False	False	main650	11	577	实验记录/20260531_qualified26_d5p5-3p0_3baselines_instant_center/runs/scene15_ab97bc44_d5_mind/summary.json	scene15_ab97bc44_d5_mind	False
True	False	ours	11	clean21	5.0	True	True	2.191053038504948	True	False	main650	11	610	实验记录/20260531_qualified26_d5p5-3p0_3baselines_instant_center/runs/scene15_ab97bc44_d5_ours/summary.json	scene15_ab97bc44_d5_ours	False
True	False	aeb_only	11	clean21	5.5	True	True	3.4759892576542253	False	False	main650	11	573	实验记录/20260531_qualified26_d5p5-3p0_3baselines_instant_center/runs/scene15_ab97bc44_d5p5_aeb_only/summary.json	scene15_ab97bc44_d5p5_aeb_only	False
True	False	mind	11	clean21	5.5	True	True	5.615573579233008	False	False	main650	11	573	实验记录/20260531_qualified26_d5p5-3p0_3baselines_instant_center/runs/scene15_ab97bc44_d5p5_mind/summary.json	scene15_ab97bc44_d5p5_mind	False
True	False	ours	11	clean21	5.5	True	True	1.2615122631098687	True	False	h800	11	605	实验记录/20260531_rerun21_h800_late_or_unspawned_w21/runs/scene15_ab97bc44_d5p5_ours/summary.json	scene15_ab97bc44_d5p5_ours	False
True	False	aeb_only	12	clean21	3.0	True	True	6.707669933116949	False	False	main650	12	471	实验记录/20260531_qualified26_d5p5-3p0_3baselines_instant_center/runs/scene16_e8a81b3c_d3_aeb_only/summary.json	scene16_e8a81b3c_d3_aeb_only	False
True	False	mind	12	clean21	3.0	True	True	6.707669933116949	False	False	main650	12	471	实验记录/20260531_qualified26_d5p5-3p0_3baselines_instant_center/runs/scene16_e8a81b3c_d3_mind/summary.json	scene16_e8a81b3c_d3_mind	False
True	False	ours	12	clean21	3.0	True	True	3.8944701591823048	False	False	main650	12	641	实验记录/20260531_qualified26_d5p5-3p0_3baselines_instant_center/runs/scene16_e8a81b3c_d3_ours/summary.json	scene16_e8a81b3c_d3_ours	False
True	False	aeb_only	12	clean21	3.5	True	True	6.437831714414705	False	False	main650	12	467	实验记录/20260531_qualified26_d5p5-3p0_3baselines_instant_center/runs/scene16_e8a81b3c_d3p5_aeb_only/summary.json	scene16_e8a81b3c_d3p5_aeb_only	False
True	False	mind	12	clean21	3.5	True	True	6.718019609762336	False	False	main650	12	467	实验记录/20260531_qualified26_d5p5-3p0_3baselines_instant_center/runs/scene16_e8a81b3c_d3p5_mind/summary.json	scene16_e8a81b3c_d3p5_mind	False
True	False	ours	12	clean21	3.5	True	True	3.0421022616233993	False	False	main650	12	635	实验记录/20260531_qualified26_d5p5-3p0_3baselines_instant_center/runs/scene16_e8a81b3c_d3p5_ours/summary.json	scene16_e8a81b3c_d3p5_ours	False
True	False	aeb_only	12	clean21	4.0	True	True	6.0821366639079795	False	False	main650	12	464	实验记录/20260531_qualified26_d5p5-3p0_3baselines_instant_center/runs/scene16_e8a81b3c_d4_aeb_only/summary.json	scene16_e8a81b3c_d4_aeb_only	False
True	False	mind	12	clean21	4.0	True	True	6.723854967177697	False	False	main650	12	464	实验记录/20260531_qualified26_d5p5-3p0_3baselines_instant_center/runs/scene16_e8a81b3c_d4_mind/summary.json	scene16_e8a81b3c_d4_mind	False
True	False	ours	12	clean21	4.0	True	True	2.4996101310525285	True	False	main650	12	628	实验记录/20260531_qualified26_d5p5-3p0_3baselines_instant_center/runs/scene16_e8a81b3c_d4_ours/summary.json	scene16_e8a81b3c_d4_ours	False
True	False	aeb_only	12	clean21	4.5	True	True	5.63837916239424	False	False	main650	12	460	实验记录/20260531_qualified26_d5p5-3p0_3baselines_instant_center/runs/scene16_e8a81b3c_d4p5_aeb_only/summary.json	scene16_e8a81b3c_d4p5_aeb_only	False
True	False	mind	12	clean21	4.5	True	True	6.74267693551432	False	False	main650	12	460	实验记录/20260531_qualified26_d5p5-3p0_3baselines_instant_center/runs/scene16_e8a81b3c_d4p5_mind/summary.json	scene16_e8a81b3c_d4p5_mind	False
True	False	ours	12	clean21	4.5	True	True	1.8784326507833269	True	False	h800	12	622	实验记录/20260531_rerun21_h800_late_or_unspawned_w21/runs/scene16_e8a81b3c_d4p5_ours/summary.json	scene16_e8a81b3c_d4p5_ours	False
True	False	aeb_only	12	clean21	5.0	True	True	5.63837916239424	False	False	main650	12	456	实验记录/20260531_qualified26_d5p5-3p0_3baselines_instant_center/runs/scene16_e8a81b3c_d5_aeb_only/summary.json	scene16_e8a81b3c_d5_aeb_only	False
True	False	mind	12	clean21	5.0	True	True	6.74267693551432	False	False	main650	12	456	实验记录/20260531_qualified26_d5p5-3p0_3baselines_instant_center/runs/scene16_e8a81b3c_d5_mind/summary.json	scene16_e8a81b3c_d5_mind	False
True	False	ours	12	clean21	5.0	True	True	0.7771721673109967	True	False	h800	12	616	实验记录/20260531_rerun21_h800_late_or_unspawned_w21/runs/scene16_e8a81b3c_d5_ours/summary.json	scene16_e8a81b3c_d5_ours	False
True	False	aeb_only	12	clean21	5.5	True	True	5.207284398952392	False	False	main650	12	453	实验记录/20260531_qualified26_d5p5-3p0_3baselines_instant_center/runs/scene16_e8a81b3c_d5p5_aeb_only/summary.json	scene16_e8a81b3c_d5p5_aeb_only	False
True	False	mind	12	clean21	5.5	True	True	6.746334994454237	False	False	main650	12	453	实验记录/20260531_qualified26_d5p5-3p0_3baselines_instant_center/runs/scene16_e8a81b3c_d5p5_mind/summary.json	scene16_e8a81b3c_d5p5_mind	False
False	False	ours	12	clean21	5.5	False	True		True	True	h800	12	610	实验记录/20260531_rerun21_h800_late_or_unspawned_w21/runs/scene16_e8a81b3c_d5p5_ours/summary.json	scene16_e8a81b3c_d5p5_ours	True
True	False	aeb_only	13	clean21	3.0	True	True	7.897952539381435	False	False	main650	13	453	实验记录/20260531_qualified26_d5p5-3p0_3baselines_instant_center/runs/scene17_f8e2ad51_d3_aeb_only/summary.json	scene17_f8e2ad51_d3_aeb_only	False
True	False	mind	13	clean21	3.0	True	True	7.977447027304009	False	False	main650	13	453	实验记录/20260531_qualified26_d5p5-3p0_3baselines_instant_center/runs/scene17_f8e2ad51_d3_mind/summary.json	scene17_f8e2ad51_d3_mind	False
True	False	ours	13	clean21	3.0	True	True	3.668810707392414	False	False	h800	13	653	实验记录/20260531_rerun21_h800_late_or_unspawned_w21/runs/scene17_f8e2ad51_d3_ours/summary.json	scene17_f8e2ad51_d3_ours	False
True	False	aeb_only	13	clean21	3.5	True	True	7.500854042031245	False	False	main650	13	450	实验记录/20260531_qualified26_d5p5-3p0_3baselines_instant_center/runs/scene17_f8e2ad51_d3p5_aeb_only/summary.json	scene17_f8e2ad51_d3p5_aeb_only	False
True	False	mind	13	clean21	3.5	True	True	7.978502989391798	False	False	main650	13	450	实验记录/20260531_qualified26_d5p5-3p0_3baselines_instant_center/runs/scene17_f8e2ad51_d3p5_mind/summary.json	scene17_f8e2ad51_d3p5_mind	False
True	False	ours	13	clean21	3.5	True	True	3.112958605250276	False	False	h800	13	646	实验记录/20260531_rerun21_h800_late_or_unspawned_w21/runs/scene17_f8e2ad51_d3p5_ours/summary.json	scene17_f8e2ad51_d3p5_ours	False
True	False	aeb_only	13	clean21	4.0	True	True	7.500854042031245	False	False	main650	13	447	实验记录/20260531_qualified26_d5p5-3p0_3baselines_instant_center/runs/scene17_f8e2ad51_d4_aeb_only/summary.json	scene17_f8e2ad51_d4_aeb_only	False
True	False	mind	13	clean21	4.0	True	True	7.978502989391798	False	False	main650	13	447	实验记录/20260531_qualified26_d5p5-3p0_3baselines_instant_center/runs/scene17_f8e2ad51_d4_mind/summary.json	scene17_f8e2ad51_d4_mind	False
True	False	ours	13	clean21	4.0	True	True	1.7989818253986094	True	False	h800	13	639	实验记录/20260531_rerun21_h800_late_or_unspawned_w21/runs/scene17_f8e2ad51_d4_ours/summary.json	scene17_f8e2ad51_d4_ours	False
True	False	aeb_only	13	clean21	4.5	True	True	7.103708018275417	False	False	main650	13	444	实验记录/20260531_qualified26_d5p5-3p0_3baselines_instant_center/runs/scene17_f8e2ad51_d4p5_aeb_only/summary.json	scene17_f8e2ad51_d4p5_aeb_only	False
True	False	mind	13	clean21	4.5	True	True	7.979292656743814	False	False	main650	13	444	实验记录/20260531_qualified26_d5p5-3p0_3baselines_instant_center/runs/scene17_f8e2ad51_d4p5_mind/summary.json	scene17_f8e2ad51_d4p5_mind	False
True	False	ours	13	clean21	4.5	True	True	0.39955977218806094	True	False	h800	13	632	实验记录/20260531_rerun21_h800_late_or_unspawned_w21/runs/scene17_f8e2ad51_d4p5_ours/summary.json	scene17_f8e2ad51_d4p5_ours	False
True	False	aeb_only	13	clean21	5.0	True	True	7.103708018275417	False	False	main650	13	441	实验记录/20260531_qualified26_d5p5-3p0_3baselines_instant_center/runs/scene17_f8e2ad51_d5_aeb_only/summary.json	scene17_f8e2ad51_d5_aeb_only	False
True	False	mind	13	clean21	5.0	True	True	7.979292656743814	False	False	main650	13	441	实验记录/20260531_qualified26_d5p5-3p0_3baselines_instant_center/runs/scene17_f8e2ad51_d5_mind/summary.json	scene17_f8e2ad51_d5_mind	False
False	False	ours	13	clean21	5.0	False	True		True	True	h800	13	625	实验记录/20260531_rerun21_h800_late_or_unspawned_w21/runs/scene17_f8e2ad51_d5_ours/summary.json	scene17_f8e2ad51_d5_ours	True
True	False	aeb_only	13	clean21	5.5	True	True	6.625922649188388	False	False	main650	13	438	实验记录/20260531_qualified26_d5p5-3p0_3baselines_instant_center/runs/scene17_f8e2ad51_d5p5_aeb_only/summary.json	scene17_f8e2ad51_d5p5_aeb_only	False
True	False	mind	13	clean21	5.5	True	True	7.982498173302289	False	False	main650	13	438	实验记录/20260531_qualified26_d5p5-3p0_3baselines_instant_center/runs/scene17_f8e2ad51_d5p5_mind/summary.json	scene17_f8e2ad51_d5p5_mind	False
False	False	ours	13	clean21	5.5	False	True		True	True	h800	13	618	实验记录/20260531_rerun21_h800_late_or_unspawned_w21/runs/scene17_f8e2ad51_d5p5_ours/summary.json	scene17_f8e2ad51_d5p5_ours	True
True	False	aeb_only	14	clean21	3.0	True	True	7.431815036144534	False	False	main650	14	407	实验记录/20260531_qualified26_d5p5-3p0_3baselines_instant_center/runs/scene18_2e1a3df9_d3_aeb_only/summary.json	scene18_2e1a3df9_d3_aeb_only	False
True	False	mind	14	clean21	3.0	True	True	7.431815036144534	False	False	main650	14	407	实验记录/20260531_qualified26_d5p5-3p0_3baselines_instant_center/runs/scene18_2e1a3df9_d3_mind/summary.json	scene18_2e1a3df9_d3_mind	False
True	False	ours	14	clean21	3.0	True	True	4.125608268928915	False	False	main650	14	511	实验记录/20260531_qualified26_d5p5-3p0_3baselines_instant_center/runs/scene18_2e1a3df9_d3_ours/summary.json	scene18_2e1a3df9_d3_ours	False
True	False	aeb_only	14	clean21	3.5	True	True	7.109731198822611	False	False	main650	14	404	实验记录/20260531_qualified26_d5p5-3p0_3baselines_instant_center/runs/scene18_2e1a3df9_d3p5_aeb_only/summary.json	scene18_2e1a3df9_d3p5_aeb_only	False
True	False	mind	14	clean21	3.5	True	True	7.4339193254982225	False	False	main650	14	404	实验记录/20260531_qualified26_d5p5-3p0_3baselines_instant_center/runs/scene18_2e1a3df9_d3p5_mind/summary.json	scene18_2e1a3df9_d3p5_mind	False
True	False	ours	14	clean21	3.5	True	True	3.269280091340656	False	False	main650	14	505	实验记录/20260531_qualified26_d5p5-3p0_3baselines_instant_center/runs/scene18_2e1a3df9_d3p5_ours/summary.json	scene18_2e1a3df9_d3p5_ours	False
True	False	aeb_only	14	clean21	4.0	True	True	6.623831604847807	False	False	main650	14	400	实验记录/20260531_qualified26_d5p5-3p0_3baselines_instant_center/runs/scene18_2e1a3df9_d4_aeb_only/summary.json	scene18_2e1a3df9_d4_aeb_only	False
True	False	mind	14	clean21	4.0	True	True	7.434595619618566	False	False	main650	14	400	实验记录/20260531_qualified26_d5p5-3p0_3baselines_instant_center/runs/scene18_2e1a3df9_d4_mind/summary.json	scene18_2e1a3df9_d4_mind	False
True	False	ours	14	clean21	4.0	True	True	2.7173242495117833	True	False	main650	14	499	实验记录/20260531_qualified26_d5p5-3p0_3baselines_instant_center/runs/scene18_2e1a3df9_d4_ours/summary.json	scene18_2e1a3df9_d4_ours	False
True	False	aeb_only	14	clean21	4.5	True	True	6.623831604847807	False	False	main650	14	397	实验记录/20260531_qualified26_d5p5-3p0_3baselines_instant_center/runs/scene18_2e1a3df9_d4p5_aeb_only/summary.json	scene18_2e1a3df9_d4p5_aeb_only	False
True	False	mind	14	clean21	4.5	True	True	7.434595619618566	False	False	main650	14	397	实验记录/20260531_qualified26_d5p5-3p0_3baselines_instant_center/runs/scene18_2e1a3df9_d4p5_mind/summary.json	scene18_2e1a3df9_d4p5_mind	False
True	False	ours	14	clean21	4.5	True	True	1.9962620726819402	True	False	main650	14	493	实验记录/20260531_qualified26_d5p5-3p0_3baselines_instant_center/runs/scene18_2e1a3df9_d4p5_ours/summary.json	scene18_2e1a3df9_d4p5_ours	False
True	False	aeb_only	14	clean21	5.0	True	True	6.135422747000421	False	False	main650	14	393	实验记录/20260531_qualified26_d5p5-3p0_3baselines_instant_center/runs/scene18_2e1a3df9_d5_aeb_only/summary.json	scene18_2e1a3df9_d5_aeb_only	False
True	False	mind	14	clean21	5.0	True	True	7.43881937484066	False	False	main650	14	393	实验记录/20260531_qualified26_d5p5-3p0_3baselines_instant_center/runs/scene18_2e1a3df9_d5_mind/summary.json	scene18_2e1a3df9_d5_mind	False
True	False	ours	14	clean21	5.0	True	True	0.9563411313164317	True	False	main650	14	487	实验记录/20260531_qualified26_d5p5-3p0_3baselines_instant_center/runs/scene18_2e1a3df9_d5_ours/summary.json	scene18_2e1a3df9_d5_ours	False
True	False	aeb_only	14	clean21	5.5	True	True	5.64336650389623	False	False	main650	14	390	实验记录/20260531_qualified26_d5p5-3p0_3baselines_instant_center/runs/scene18_2e1a3df9_d5p5_aeb_only/summary.json	scene18_2e1a3df9_d5p5_aeb_only	False
True	False	mind	14	clean21	5.5	True	True	7.444655431967767	False	False	main650	14	390	实验记录/20260531_qualified26_d5p5-3p0_3baselines_instant_center/runs/scene18_2e1a3df9_d5p5_mind/summary.json	scene18_2e1a3df9_d5p5_mind	False
False	False	ours	14	clean21	5.5	False	True		True	True	main650	14	481	实验记录/20260531_qualified26_d5p5-3p0_3baselines_instant_center/runs/scene18_2e1a3df9_d5p5_ours/summary.json	scene18_2e1a3df9_d5p5_ours	True
True	False	aeb_only	15	clean21	3.0	True	True	6.489307271265426	False	False	main650	15	582	实验记录/20260531_qualified26_d5p5-3p0_3baselines_instant_center/runs/scene19_e61d64bc_d3_aeb_only/summary.json	scene19_e61d64bc_d3_aeb_only	False
True	False	mind	15	clean21	3.0	True	True	6.489307271265426	False	False	main650	15	582	实验记录/20260531_qualified26_d5p5-3p0_3baselines_instant_center/runs/scene19_e61d64bc_d3_mind/summary.json	scene19_e61d64bc_d3_mind	False
True	False	ours	15	clean21	3.0	True	True	4.086057737878412	False	False	main650	15	628	实验记录/20260531_qualified26_d5p5-3p0_3baselines_instant_center/runs/scene19_e61d64bc_d3_ours/summary.json	scene19_e61d64bc_d3_ours	False
True	False	aeb_only	15	clean21	3.5	True	True	6.172519684402294	False	False	main650	15	579	实验记录/20260531_qualified26_d5p5-3p0_3baselines_instant_center/runs/scene19_e61d64bc_d3p5_aeb_only/summary.json	scene19_e61d64bc_d3p5_aeb_only	False
True	False	mind	15	clean21	3.5	True	True	6.486281721798513	False	False	main650	15	579	实验记录/20260531_qualified26_d5p5-3p0_3baselines_instant_center/runs/scene19_e61d64bc_d3p5_mind/summary.json	scene19_e61d64bc_d3p5_mind	False
True	False	ours	15	clean21	3.5	True	True	3.741822865016406	False	False	main650	15	623	实验记录/20260531_qualified26_d5p5-3p0_3baselines_instant_center/runs/scene19_e61d64bc_d3p5_ours/summary.json	scene19_e61d64bc_d3p5_ours	False
True	False	aeb_only	15	clean21	4.0	True	True	5.774767651439291	False	False	main650	15	575	实验记录/20260531_qualified26_d5p5-3p0_3baselines_instant_center/runs/scene19_e61d64bc_d4_aeb_only/summary.json	scene19_e61d64bc_d4_aeb_only	False
True	False	mind	15	clean21	4.0	True	True	6.498258136062836	False	False	main650	15	575	实验记录/20260531_qualified26_d5p5-3p0_3baselines_instant_center/runs/scene19_e61d64bc_d4_mind/summary.json	scene19_e61d64bc_d4_mind	False
True	False	ours	15	clean21	4.0	True	True	3.321534199855349	False	False	main650	15	617	实验记录/20260531_qualified26_d5p5-3p0_3baselines_instant_center/runs/scene19_e61d64bc_d4_ours/summary.json	scene19_e61d64bc_d4_ours	False
True	False	aeb_only	15	clean21	4.5	True	True	5.774767651439291	False	False	main650	15	571	实验记录/20260531_qualified26_d5p5-3p0_3baselines_instant_center/runs/scene19_e61d64bc_d4p5_aeb_only/summary.json	scene19_e61d64bc_d4p5_aeb_only	False
True	False	mind	15	clean21	4.5	True	True	6.498258136062836	False	False	main650	15	571	实验记录/20260531_qualified26_d5p5-3p0_3baselines_instant_center/runs/scene19_e61d64bc_d4p5_mind/summary.json	scene19_e61d64bc_d4p5_mind	False
True	False	ours	15	clean21	4.5	True	True	2.8249877133370944	True	False	main650	15	612	实验记录/20260531_qualified26_d5p5-3p0_3baselines_instant_center/runs/scene19_e61d64bc_d4p5_ours/summary.json	scene19_e61d64bc_d4p5_ours	False
True	False	aeb_only	15	clean21	5.0	True	True	5.4531179556455776	False	False	main650	15	567	实验记录/20260531_qualified26_d5p5-3p0_3baselines_instant_center/runs/scene19_e61d64bc_d5_aeb_only/summary.json	scene19_e61d64bc_d5_aeb_only	False
True	False	mind	15	clean21	5.0	True	True	6.547754759754679	False	False	main650	15	567	实验记录/20260531_qualified26_d5p5-3p0_3baselines_instant_center/runs/scene19_e61d64bc_d5_mind/summary.json	scene19_e61d64bc_d5_mind	False
True	False	ours	15	clean21	5.0	True	True	2.2539666177035906	True	False	main650	15	606	实验记录/20260531_qualified26_d5p5-3p0_3baselines_instant_center/runs/scene19_e61d64bc_d5_ours/summary.json	scene19_e61d64bc_d5_ours	False
True	False	aeb_only	15	clean21	5.5	True	True	4.965437973749279	False	False	main650	15	564	实验记录/20260531_qualified26_d5p5-3p0_3baselines_instant_center/runs/scene19_e61d64bc_d5p5_aeb_only/summary.json	scene19_e61d64bc_d5p5_aeb_only	False
True	False	mind	15	clean21	5.5	True	True	6.5635919443442035	False	False	main650	15	564	实验记录/20260531_qualified26_d5p5-3p0_3baselines_instant_center/runs/scene19_e61d64bc_d5p5_mind/summary.json	scene19_e61d64bc_d5p5_mind	False
True	False	ours	15	clean21	5.5	True	True	1.527906232281599	True	False	main650	15	601	实验记录/20260531_qualified26_d5p5-3p0_3baselines_instant_center/runs/scene19_e61d64bc_d5p5_ours/summary.json	scene19_e61d64bc_d5p5_ours	False
True	False	aeb_only	16	clean21	3.0	True	True	7.403389306274036	False	False	main650	16	447	实验记录/20260531_qualified26_d5p5-3p0_3baselines_instant_center/runs/scene20_46b85132_d3_aeb_only/summary.json	scene20_46b85132_d3_aeb_only	False
True	False	mind	16	clean21	3.0	True	True	7.403389306274036	False	False	main650	16	447	实验记录/20260531_qualified26_d5p5-3p0_3baselines_instant_center/runs/scene20_46b85132_d3_mind/summary.json	scene20_46b85132_d3_mind	False
True	False	ours	16	clean21	3.0	True	True	3.8468671138394903	False	False	main650	16	603	实验记录/20260531_qualified26_d5p5-3p0_3baselines_instant_center/runs/scene20_46b85132_d3_ours/summary.json	scene20_46b85132_d3_ours	False
True	False	aeb_only	16	clean21	3.5	True	True	7.026089726477874	False	False	main650	16	444	实验记录/20260531_qualified26_d5p5-3p0_3baselines_instant_center/runs/scene20_46b85132_d3p5_aeb_only/summary.json	scene20_46b85132_d3p5_aeb_only	False
True	False	mind	16	clean21	3.5	True	True	7.407356958227727	False	False	main650	16	444	实验记录/20260531_qualified26_d5p5-3p0_3baselines_instant_center/runs/scene20_46b85132_d3p5_mind/summary.json	scene20_46b85132_d3p5_mind	False
True	False	ours	16	clean21	3.5	True	True	3.4454290379990002	False	False	main650	16	597	实验记录/20260531_qualified26_d5p5-3p0_3baselines_instant_center/runs/scene20_46b85132_d3p5_ours/summary.json	scene20_46b85132_d3p5_ours	False
True	False	aeb_only	16	clean21	4.0	True	True	6.641313499742584	False	False	main650	16	440	实验记录/20260531_qualified26_d5p5-3p0_3baselines_instant_center/runs/scene20_46b85132_d4_aeb_only/summary.json	scene20_46b85132_d4_aeb_only	False
True	False	mind	16	clean21	4.0	True	True	7.407181260426788	False	False	main650	16	440	实验记录/20260531_qualified26_d5p5-3p0_3baselines_instant_center/runs/scene20_46b85132_d4_mind/summary.json	scene20_46b85132_d4_mind	False
True	False	ours	16	clean21	4.0	True	True	2.884271616345951	True	False	main650	16	591	实验记录/20260531_qualified26_d5p5-3p0_3baselines_instant_center/runs/scene20_46b85132_d4_ours/summary.json	scene20_46b85132_d4_ours	False
True	False	aeb_only	16	clean21	4.5	True	True	6.641313499742584	False	False	main650	16	437	实验记录/20260531_qualified26_d5p5-3p0_3baselines_instant_center/runs/scene20_46b85132_d4p5_aeb_only/summary.json	scene20_46b85132_d4p5_aeb_only	False
True	False	mind	16	clean21	4.5	True	True	7.407181260426788	False	False	main650	16	437	实验记录/20260531_qualified26_d5p5-3p0_3baselines_instant_center/runs/scene20_46b85132_d4p5_mind/summary.json	scene20_46b85132_d4p5_mind	False
True	False	ours	16	clean21	4.5	True	True	1.440641450005736	True	False	main650	16	585	实验记录/20260531_qualified26_d5p5-3p0_3baselines_instant_center/runs/scene20_46b85132_d4p5_ours/summary.json	scene20_46b85132_d4p5_ours	False
True	False	aeb_only	16	clean21	5.0	True	True	6.166464042457812	False	False	main650	16	434	实验记录/20260531_qualified26_d5p5-3p0_3baselines_instant_center/runs/scene20_46b85132_d5_aeb_only/summary.json	scene20_46b85132_d5_aeb_only	False
True	False	mind	16	clean21	5.0	True	True	7.432368056354034	False	False	main650	16	434	实验记录/20260531_qualified26_d5p5-3p0_3baselines_instant_center/runs/scene20_46b85132_d5_mind/summary.json	scene20_46b85132_d5_mind	False
False	False	ours	16	clean21	5.0	False	True		True	True	main650	16	579	实验记录/20260531_qualified26_d5p5-3p0_3baselines_instant_center/runs/scene20_46b85132_d5_ours/summary.json	scene20_46b85132_d5_ours	True
True	False	aeb_only	16	clean21	5.5	True	True	5.693437441848813	False	False	main650	16	430	实验记录/20260531_qualified26_d5p5-3p0_3baselines_instant_center/runs/scene20_46b85132_d5p5_aeb_only/summary.json	scene20_46b85132_d5p5_aeb_only	False
True	False	mind	16	clean21	5.5	True	True	7.3913892801337475	False	False	main650	16	430	实验记录/20260531_qualified26_d5p5-3p0_3baselines_instant_center/runs/scene20_46b85132_d5p5_mind/summary.json	scene20_46b85132_d5p5_mind	False
False	False	ours	16	clean21	5.5	False	True		True	True	main650	16	573	实验记录/20260531_qualified26_d5p5-3p0_3baselines_instant_center/runs/scene20_46b85132_d5p5_ours/summary.json	scene20_46b85132_d5p5_ours	True
True	False	aeb_only	17	clean21	3.0	True	True	5.970271339714256	False	False	main650	17	435	实验记录/20260531_qualified26_d5p5-3p0_3baselines_instant_center/runs/scene21_c4b2ade0_d3_aeb_only/summary.json	scene21_c4b2ade0_d3_aeb_only	False
True	False	mind	17	clean21	3.0	True	True	6.190181950754043	False	False	main650	17	435	实验记录/20260531_qualified26_d5p5-3p0_3baselines_instant_center/runs/scene21_c4b2ade0_d3_mind/summary.json	scene21_c4b2ade0_d3_mind	False
True	False	ours	17	clean21	3.0	True	True	3.254388972531962	False	False	main650	17	552	实验记录/20260531_qualified26_d5p5-3p0_3baselines_instant_center/runs/scene21_c4b2ade0_d3_ours/summary.json	scene21_c4b2ade0_d3_ours	False
True	False	aeb_only	17	clean21	3.5	True	True	5.970271339714256	False	False	main650	17	431	实验记录/20260531_qualified26_d5p5-3p0_3baselines_instant_center/runs/scene21_c4b2ade0_d3p5_aeb_only/summary.json	scene21_c4b2ade0_d3p5_aeb_only	False
True	False	mind	17	clean21	3.5	True	True	6.190181950754043	False	False	main650	17	431	实验记录/20260531_qualified26_d5p5-3p0_3baselines_instant_center/runs/scene21_c4b2ade0_d3p5_mind/summary.json	scene21_c4b2ade0_d3p5_mind	False
True	False	ours	17	clean21	3.5	True	True	2.3428651884144838	True	False	main650	17	545	实验记录/20260531_qualified26_d5p5-3p0_3baselines_instant_center/runs/scene21_c4b2ade0_d3p5_ours/summary.json	scene21_c4b2ade0_d3p5_ours	False
True	False	aeb_only	17	clean21	4.0	True	True	5.585820545714139	False	False	main650	17	426	实验记录/20260531_qualified26_d5p5-3p0_3baselines_instant_center/runs/scene21_c4b2ade0_d4_aeb_only/summary.json	scene21_c4b2ade0_d4_aeb_only	False
True	False	mind	17	clean21	4.0	True	True	6.2025288359730775	False	False	main650	17	426	实验记录/20260531_qualified26_d5p5-3p0_3baselines_instant_center/runs/scene21_c4b2ade0_d4_mind/summary.json	scene21_c4b2ade0_d4_mind	False
True	False	ours	17	clean21	4.0	True	True	1.8213473267969107	True	False	main650	17	538	实验记录/20260531_qualified26_d5p5-3p0_3baselines_instant_center/runs/scene21_c4b2ade0_d4_ours/summary.json	scene21_c4b2ade0_d4_ours	False
True	False	aeb_only	17	clean21	4.5	True	True	5.204445981805414	False	False	main650	17	422	实验记录/20260531_qualified26_d5p5-3p0_3baselines_instant_center/runs/scene21_c4b2ade0_d4p5_aeb_only/summary.json	scene21_c4b2ade0_d4p5_aeb_only	False
True	False	mind	17	clean21	4.5	True	True	6.202528682468529	False	False	main650	17	422	实验记录/20260531_qualified26_d5p5-3p0_3baselines_instant_center/runs/scene21_c4b2ade0_d4p5_mind/summary.json	scene21_c4b2ade0_d4p5_mind	False
True	False	ours	17	clean21	4.5	True	True	0.9025480242647459	True	False	main650	17	531	实验记录/20260531_qualified26_d5p5-3p0_3baselines_instant_center/runs/scene21_c4b2ade0_d4p5_ours/summary.json	scene21_c4b2ade0_d4p5_ours	False
True	False	aeb_only	17	clean21	5.0	True	True	4.66716495635512	False	False	main650	17	419	实验记录/20260531_qualified26_d5p5-3p0_3baselines_instant_center/runs/scene21_c4b2ade0_d5_aeb_only/summary.json	scene21_c4b2ade0_d5_aeb_only	False
True	False	mind	17	clean21	5.0	True	True	6.236764582030984	False	False	main650	17	419	实验记录/20260531_qualified26_d5p5-3p0_3baselines_instant_center/runs/scene21_c4b2ade0_d5_mind/summary.json	scene21_c4b2ade0_d5_mind	False
False	False	ours	17	clean21	5.0	False	True		True	True	main650	17	524	实验记录/20260531_qualified26_d5p5-3p0_3baselines_instant_center/runs/scene21_c4b2ade0_d5_ours/summary.json	scene21_c4b2ade0_d5_ours	True
True	False	aeb_only	17	clean21	5.5	True	True	4.215101464546537	False	False	main650	17	415	实验记录/20260531_qualified26_d5p5-3p0_3baselines_instant_center/runs/scene21_c4b2ade0_d5p5_aeb_only/summary.json	scene21_c4b2ade0_d5p5_aeb_only	False
True	False	mind	17	clean21	5.5	True	True	6.205214078500101	False	False	main650	17	415	实验记录/20260531_qualified26_d5p5-3p0_3baselines_instant_center/runs/scene21_c4b2ade0_d5p5_mind/summary.json	scene21_c4b2ade0_d5p5_mind	False
False	False	ours	17	clean21	5.5	False	True		True	True	main650	17	518	实验记录/20260531_qualified26_d5p5-3p0_3baselines_instant_center/runs/scene21_c4b2ade0_d5p5_ours/summary.json	scene21_c4b2ade0_d5p5_ours	True
True	False	aeb_only	18	clean21	3.0	True	True	5.52239687142671	False	False	main650	18	485	实验记录/20260531_qualified26_d5p5-3p0_3baselines_instant_center/runs/scene22_1a80b89e_d3_aeb_only/summary.json	scene22_1a80b89e_d3_aeb_only	False
True	False	mind	18	clean21	3.0	True	True	5.772185477134964	False	False	main650	18	485	实验记录/20260531_qualified26_d5p5-3p0_3baselines_instant_center/runs/scene22_1a80b89e_d3_mind/summary.json	scene22_1a80b89e_d3_mind	False
True	False	ours	18	clean21	3.0	True	True	3.8961311529618	False	False	main650	18	615	实验记录/20260531_qualified26_d5p5-3p0_3baselines_instant_center/runs/scene22_1a80b89e_d3_ours/summary.json	scene22_1a80b89e_d3_ours	False
True	False	aeb_only	18	clean21	3.5	True	True	5.52239687142671	False	False	main650	18	481	实验记录/20260531_qualified26_d5p5-3p0_3baselines_instant_center/runs/scene22_1a80b89e_d3p5_aeb_only/summary.json	scene22_1a80b89e_d3p5_aeb_only	False
True	False	mind	18	clean21	3.5	True	True	5.772185477134964	False	False	main650	18	481	实验记录/20260531_qualified26_d5p5-3p0_3baselines_instant_center/runs/scene22_1a80b89e_d3p5_mind/summary.json	scene22_1a80b89e_d3p5_mind	False
True	False	ours	18	clean21	3.5	True	True	3.525052335619124	False	False	main650	18	609	实验记录/20260531_qualified26_d5p5-3p0_3baselines_instant_center/runs/scene22_1a80b89e_d3p5_ours/summary.json	scene22_1a80b89e_d3p5_ours	False
True	False	aeb_only	18	clean21	4.0	True	True	5.215784099109398	False	False	main650	18	477	实验记录/20260531_qualified26_d5p5-3p0_3baselines_instant_center/runs/scene22_1a80b89e_d4_aeb_only/summary.json	scene22_1a80b89e_d4_aeb_only	False
True	False	mind	18	clean21	4.0	True	True	5.773697226818019	False	False	main650	18	477	实验记录/20260531_qualified26_d5p5-3p0_3baselines_instant_center/runs/scene22_1a80b89e_d4_mind/summary.json	scene22_1a80b89e_d4_mind	False
True	False	ours	18	clean21	4.0	True	True	2.9922840067658427	True	False	main650	18	604	实验记录/20260531_qualified26_d5p5-3p0_3baselines_instant_center/runs/scene22_1a80b89e_d4_ours/summary.json	scene22_1a80b89e_d4_ours	False
True	False	aeb_only	18	clean21	4.5	True	True	4.8279478988263556	False	False	main650	18	473	实验记录/20260531_qualified26_d5p5-3p0_3baselines_instant_center/runs/scene22_1a80b89e_d4p5_aeb_only/summary.json	scene22_1a80b89e_d4p5_aeb_only	False
True	False	mind	18	clean21	4.5	True	True	5.829859697499851	False	False	main650	18	473	实验记录/20260531_qualified26_d5p5-3p0_3baselines_instant_center/runs/scene22_1a80b89e_d4p5_mind/summary.json	scene22_1a80b89e_d4p5_mind	False
True	False	ours	18	clean21	4.5	True	True	2.457109984464446	True	False	main650	18	598	实验记录/20260531_qualified26_d5p5-3p0_3baselines_instant_center/runs/scene22_1a80b89e_d4p5_ours/summary.json	scene22_1a80b89e_d4p5_ours	False
True	False	aeb_only	18	clean21	5.0	True	True	4.433736693291693	False	False	main650	18	469	实验记录/20260531_qualified26_d5p5-3p0_3baselines_instant_center/runs/scene22_1a80b89e_d5_aeb_only/summary.json	scene22_1a80b89e_d5_aeb_only	False
True	False	mind	18	clean21	5.0	True	True	5.779743839183949	False	False	main650	18	469	实验记录/20260531_qualified26_d5p5-3p0_3baselines_instant_center/runs/scene22_1a80b89e_d5_mind/summary.json	scene22_1a80b89e_d5_mind	False
True	False	ours	18	clean21	5.0	True	True	1.678960784734059	True	False	main650	18	592	实验记录/20260531_qualified26_d5p5-3p0_3baselines_instant_center/runs/scene22_1a80b89e_d5_ours/summary.json	scene22_1a80b89e_d5_ours	False
True	False	aeb_only	18	clean21	5.5	True	True	4.034370194331195	False	False	main650	18	465	实验记录/20260531_qualified26_d5p5-3p0_3baselines_instant_center/runs/scene22_1a80b89e_d5p5_aeb_only/summary.json	scene22_1a80b89e_d5p5_aeb_only	False
True	False	mind	18	clean21	5.5	True	True	5.903788201845555	False	False	main650	18	465	实验记录/20260531_qualified26_d5p5-3p0_3baselines_instant_center/runs/scene22_1a80b89e_d5p5_mind/summary.json	scene22_1a80b89e_d5p5_mind	False
False	False	ours	18	clean21	5.5	False	True		True	True	main650	18	587	实验记录/20260531_qualified26_d5p5-3p0_3baselines_instant_center/runs/scene22_1a80b89e_d5p5_ours/summary.json	scene22_1a80b89e_d5p5_ours	True
True	False	aeb_only	19	clean21	3.0	True	True	6.828745768442978	False	False	main650	19	458	实验记录/20260531_qualified26_d5p5-3p0_3baselines_instant_center/runs/scene23_21f32c4e_d3_aeb_only/summary.json	scene23_21f32c4e_d3_aeb_only	False
True	False	mind	19	clean21	3.0	True	True	6.904781874870942	False	False	main650	19	458	实验记录/20260531_qualified26_d5p5-3p0_3baselines_instant_center/runs/scene23_21f32c4e_d3_mind/summary.json	scene23_21f32c4e_d3_mind	False
True	False	ours	19	clean21	3.0	True	True	4.307918725582433	False	False	main650	19	546	实验记录/20260531_qualified26_d5p5-3p0_3baselines_instant_center/runs/scene23_21f32c4e_d3_ours/summary.json	scene23_21f32c4e_d3_ours	False
True	False	aeb_only	19	clean21	3.5	True	True	6.453379464260182	False	False	main650	19	455	实验记录/20260531_qualified26_d5p5-3p0_3baselines_instant_center/runs/scene23_21f32c4e_d3p5_aeb_only/summary.json	scene23_21f32c4e_d3p5_aeb_only	False
True	False	mind	19	clean21	3.5	True	True	6.905424049395041	False	False	main650	19	455	实验记录/20260531_qualified26_d5p5-3p0_3baselines_instant_center/runs/scene23_21f32c4e_d3p5_mind/summary.json	scene23_21f32c4e_d3p5_mind	False
True	False	ours	19	clean21	3.5	True	True	3.4734922992226442	False	False	main650	19	540	实验记录/20260531_qualified26_d5p5-3p0_3baselines_instant_center/runs/scene23_21f32c4e_d3p5_ours/summary.json	scene23_21f32c4e_d3p5_ours	False
True	False	aeb_only	19	clean21	4.0	True	True	6.453379464260182	False	False	main650	19	451	实验记录/20260531_qualified26_d5p5-3p0_3baselines_instant_center/runs/scene23_21f32c4e_d4_aeb_only/summary.json	scene23_21f32c4e_d4_aeb_only	False
True	False	mind	19	clean21	4.0	True	True	6.905424049395041	False	False	main650	19	451	实验记录/20260531_qualified26_d5p5-3p0_3baselines_instant_center/runs/scene23_21f32c4e_d4_mind/summary.json	scene23_21f32c4e_d4_mind	False
True	False	ours	19	clean21	4.0	True	True	2.9248492061930094	True	False	main650	19	535	实验记录/20260531_qualified26_d5p5-3p0_3baselines_instant_center/runs/scene23_21f32c4e_d4_ours/summary.json	scene23_21f32c4e_d4_ours	False
True	False	aeb_only	19	clean21	4.5	True	True	6.000238737384144	False	False	main650	19	447	实验记录/20260531_qualified26_d5p5-3p0_3baselines_instant_center/runs/scene23_21f32c4e_d4p5_aeb_only/summary.json	scene23_21f32c4e_d4p5_aeb_only	False
True	False	mind	19	clean21	4.5	True	True	6.946811960044802	False	False	main650	19	447	实验记录/20260531_qualified26_d5p5-3p0_3baselines_instant_center/runs/scene23_21f32c4e_d4p5_mind/summary.json	scene23_21f32c4e_d4p5_mind	False
True	False	ours	19	clean21	4.5	True	True	2.289129841344179	True	False	main650	19	529	实验记录/20260531_qualified26_d5p5-3p0_3baselines_instant_center/runs/scene23_21f32c4e_d4p5_ours/summary.json	scene23_21f32c4e_d4p5_ours	False
True	False	aeb_only	19	clean21	5.0	True	True	5.60883271661271	False	False	main650	19	444	实验记录/20260531_qualified26_d5p5-3p0_3baselines_instant_center/runs/scene23_21f32c4e_d5_aeb_only/summary.json	scene23_21f32c4e_d5_aeb_only	False
True	False	mind	19	clean21	5.0	True	True	6.914892453557285	False	False	main650	19	444	实验记录/20260531_qualified26_d5p5-3p0_3baselines_instant_center/runs/scene23_21f32c4e_d5_mind/summary.json	scene23_21f32c4e_d5_mind	False
True	False	ours	19	clean21	5.0	True	True	1.3279998274415812	True	False	main650	19	523	实验记录/20260531_qualified26_d5p5-3p0_3baselines_instant_center/runs/scene23_21f32c4e_d5_ours/summary.json	scene23_21f32c4e_d5_ours	False
True	False	aeb_only	19	clean21	5.5	True	True	5.060677020224886	False	False	main650	19	440	实验记录/20260531_qualified26_d5p5-3p0_3baselines_instant_center/runs/scene23_21f32c4e_d5p5_aeb_only/summary.json	scene23_21f32c4e_d5p5_aeb_only	False
True	False	mind	19	clean21	5.5	True	True	7.01040160446247	False	False	main650	19	440	实验记录/20260531_qualified26_d5p5-3p0_3baselines_instant_center/runs/scene23_21f32c4e_d5p5_mind/summary.json	scene23_21f32c4e_d5p5_mind	False
False	False	ours	19	clean21	5.5	False	True		True	True	main650	19	517	实验记录/20260531_qualified26_d5p5-3p0_3baselines_instant_center/runs/scene23_21f32c4e_d5p5_ours/summary.json	scene23_21f32c4e_d5p5_ours	True
True	False	aeb_only	20	clean21	3.0	True	True	7.85091211542328	False	False	main650	20	478	实验记录/20260531_qualified26_d5p5-3p0_3baselines_instant_center/runs/scene25_8d42329f_d3_aeb_only/summary.json	scene25_8d42329f_d3_aeb_only	False
True	False	mind	20	clean21	3.0	True	True	7.85091211542328	False	False	main650	20	478	实验记录/20260531_qualified26_d5p5-3p0_3baselines_instant_center/runs/scene25_8d42329f_d3_mind/summary.json	scene25_8d42329f_d3_mind	False
True	False	ours	20	clean21	3.0	True	True	4.611550107012907	False	False	main650	20	641	实验记录/20260531_qualified26_d5p5-3p0_3baselines_instant_center/runs/scene25_8d42329f_d3_ours/summary.json	scene25_8d42329f_d3_ours	False
True	False	aeb_only	20	clean21	3.5	True	True	7.463078161380595	False	False	main650	20	475	实验记录/20260531_qualified26_d5p5-3p0_3baselines_instant_center/runs/scene25_8d42329f_d3p5_aeb_only/summary.json	scene25_8d42329f_d3p5_aeb_only	False
True	False	mind	20	clean21	3.5	True	True	7.851318634488219	False	False	main650	20	475	实验记录/20260531_qualified26_d5p5-3p0_3baselines_instant_center/runs/scene25_8d42329f_d3p5_mind/summary.json	scene25_8d42329f_d3p5_mind	False
True	False	ours	20	clean21	3.5	True	True	4.153564140568178	False	False	main650	20	636	实验记录/20260531_qualified26_d5p5-3p0_3baselines_instant_center/runs/scene25_8d42329f_d3p5_ours/summary.json	scene25_8d42329f_d3p5_ours	False
True	False	aeb_only	20	clean21	4.0	True	True	7.463078161380595	False	False	main650	20	472	实验记录/20260531_qualified26_d5p5-3p0_3baselines_instant_center/runs/scene25_8d42329f_d4_aeb_only/summary.json	scene25_8d42329f_d4_aeb_only	False
True	False	mind	20	clean21	4.0	True	True	7.851318634488219	False	False	main650	20	472	实验记录/20260531_qualified26_d5p5-3p0_3baselines_instant_center/runs/scene25_8d42329f_d4_mind/summary.json	scene25_8d42329f_d4_mind	False
True	False	ours	20	clean21	4.0	True	True	3.0060344625809554	False	False	main650	20	630	实验记录/20260531_qualified26_d5p5-3p0_3baselines_instant_center/runs/scene25_8d42329f_d4_ours/summary.json	scene25_8d42329f_d4_ours	False
True	False	aeb_only	20	clean21	4.5	True	True	6.996514423089407	False	False	main650	20	468	实验记录/20260531_qualified26_d5p5-3p0_3baselines_instant_center/runs/scene25_8d42329f_d4p5_aeb_only/summary.json	scene25_8d42329f_d4p5_aeb_only	False
True	False	mind	20	clean21	4.5	True	True	7.85420789425446	False	False	main650	20	468	实验记录/20260531_qualified26_d5p5-3p0_3baselines_instant_center/runs/scene25_8d42329f_d4p5_mind/summary.json	scene25_8d42329f_d4p5_mind	False
True	False	ours	20	clean21	4.5	True	True	2.321082877635061	True	False	h800	20	624	实验记录/20260531_rerun21_h800_late_or_unspawned_w21/runs/scene25_8d42329f_d4p5_ours/summary.json	scene25_8d42329f_d4p5_ours	False
True	False	aeb_only	20	clean21	5.0	True	True	6.611610818201824	False	False	main650	20	465	实验记录/20260531_qualified26_d5p5-3p0_3baselines_instant_center/runs/scene25_8d42329f_d5_aeb_only/summary.json	scene25_8d42329f_d5_aeb_only	False
True	False	mind	20	clean21	5.0	True	True	7.884383514554355	False	False	main650	20	465	实验记录/20260531_qualified26_d5p5-3p0_3baselines_instant_center/runs/scene25_8d42329f_d5_mind/summary.json	scene25_8d42329f_d5_mind	False
True	False	ours	20	clean21	5.0	True	True	1.2429991452426226	True	False	h800	20	619	实验记录/20260531_rerun21_h800_late_or_unspawned_w21/runs/scene25_8d42329f_d5_ours/summary.json	scene25_8d42329f_d5_ours	False
True	False	aeb_only	20	clean21	5.5	True	True	6.611610818201824	False	False	main650	20	462	实验记录/20260531_qualified26_d5p5-3p0_3baselines_instant_center/runs/scene25_8d42329f_d5p5_aeb_only/summary.json	scene25_8d42329f_d5p5_aeb_only	False
True	False	mind	20	clean21	5.5	True	True	7.884383514554355	False	False	main650	20	462	实验记录/20260531_qualified26_d5p5-3p0_3baselines_instant_center/runs/scene25_8d42329f_d5p5_mind/summary.json	scene25_8d42329f_d5p5_mind	False
False	False	ours	20	clean21	5.5	False	True		True	True	h800	20	613	实验记录/20260531_rerun21_h800_late_or_unspawned_w21/runs/scene25_8d42329f_d5p5_ours/summary.json	scene25_8d42329f_d5p5_ours	True
True	False	aeb_only	21	clean21	3.0	True	True	7.0579886080291665	False	False	main650	21	473	实验记录/20260531_qualified26_d5p5-3p0_3baselines_instant_center/runs/scene26_8fafec4a_d3_aeb_only/summary.json	scene26_8fafec4a_d3_aeb_only	False
True	False	mind	21	clean21	3.0	True	True	7.119920539070154	False	False	main650	21	473	实验记录/20260531_qualified26_d5p5-3p0_3baselines_instant_center/runs/scene26_8fafec4a_d3_mind/summary.json	scene26_8fafec4a_d3_mind	False
True	False	ours	21	clean21	3.0	True	True	4.00386088783752	False	False	main650	21	643	实验记录/20260531_qualified26_d5p5-3p0_3baselines_instant_center/runs/scene26_8fafec4a_d3_ours/summary.json	scene26_8fafec4a_d3_ours	False
True	False	aeb_only	21	clean21	3.5	True	True	6.745170045302871	False	False	main650	21	469	实验记录/20260531_qualified26_d5p5-3p0_3baselines_instant_center/runs/scene26_8fafec4a_d3p5_aeb_only/summary.json	scene26_8fafec4a_d3p5_aeb_only	False
True	False	mind	21	clean21	3.5	True	True	7.121100867320573	False	False	main650	21	469	实验记录/20260531_qualified26_d5p5-3p0_3baselines_instant_center/runs/scene26_8fafec4a_d3p5_mind/summary.json	scene26_8fafec4a_d3p5_mind	False
True	False	ours	21	clean21	3.5	True	True	3.605524837331422	False	False	main650	21	637	实验记录/20260531_qualified26_d5p5-3p0_3baselines_instant_center/runs/scene26_8fafec4a_d3p5_ours/summary.json	scene26_8fafec4a_d3p5_ours	False
True	False	aeb_only	21	clean21	4.0	True	True	6.745170045302871	False	False	main650	21	466	实验记录/20260531_qualified26_d5p5-3p0_3baselines_instant_center/runs/scene26_8fafec4a_d4_aeb_only/summary.json	scene26_8fafec4a_d4_aeb_only	False
True	False	mind	21	clean21	4.0	True	True	7.121100867320573	False	False	main650	21	466	实验记录/20260531_qualified26_d5p5-3p0_3baselines_instant_center/runs/scene26_8fafec4a_d4_mind/summary.json	scene26_8fafec4a_d4_mind	False
True	False	ours	21	clean21	4.0	True	True	3.0490010602659723	False	False	main650	21	631	实验记录/20260531_qualified26_d5p5-3p0_3baselines_instant_center/runs/scene26_8fafec4a_d4_ours/summary.json	scene26_8fafec4a_d4_ours	False
True	False	aeb_only	21	clean21	4.5	True	True	6.427681040698476	False	False	main650	21	463	实验记录/20260531_qualified26_d5p5-3p0_3baselines_instant_center/runs/scene26_8fafec4a_d4p5_aeb_only/summary.json	scene26_8fafec4a_d4p5_aeb_only	False
True	False	mind	21	clean21	4.5	True	True	7.124730530119772	False	False	main650	21	463	实验记录/20260531_qualified26_d5p5-3p0_3baselines_instant_center/runs/scene26_8fafec4a_d4p5_mind/summary.json	scene26_8fafec4a_d4p5_mind	False
True	False	ours	21	clean21	4.5	True	True	1.7835240690640886	True	False	h800	21	625	实验记录/20260531_rerun21_h800_late_or_unspawned_w21/runs/scene26_8fafec4a_d4p5_ours/summary.json	scene26_8fafec4a_d4p5_ours	False
True	False	aeb_only	21	clean21	5.0	True	True	6.025660427247326	False	False	main650	21	459	实验记录/20260531_qualified26_d5p5-3p0_3baselines_instant_center/runs/scene26_8fafec4a_d5_aeb_only/summary.json	scene26_8fafec4a_d5_aeb_only	False
True	False	mind	21	clean21	5.0	True	True	7.133151191913414	False	False	main650	21	459	实验记录/20260531_qualified26_d5p5-3p0_3baselines_instant_center/runs/scene26_8fafec4a_d5_mind/summary.json	scene26_8fafec4a_d5_mind	False
True	False	ours	21	clean21	5.0	True	True	0.4173585123834287	True	False	h800	21	619	实验记录/20260531_rerun21_h800_late_or_unspawned_w21/runs/scene26_8fafec4a_d5_ours/summary.json	scene26_8fafec4a_d5_ours	False
True	False	aeb_only	21	clean21	5.5	True	True	6.025660427247326	False	False	main650	21	456	实验记录/20260531_qualified26_d5p5-3p0_3baselines_instant_center/runs/scene26_8fafec4a_d5p5_aeb_only/summary.json	scene26_8fafec4a_d5p5_aeb_only	False
True	False	mind	21	clean21	5.5	True	True	7.133151191913414	False	False	main650	21	456	实验记录/20260531_qualified26_d5p5-3p0_3baselines_instant_center/runs/scene26_8fafec4a_d5p5_mind/summary.json	scene26_8fafec4a_d5p5_mind	False
False	False	ours	21	clean21	5.5	False	True		True	True	h800	21	613	实验记录/20260531_rerun21_h800_late_or_unspawned_w21/runs/scene26_8fafec4a_d5p5_ours/summary.json	scene26_8fafec4a_d5p5_ours	True
True	False	aeb_only	22	new60	3.0	True	True	6.073796504168716	False	False	main650	1	515	实验记录/20260606_new90_le3_1800_inference/runs/ghost_scene01_03b53590_d3_aeb_only/summary.json	ghost_scene01_03b53590_d3_aeb_only	False
True	False	mind	22	new60	3.0	True	True	6.296053898588068	False	False	main650	1	515	实验记录/20260606_new90_le3_1800_inference/runs/ghost_scene01_03b53590_d3_mind/summary.json	ghost_scene01_03b53590_d3_mind	False
True	False	ours	22	new60	3.0	True	True	4.370248730032496	False	False	h800	1	647	实验记录/20260607_new90_clean70_h800_late_or_unspawned_30workers/runs/ghost_scene01_03b53590_d3_ours/summary.json	ghost_scene01_03b53590_d3_ours	False
True	False	aeb_only	22	new60	3.5	True	True	6.073796504168716	False	False	main650	1	511	实验记录/20260606_new90_le3_1800_inference/runs/ghost_scene01_03b53590_d3p5_aeb_only/summary.json	ghost_scene01_03b53590_d3p5_aeb_only	False
True	False	mind	22	new60	3.5	True	True	6.296053898588068	False	False	main650	1	511	实验记录/20260606_new90_le3_1800_inference/runs/ghost_scene01_03b53590_d3p5_mind/summary.json	ghost_scene01_03b53590_d3p5_mind	False
True	False	ours	22	new60	3.5	True	True	3.994221123690787	False	False	h800	1	642	实验记录/20260607_new90_clean70_h800_late_or_unspawned_30workers/runs/ghost_scene01_03b53590_d3p5_ours/summary.json	ghost_scene01_03b53590_d3p5_ours	False
True	False	aeb_only	22	new60	4.0	True	True	5.7106559686768215	False	False	main650	1	507	实验记录/20260606_new90_le3_1800_inference/runs/ghost_scene01_03b53590_d4_aeb_only/summary.json	ghost_scene01_03b53590_d4_aeb_only	False
True	False	mind	22	new60	4.0	True	True	6.2938081996147295	False	False	main650	1	507	实验记录/20260606_new90_le3_1800_inference/runs/ghost_scene01_03b53590_d4_mind/summary.json	ghost_scene01_03b53590_d4_mind	False
True	False	ours	22	new60	4.0	True	True	3.5394138221256837	False	False	h800	1	636	实验记录/20260607_new90_clean70_h800_late_or_unspawned_30workers/runs/ghost_scene01_03b53590_d4_ours/summary.json	ghost_scene01_03b53590_d4_ours	False
True	False	aeb_only	22	new60	4.5	True	True	5.266829017512549	False	False	main650	1	503	实验记录/20260606_new90_le3_1800_inference/runs/ghost_scene01_03b53590_d4p5_aeb_only/summary.json	ghost_scene01_03b53590_d4p5_aeb_only	False
True	False	mind	22	new60	4.5	True	True	6.262111347812309	False	False	main650	1	503	实验记录/20260606_new90_le3_1800_inference/runs/ghost_scene01_03b53590_d4p5_mind/summary.json	ghost_scene01_03b53590_d4p5_mind	False
True	False	ours	22	new60	4.5	True	True	3.0855792033774048	False	False	h800	1	631	实验记录/20260607_new90_clean70_h800_late_or_unspawned_30workers/runs/ghost_scene01_03b53590_d4p5_ours/summary.json	ghost_scene01_03b53590_d4p5_ours	False
True	False	aeb_only	22	new60	5.0	True	True	4.832236101124819	False	False	main650	1	499	实验记录/20260606_new90_le3_1800_inference/runs/ghost_scene01_03b53590_d5_aeb_only/summary.json	ghost_scene01_03b53590_d5_aeb_only	False
True	False	mind	22	new60	5.0	True	True	6.288459103878986	False	False	main650	1	499	实验记录/20260606_new90_le3_1800_inference/runs/ghost_scene01_03b53590_d5_mind/summary.json	ghost_scene01_03b53590_d5_mind	False
True	False	ours	22	new60	5.0	True	True	2.4725894939902364	True	False	h800	1	626	实验记录/20260607_new90_clean70_h800_late_or_unspawned_30workers/runs/ghost_scene01_03b53590_d5_ours/summary.json	ghost_scene01_03b53590_d5_ours	False
True	False	aeb_only	22	new60	5.5	True	True	4.832236101124819	False	False	main650	1	496	实验记录/20260606_new90_le3_1800_inference/runs/ghost_scene01_03b53590_d5p5_aeb_only/summary.json	ghost_scene01_03b53590_d5p5_aeb_only	False
True	False	mind	22	new60	5.5	True	True	6.288459103878986	False	False	main650	1	496	实验记录/20260606_new90_le3_1800_inference/runs/ghost_scene01_03b53590_d5p5_mind/summary.json	ghost_scene01_03b53590_d5p5_mind	False
True	False	ours	22	new60	5.5	True	True	0.04404674143329432	True	False	h800	1	620	实验记录/20260607_new90_clean70_h800_late_or_unspawned_30workers/runs/ghost_scene01_03b53590_d5p5_ours/summary.json	ghost_scene01_03b53590_d5p5_ours	False
True	False	aeb_only	23	new60	3.0	True	True	4.984616540559026	False	False	main650	2	469	实验记录/20260606_new90_le3_1800_inference/runs/ghost_scene02_8383a344_d3_aeb_only/summary.json	ghost_scene02_8383a344_d3_aeb_only	False
True	False	mind	23	new60	3.0	True	True	5.161158591688023	False	False	main650	2	469	实验记录/20260606_new90_le3_1800_inference/runs/ghost_scene02_8383a344_d3_mind/summary.json	ghost_scene02_8383a344_d3_mind	False
True	False	ours	23	new60	3.0	True	True	4.847673254579482	False	False	main650	2	532	实验记录/20260606_new90_le3_1800_inference/runs/ghost_scene02_8383a344_d3_ours/summary.json	ghost_scene02_8383a344_d3_ours	False
True	False	aeb_only	23	new60	3.5	True	True	4.462603378119465	False	False	main650	2	464	实验记录/20260606_new90_le3_1800_inference/runs/ghost_scene02_8383a344_d3p5_aeb_only/summary.json	ghost_scene02_8383a344_d3p5_aeb_only	False
True	False	mind	23	new60	3.5	True	True	5.154685319023407	False	False	main650	2	464	实验记录/20260606_new90_le3_1800_inference/runs/ghost_scene02_8383a344_d3p5_mind/summary.json	ghost_scene02_8383a344_d3p5_mind	False
True	False	ours	23	new60	3.5	True	True	4.328947160497018	False	False	main650	2	526	实验记录/20260606_new90_le3_1800_inference/runs/ghost_scene02_8383a344_d3p5_ours/summary.json	ghost_scene02_8383a344_d3p5_ours	False
True	False	aeb_only	23	new60	4.0	True	True	3.933305686156232	False	False	main650	2	459	实验记录/20260606_new90_le3_1800_inference/runs/ghost_scene02_8383a344_d4_aeb_only/summary.json	ghost_scene02_8383a344_d4_aeb_only	False
True	False	mind	23	new60	4.0	True	True	5.188895689348531	False	False	main650	2	459	实验记录/20260606_new90_le3_1800_inference/runs/ghost_scene02_8383a344_d4_mind/summary.json	ghost_scene02_8383a344_d4_mind	False
True	False	ours	23	new60	4.0	True	True	3.783680389303167	False	False	main650	2	521	实验记录/20260606_new90_le3_1800_inference/runs/ghost_scene02_8383a344_d4_ours/summary.json	ghost_scene02_8383a344_d4_ours	False
True	False	aeb_only	23	new60	4.5	True	True	3.323653097521624	False	False	main650	2	454	实验记录/20260606_new90_le3_1800_inference/runs/ghost_scene02_8383a344_d4p5_aeb_only/summary.json	ghost_scene02_8383a344_d4p5_aeb_only	False
True	False	mind	23	new60	4.5	True	True	5.246894475093549	False	False	main650	2	454	实验记录/20260606_new90_le3_1800_inference/runs/ghost_scene02_8383a344_d4p5_mind/summary.json	ghost_scene02_8383a344_d4p5_mind	False
True	False	ours	23	new60	4.5	True	True	3.2439478029297577	False	False	main650	2	516	实验记录/20260606_new90_le3_1800_inference/runs/ghost_scene02_8383a344_d4p5_ours/summary.json	ghost_scene02_8383a344_d4p5_ours	False
True	False	aeb_only	23	new60	5.0	True	True	2.6338507892362495	True	False	main650	2	449	实验记录/20260606_new90_le3_1800_inference/runs/ghost_scene02_8383a344_d5_aeb_only/summary.json	ghost_scene02_8383a344_d5_aeb_only	False
True	False	mind	23	new60	5.0	True	True	5.154807655843368	False	False	main650	2	449	实验记录/20260606_new90_le3_1800_inference/runs/ghost_scene02_8383a344_d5_mind/summary.json	ghost_scene02_8383a344_d5_mind	False
True	False	ours	23	new60	5.0	True	True	1.4281931994761967	True	False	main650	2	510	实验记录/20260606_new90_le3_1800_inference/runs/ghost_scene02_8383a344_d5_ours/summary.json	ghost_scene02_8383a344_d5_ours	False
True	False	aeb_only	23	new60	5.5	True	True	1.5435946879314422	True	False	main650	2	444	实验记录/20260606_new90_le3_1800_inference/runs/ghost_scene02_8383a344_d5p5_aeb_only/summary.json	ghost_scene02_8383a344_d5p5_aeb_only	False
True	False	mind	23	new60	5.5	True	True	5.154834414247531	False	False	main650	2	444	实验记录/20260606_new90_le3_1800_inference/runs/ghost_scene02_8383a344_d5p5_mind/summary.json	ghost_scene02_8383a344_d5p5_mind	False
False	False	ours	23	new60	5.5	False	True		True	True	main650	2	505	实验记录/20260606_new90_le3_1800_inference/runs/ghost_scene02_8383a344_d5p5_ours/summary.json	ghost_scene02_8383a344_d5p5_ours	True
True	False	aeb_only	24	new60	3.0	True	True	7.978646557100807	False	False	main650	4	517	实验记录/20260606_new90_le3_1800_inference/runs/ghost_scene04_d5bc58f5_d3_aeb_only/summary.json	ghost_scene04_d5bc58f5_d3_aeb_only	False
True	False	mind	24	new60	3.0	True	True	7.978646557100807	False	False	main650	4	517	实验记录/20260606_new90_le3_1800_inference/runs/ghost_scene04_d5bc58f5_d3_mind/summary.json	ghost_scene04_d5bc58f5_d3_mind	False
True	False	ours	24	new60	3.0	True	True	4.109590227968792	False	False	h800	4	665	实验记录/20260607_new90_clean70_h800_late_or_unspawned_30workers/runs/ghost_scene04_d5bc58f5_d3_ours/summary.json	ghost_scene04_d5bc58f5_d3_ours	False
True	False	aeb_only	24	new60	3.5	True	True	7.577889300965449	False	False	main650	4	514	实验记录/20260606_new90_le3_1800_inference/runs/ghost_scene04_d5bc58f5_d3p5_aeb_only/summary.json	ghost_scene04_d5bc58f5_d3p5_aeb_only	False
True	False	mind	24	new60	3.5	True	True	7.978752576241686	False	False	main650	4	514	实验记录/20260606_new90_le3_1800_inference/runs/ghost_scene04_d5bc58f5_d3p5_mind/summary.json	ghost_scene04_d5bc58f5_d3p5_mind	False
True	False	ours	24	new60	3.5	True	True	3.709452482951182	False	False	h800	4	660	实验记录/20260607_new90_clean70_h800_late_or_unspawned_30workers/runs/ghost_scene04_d5bc58f5_d3p5_ours/summary.json	ghost_scene04_d5bc58f5_d3p5_ours	False
True	False	aeb_only	24	new60	4.0	True	True	7.577889300965449	False	False	main650	4	511	实验记录/20260606_new90_le3_1800_inference/runs/ghost_scene04_d5bc58f5_d4_aeb_only/summary.json	ghost_scene04_d5bc58f5_d4_aeb_only	False
True	False	mind	24	new60	4.0	True	True	7.978752576241686	False	False	main650	4	511	实验记录/20260606_new90_le3_1800_inference/runs/ghost_scene04_d5bc58f5_d4_mind/summary.json	ghost_scene04_d5bc58f5_d4_mind	False
True	False	ours	24	new60	4.0	True	True	3.148594973823374	False	False	h800	4	654	实验记录/20260607_new90_clean70_h800_late_or_unspawned_30workers/runs/ghost_scene04_d5bc58f5_d4_ours/summary.json	ghost_scene04_d5bc58f5_d4_ours	False
True	False	aeb_only	24	new60	4.5	True	True	7.1764892258071775	False	False	main650	4	508	实验记录/20260606_new90_le3_1800_inference/runs/ghost_scene04_d5bc58f5_d4p5_aeb_only/summary.json	ghost_scene04_d5bc58f5_d4p5_aeb_only	False
True	False	mind	24	new60	4.5	True	True	7.97988532503181	False	False	main650	4	508	实验记录/20260606_new90_le3_1800_inference/runs/ghost_scene04_d5bc58f5_d4p5_mind/summary.json	ghost_scene04_d5bc58f5_d4p5_mind	False
True	False	ours	24	new60	4.5	True	True	2.5079622156718138	True	False	h800	4	649	实验记录/20260607_new90_clean70_h800_late_or_unspawned_30workers/runs/ghost_scene04_d5bc58f5_d4p5_ours/summary.json	ghost_scene04_d5bc58f5_d4p5_ours	False
True	False	aeb_only	24	new60	5.0	True	True	6.69540579420799	False	False	main650	4	505	实验记录/20260606_new90_le3_1800_inference/runs/ghost_scene04_d5bc58f5_d5_aeb_only/summary.json	ghost_scene04_d5bc58f5_d5_aeb_only	False
True	False	mind	24	new60	5.0	True	True	7.983242578817325	False	False	main650	4	505	实验记录/20260606_new90_le3_1800_inference/runs/ghost_scene04_d5bc58f5_d5_mind/summary.json	ghost_scene04_d5bc58f5_d5_mind	False
True	False	ours	24	new60	5.0	True	True	1.7077081061347563	True	False	h800	4	643	实验记录/20260607_new90_clean70_h800_late_or_unspawned_30workers/runs/ghost_scene04_d5bc58f5_d5_ours/summary.json	ghost_scene04_d5bc58f5_d5_ours	False
True	False	aeb_only	24	new60	5.5	True	True	6.69540579420799	False	False	main650	4	501	实验记录/20260606_new90_le3_1800_inference/runs/ghost_scene04_d5bc58f5_d5p5_aeb_only/summary.json	ghost_scene04_d5bc58f5_d5p5_aeb_only	False
True	False	mind	24	new60	5.5	True	True	7.983242578817325	False	False	main650	4	501	实验记录/20260606_new90_le3_1800_inference/runs/ghost_scene04_d5bc58f5_d5p5_mind/summary.json	ghost_scene04_d5bc58f5_d5p5_mind	False
True	False	ours	24	new60	5.5	True	True	0.03175910881386201	True	False	h800	4	638	实验记录/20260607_new90_clean70_h800_late_or_unspawned_30workers/runs/ghost_scene04_d5bc58f5_d5p5_ours/summary.json	ghost_scene04_d5bc58f5_d5p5_ours	False
True	False	aeb_only	25	new60	3.0	True	True	2.812322889498414	True	False	main650	5	238	实验记录/20260606_new90_le3_1800_inference/runs/ghost_scene05_8c86408d_d3_aeb_only/summary.json	ghost_scene05_8c86408d_d3_aeb_only	False
True	False	mind	25	new60	3.0	True	True	3.115369195591725	False	False	main650	5	238	实验记录/20260606_new90_le3_1800_inference/runs/ghost_scene05_8c86408d_d3_mind/summary.json	ghost_scene05_8c86408d_d3_mind	False
True	False	ours	25	new60	3.0	True	True	2.8107696959820703	True	False	main650	5	238	实验记录/20260606_new90_le3_1800_inference/runs/ghost_scene05_8c86408d_d3_ours/summary.json	ghost_scene05_8c86408d_d3_ours	False
True	False	aeb_only	25	new60	3.5	True	True	1.835891175096965	True	False	main650	5	230	实验记录/20260606_new90_le3_1800_inference/runs/ghost_scene05_8c86408d_d3p5_aeb_only/summary.json	ghost_scene05_8c86408d_d3p5_aeb_only	False
True	False	mind	25	new60	3.5	True	True	3.233956980306791	False	False	main650	5	230	实验记录/20260606_new90_le3_1800_inference/runs/ghost_scene05_8c86408d_d3p5_mind/summary.json	ghost_scene05_8c86408d_d3p5_mind	False
True	False	ours	25	new60	3.5	True	True	1.8348316886520153	True	False	main650	5	230	实验记录/20260606_new90_le3_1800_inference/runs/ghost_scene05_8c86408d_d3p5_ours/summary.json	ghost_scene05_8c86408d_d3p5_ours	False
True	False	aeb_only	25	new60	4.0	True	True	1.0602755052211008	True	False	main650	5	222	实验记录/20260606_new90_le3_1800_inference/runs/ghost_scene05_8c86408d_d4_aeb_only/summary.json	ghost_scene05_8c86408d_d4_aeb_only	False
True	False	mind	25	new60	4.0	True	True	3.3690004744369046	False	False	main650	5	222	实验记录/20260606_new90_le3_1800_inference/runs/ghost_scene05_8c86408d_d4_mind/summary.json	ghost_scene05_8c86408d_d4_mind	False
True	False	ours	25	new60	4.0	True	True	1.0595218599008969	True	False	main650	5	222	实验记录/20260606_new90_le3_1800_inference/runs/ghost_scene05_8c86408d_d4_ours/summary.json	ghost_scene05_8c86408d_d4_ours	False
True	False	aeb_only	25	new60	4.5	True	True	0.9717456484038074	True	False	main650	5	215	实验记录/20260606_new90_le3_1800_inference/runs/ghost_scene05_8c86408d_d4p5_aeb_only/summary.json	ghost_scene05_8c86408d_d4p5_aeb_only	False
True	False	mind	25	new60	4.5	True	True	3.453128161147835	False	False	main650	5	215	实验记录/20260606_new90_le3_1800_inference/runs/ghost_scene05_8c86408d_d4p5_mind/summary.json	ghost_scene05_8c86408d_d4p5_mind	False
False	False	ours	25	new60	4.5	False	True		True	True	main650	5	215	实验记录/20260606_new90_le3_1800_inference/runs/ghost_scene05_8c86408d_d4p5_ours/summary.json	ghost_scene05_8c86408d_d4p5_ours	True
False	False	aeb_only	25	new60	5.0	False	True		True	True	main650	5	207	实验记录/20260606_new90_le3_1800_inference/runs/ghost_scene05_8c86408d_d5_aeb_only/summary.json	ghost_scene05_8c86408d_d5_aeb_only	True
True	False	mind	25	new60	5.0	True	True	3.4823809855135477	False	False	main650	5	207	实验记录/20260606_new90_le3_1800_inference/runs/ghost_scene05_8c86408d_d5_mind/summary.json	ghost_scene05_8c86408d_d5_mind	False
False	False	ours	25	new60	5.0	False	True		True	True	main650	5	207	实验记录/20260606_new90_le3_1800_inference/runs/ghost_scene05_8c86408d_d5_ours/summary.json	ghost_scene05_8c86408d_d5_ours	True
False	False	aeb_only	25	new60	5.5	False	True		True	True	main650	5	201	实验记录/20260606_new90_le3_1800_inference/runs/ghost_scene05_8c86408d_d5p5_aeb_only/summary.json	ghost_scene05_8c86408d_d5p5_aeb_only	True
True	False	mind	25	new60	5.5	True	True	3.599784302160811	False	False	main650	5	201	实验记录/20260606_new90_le3_1800_inference/runs/ghost_scene05_8c86408d_d5p5_mind/summary.json	ghost_scene05_8c86408d_d5p5_mind	False
False	False	ours	25	new60	5.5	False	True		True	True	main650	5	201	实验记录/20260606_new90_le3_1800_inference/runs/ghost_scene05_8c86408d_d5p5_ours/summary.json	ghost_scene05_8c86408d_d5p5_ours	True
True	False	aeb_only	26	new60	3.0	True	True	7.965632723667214	False	False	main650	6	507	实验记录/20260606_new90_le3_1800_inference/runs/ghost_scene06_89cbb1a0_d3_aeb_only/summary.json	ghost_scene06_89cbb1a0_d3_aeb_only	False
True	False	mind	26	new60	3.0	True	True	7.965632723667214	False	False	main650	6	507	实验记录/20260606_new90_le3_1800_inference/runs/ghost_scene06_89cbb1a0_d3_mind/summary.json	ghost_scene06_89cbb1a0_d3_mind	False
True	False	ours	26	new60	3.0	True	True	3.9139262142706555	False	False	main650	6	618	实验记录/20260606_new90_le3_1800_inference/runs/ghost_scene06_89cbb1a0_d3_ours/summary.json	ghost_scene06_89cbb1a0_d3_ours	False
True	False	aeb_only	26	new60	3.5	True	True	7.645760702898082	False	False	main650	6	503	实验记录/20260606_new90_le3_1800_inference/runs/ghost_scene06_89cbb1a0_d3p5_aeb_only/summary.json	ghost_scene06_89cbb1a0_d3p5_aeb_only	False
True	False	mind	26	new60	3.5	True	True	7.966344474130915	False	False	main650	6	503	实验记录/20260606_new90_le3_1800_inference/runs/ghost_scene06_89cbb1a0_d3p5_mind/summary.json	ghost_scene06_89cbb1a0_d3p5_mind	False
True	False	ours	26	new60	3.5	True	True	3.025530185558429	False	False	main650	6	620	实验记录/20260606_new90_le3_1800_inference/runs/ghost_scene06_89cbb1a0_d3p5_ours/summary.json	ghost_scene06_89cbb1a0_d3p5_ours	False
True	False	aeb_only	26	new60	4.0	True	True	7.2433787535895675	False	False	main650	6	500	实验记录/20260606_new90_le3_1800_inference/runs/ghost_scene06_89cbb1a0_d4_aeb_only/summary.json	ghost_scene06_89cbb1a0_d4_aeb_only	False
True	False	mind	26	new60	4.0	True	True	7.965625250966896	False	False	main650	6	500	实验记录/20260606_new90_le3_1800_inference/runs/ghost_scene06_89cbb1a0_d4_mind/summary.json	ghost_scene06_89cbb1a0_d4_mind	False
True	False	ours	26	new60	4.0	True	True	3.0086899516433974	False	False	main650	6	606	实验记录/20260606_new90_le3_1800_inference/runs/ghost_scene06_89cbb1a0_d4_ours/summary.json	ghost_scene06_89cbb1a0_d4_ours	False
True	False	aeb_only	26	new60	4.5	True	True	7.2433787535895675	False	False	main650	6	497	实验记录/20260606_new90_le3_1800_inference/runs/ghost_scene06_89cbb1a0_d4p5_aeb_only/summary.json	ghost_scene06_89cbb1a0_d4p5_aeb_only	False
True	False	mind	26	new60	4.5	True	True	7.965625250966896	False	False	main650	6	497	实验记录/20260606_new90_le3_1800_inference/runs/ghost_scene06_89cbb1a0_d4p5_mind/summary.json	ghost_scene06_89cbb1a0_d4p5_mind	False
True	False	ours	26	new60	4.5	True	True	1.8627010017393681	True	False	main650	6	607	实验记录/20260606_new90_le3_1800_inference/runs/ghost_scene06_89cbb1a0_d4p5_ours/summary.json	ghost_scene06_89cbb1a0_d4p5_ours	False
True	False	aeb_only	26	new60	5.0	True	True	6.760693713563893	False	False	main650	6	494	实验记录/20260606_new90_le3_1800_inference/runs/ghost_scene06_89cbb1a0_d5_aeb_only/summary.json	ghost_scene06_89cbb1a0_d5_aeb_only	False
True	False	mind	26	new60	5.0	True	True	7.965623972743133	False	False	main650	6	494	实验记录/20260606_new90_le3_1800_inference/runs/ghost_scene06_89cbb1a0_d5_mind/summary.json	ghost_scene06_89cbb1a0_d5_mind	False
True	False	ours	26	new60	5.0	True	True	0.6309548072907895	True	False	main650	6	594	实验记录/20260606_new90_le3_1800_inference/runs/ghost_scene06_89cbb1a0_d5_ours/summary.json	ghost_scene06_89cbb1a0_d5_ours	False
True	False	aeb_only	26	new60	5.5	True	True	6.760693713563893	False	False	main650	6	491	实验记录/20260606_new90_le3_1800_inference/runs/ghost_scene06_89cbb1a0_d5p5_aeb_only/summary.json	ghost_scene06_89cbb1a0_d5p5_aeb_only	False
True	False	mind	26	new60	5.5	True	True	7.965623972743133	False	False	main650	6	491	实验记录/20260606_new90_le3_1800_inference/runs/ghost_scene06_89cbb1a0_d5p5_mind/summary.json	ghost_scene06_89cbb1a0_d5p5_mind	False
False	False	ours	26	new60	5.5	False	True		True	True	h800	6	588	实验记录/20260607_new90_clean70_h800_late_or_unspawned_30workers/runs/ghost_scene06_89cbb1a0_d5p5_ours/summary.json	ghost_scene06_89cbb1a0_d5p5_ours	True
True	False	aeb_only	27	new60	3.0	True	True	7.100809903055697	False	False	main650	7	566	实验记录/20260606_new90_le3_1800_inference/runs/ghost_scene07_867b8cd6_d3_aeb_only/summary.json	ghost_scene07_867b8cd6_d3_aeb_only	False
True	False	mind	27	new60	3.0	True	True	7.100809903055697	False	False	main650	7	566	实验记录/20260606_new90_le3_1800_inference/runs/ghost_scene07_867b8cd6_d3_mind/summary.json	ghost_scene07_867b8cd6_d3_mind	False
True	False	ours	27	new60	3.0	True	True	7.100809903055697	False	False	main650	7	566	实验记录/20260606_new90_le3_1800_inference/runs/ghost_scene07_867b8cd6_d3_ours/summary.json	ghost_scene07_867b8cd6_d3_ours	False
True	False	aeb_only	27	new60	3.5	True	True	6.787911205906041	False	False	main650	7	563	实验记录/20260606_new90_le3_1800_inference/runs/ghost_scene07_867b8cd6_d3p5_aeb_only/summary.json	ghost_scene07_867b8cd6_d3p5_aeb_only	False
True	False	mind	27	new60	3.5	True	True	7.093690414652577	False	False	main650	7	563	实验记录/20260606_new90_le3_1800_inference/runs/ghost_scene07_867b8cd6_d3p5_mind/summary.json	ghost_scene07_867b8cd6_d3p5_mind	False
True	False	ours	27	new60	3.5	True	True	6.787911205906041	False	False	main650	7	563	实验记录/20260606_new90_le3_1800_inference/runs/ghost_scene07_867b8cd6_d3p5_ours/summary.json	ghost_scene07_867b8cd6_d3p5_ours	False
True	False	aeb_only	27	new60	4.0	True	True	6.394646994714339	False	False	main650	7	559	实验记录/20260606_new90_le3_1800_inference/runs/ghost_scene07_867b8cd6_d4_aeb_only/summary.json	ghost_scene07_867b8cd6_d4_aeb_only	False
True	False	mind	27	new60	4.0	True	True	7.118990963030926	False	False	main650	7	559	实验记录/20260606_new90_le3_1800_inference/runs/ghost_scene07_867b8cd6_d4_mind/summary.json	ghost_scene07_867b8cd6_d4_mind	False
True	False	ours	27	new60	4.0	True	True	6.394646994714339	False	False	main650	7	559	实验记录/20260606_new90_le3_1800_inference/runs/ghost_scene07_867b8cd6_d4_ours/summary.json	ghost_scene07_867b8cd6_d4_ours	False
True	False	aeb_only	27	new60	4.5	True	True	6.535033447995357	False	False	main650	7	552	实验记录/20260606_new90_le3_1800_inference/runs/ghost_scene07_867b8cd6_d4p5_aeb_only/summary.json	ghost_scene07_867b8cd6_d4p5_aeb_only	False
True	False	mind	27	new60	4.5	True	True	7.328864696887455	False	False	main650	7	552	实验记录/20260606_new90_le3_1800_inference/runs/ghost_scene07_867b8cd6_d4p5_mind/summary.json	ghost_scene07_867b8cd6_d4p5_mind	False
True	False	ours	27	new60	4.5	True	True	6.394646994714339	False	False	main650	7	556	实验记录/20260606_new90_le3_1800_inference/runs/ghost_scene07_867b8cd6_d4p5_ours/summary.json	ghost_scene07_867b8cd6_d4p5_ours	False
True	False	aeb_only	27	new60	5.0	True	True	5.917041798408227	False	False	main650	7	552	实验记录/20260606_new90_le3_1800_inference/runs/ghost_scene07_867b8cd6_d5_aeb_only/summary.json	ghost_scene07_867b8cd6_d5_aeb_only	False
True	False	mind	27	new60	5.0	True	True	7.101303856777468	False	False	main650	7	552	实验记录/20260606_new90_le3_1800_inference/runs/ghost_scene07_867b8cd6_d5_mind/summary.json	ghost_scene07_867b8cd6_d5_mind	False
True	False	ours	27	new60	5.0	True	True	5.917041798408227	False	False	main650	7	552	实验记录/20260606_new90_le3_1800_inference/runs/ghost_scene07_867b8cd6_d5_ours/summary.json	ghost_scene07_867b8cd6_d5_ours	False
True	False	aeb_only	27	new60	5.5	True	True	5.441442101888354	False	False	main650	7	549	实验记录/20260606_new90_le3_1800_inference/runs/ghost_scene07_867b8cd6_d5p5_aeb_only/summary.json	ghost_scene07_867b8cd6_d5p5_aeb_only	False
True	False	mind	27	new60	5.5	True	True	7.112565379885695	False	False	main650	7	549	实验记录/20260606_new90_le3_1800_inference/runs/ghost_scene07_867b8cd6_d5p5_mind/summary.json	ghost_scene07_867b8cd6_d5p5_mind	False
True	False	ours	27	new60	5.5	True	True	5.441442101888354	False	False	main650	7	549	实验记录/20260606_new90_le3_1800_inference/runs/ghost_scene07_867b8cd6_d5p5_ours/summary.json	ghost_scene07_867b8cd6_d5p5_ours	False
True	False	aeb_only	28	new60	3.0	True	True	6.987591252306459	False	False	main650	8	441	实验记录/20260606_new90_le3_1800_inference/runs/ghost_scene08_3dd351e9_d3_aeb_only/summary.json	ghost_scene08_3dd351e9_d3_aeb_only	False
True	False	mind	28	new60	3.0	True	True	6.987591252306459	False	False	main650	8	441	实验记录/20260606_new90_le3_1800_inference/runs/ghost_scene08_3dd351e9_d3_mind/summary.json	ghost_scene08_3dd351e9_d3_mind	False
True	False	ours	28	new60	3.0	True	True	3.6733197559262445	False	False	main650	8	555	实验记录/20260606_new90_le3_1800_inference/runs/ghost_scene08_3dd351e9_d3_ours/summary.json	ghost_scene08_3dd351e9_d3_ours	False
True	False	aeb_only	28	new60	3.5	True	True	6.661006500678028	False	False	main650	8	438	实验记录/20260606_new90_le3_1800_inference/runs/ghost_scene08_3dd351e9_d3p5_aeb_only/summary.json	ghost_scene08_3dd351e9_d3p5_aeb_only	False
True	False	mind	28	new60	3.5	True	True	6.987591245830015	False	False	main650	8	438	实验记录/20260606_new90_le3_1800_inference/runs/ghost_scene08_3dd351e9_d3p5_mind/summary.json	ghost_scene08_3dd351e9_d3p5_mind	False
True	False	ours	28	new60	3.5	True	True	3.217567179590972	False	False	main650	8	548	实验记录/20260606_new90_le3_1800_inference/runs/ghost_scene08_3dd351e9_d3p5_ours/summary.json	ghost_scene08_3dd351e9_d3p5_ours	False
True	False	aeb_only	28	new60	4.0	True	True	6.173854769452594	False	False	main650	8	434	实验记录/20260606_new90_le3_1800_inference/runs/ghost_scene08_3dd351e9_d4_aeb_only/summary.json	ghost_scene08_3dd351e9_d4_aeb_only	False
True	False	mind	28	new60	4.0	True	True	6.98317243114587	False	False	main650	8	434	实验记录/20260606_new90_le3_1800_inference/runs/ghost_scene08_3dd351e9_d4_mind/summary.json	ghost_scene08_3dd351e9_d4_mind	False
True	False	ours	28	new60	4.0	True	True	2.660203336389362	True	False	main650	8	542	实验记录/20260606_new90_le3_1800_inference/runs/ghost_scene08_3dd351e9_d4_ours/summary.json	ghost_scene08_3dd351e9_d4_ours	False
True	False	aeb_only	28	new60	4.5	True	True	6.173854769452594	False	False	main650	8	431	实验记录/20260606_new90_le3_1800_inference/runs/ghost_scene08_3dd351e9_d4p5_aeb_only/summary.json	ghost_scene08_3dd351e9_d4p5_aeb_only	False
True	False	mind	28	new60	4.5	True	True	6.98317243114587	False	False	main650	8	431	实验记录/20260606_new90_le3_1800_inference/runs/ghost_scene08_3dd351e9_d4p5_mind/summary.json	ghost_scene08_3dd351e9_d4p5_mind	False
True	False	ours	28	new60	4.5	True	True	2.029053314260967	True	False	main650	8	536	实验记录/20260606_new90_le3_1800_inference/runs/ghost_scene08_3dd351e9_d4p5_ours/summary.json	ghost_scene08_3dd351e9_d4p5_ours	False
True	False	aeb_only	28	new60	5.0	True	True	5.765490649814873	False	False	main650	8	427	实验记录/20260606_new90_le3_1800_inference/runs/ghost_scene08_3dd351e9_d5_aeb_only/summary.json	ghost_scene08_3dd351e9_d5_aeb_only	False
True	False	mind	28	new60	5.0	True	True	6.989516297125369	False	False	main650	8	427	实验记录/20260606_new90_le3_1800_inference/runs/ghost_scene08_3dd351e9_d5_mind/summary.json	ghost_scene08_3dd351e9_d5_mind	False
False	False	ours	28	new60	5.0	False	True		True	True	main650	8	530	实验记录/20260606_new90_le3_1800_inference/runs/ghost_scene08_3dd351e9_d5_ours/summary.json	ghost_scene08_3dd351e9_d5_ours	True
True	False	aeb_only	28	new60	5.5	True	True	5.198220523009551	False	False	main650	8	423	实验记录/20260606_new90_le3_1800_inference/runs/ghost_scene08_3dd351e9_d5p5_aeb_only/summary.json	ghost_scene08_3dd351e9_d5p5_aeb_only	False
True	False	mind	28	new60	5.5	True	True	6.9867835124356255	False	False	main650	8	423	实验记录/20260606_new90_le3_1800_inference/runs/ghost_scene08_3dd351e9_d5p5_mind/summary.json	ghost_scene08_3dd351e9_d5p5_mind	False
False	False	ours	28	new60	5.5	False	True		True	True	main650	8	524	实验记录/20260606_new90_le3_1800_inference/runs/ghost_scene08_3dd351e9_d5p5_ours/summary.json	ghost_scene08_3dd351e9_d5p5_ours	True
True	False	aeb_only	29	new60	3.0	True	True	7.926635470939132	False	False	main650	10	547	实验记录/20260606_new90_le3_1800_inference/runs/ghost_scene10_8310e233_d3_aeb_only/summary.json	ghost_scene10_8310e233_d3_aeb_only	False
True	False	mind	29	new60	3.0	True	True	7.926635470939132	False	False	main650	10	547	实验记录/20260606_new90_le3_1800_inference/runs/ghost_scene10_8310e233_d3_mind/summary.json	ghost_scene10_8310e233_d3_mind	False
True	False	ours	29	new60	3.0	True	True	5.534997539588061	False	False	main650	10	621	实验记录/20260606_new90_le3_1800_inference/runs/ghost_scene10_8310e233_d3_ours/summary.json	ghost_scene10_8310e233_d3_ours	False
True	False	aeb_only	29	new60	3.5	True	True	7.608613788739671	False	False	main650	10	544	实验记录/20260606_new90_le3_1800_inference/runs/ghost_scene10_8310e233_d3p5_aeb_only/summary.json	ghost_scene10_8310e233_d3p5_aeb_only	False
True	False	mind	29	new60	3.5	True	True	7.9272263286003515	False	False	main650	10	544	实验记录/20260606_new90_le3_1800_inference/runs/ghost_scene10_8310e233_d3p5_mind/summary.json	ghost_scene10_8310e233_d3p5_mind	False
True	False	ours	29	new60	3.5	True	True	5.138812106102226	False	False	main650	10	617	实验记录/20260606_new90_le3_1800_inference/runs/ghost_scene10_8310e233_d3p5_ours/summary.json	ghost_scene10_8310e233_d3p5_ours	False
True	False	aeb_only	29	new60	4.0	True	True	7.608613788739671	False	False	main650	10	541	实验记录/20260606_new90_le3_1800_inference/runs/ghost_scene10_8310e233_d4_aeb_only/summary.json	ghost_scene10_8310e233_d4_aeb_only	False
True	False	mind	29	new60	4.0	True	True	7.9272263286003515	False	False	main650	10	541	实验记录/20260606_new90_le3_1800_inference/runs/ghost_scene10_8310e233_d4_mind/summary.json	ghost_scene10_8310e233_d4_mind	False
True	False	ours	29	new60	4.0	True	True	4.745091587690511	False	False	main650	10	612	实验记录/20260606_new90_le3_1800_inference/runs/ghost_scene10_8310e233_d4_ours/summary.json	ghost_scene10_8310e233_d4_ours	False
True	False	aeb_only	29	new60	4.5	True	True	7.130841415925553	False	False	main650	10	538	实验记录/20260606_new90_le3_1800_inference/runs/ghost_scene10_8310e233_d4p5_aeb_only/summary.json	ghost_scene10_8310e233_d4p5_aeb_only	False
True	False	mind	29	new60	4.5	True	True	7.9271249230685985	False	False	main650	10	538	实验记录/20260606_new90_le3_1800_inference/runs/ghost_scene10_8310e233_d4p5_mind/summary.json	ghost_scene10_8310e233_d4p5_mind	False
True	False	ours	29	new60	4.5	True	True	4.272667442380604	False	False	main650	10	608	实验记录/20260606_new90_le3_1800_inference/runs/ghost_scene10_8310e233_d4p5_ours/summary.json	ghost_scene10_8310e233_d4p5_ours	False
True	False	aeb_only	29	new60	5.0	True	True	6.7325575303306895	False	False	main650	10	534	实验记录/20260606_new90_le3_1800_inference/runs/ghost_scene10_8310e233_d5_aeb_only/summary.json	ghost_scene10_8310e233_d5_aeb_only	False
True	False	mind	29	new60	5.0	True	True	7.931001265899405	False	False	main650	10	534	实验记录/20260606_new90_le3_1800_inference/runs/ghost_scene10_8310e233_d5_mind/summary.json	ghost_scene10_8310e233_d5_mind	False
True	False	ours	29	new60	5.0	True	True	3.7202709046694293	False	False	main650	10	603	实验记录/20260606_new90_le3_1800_inference/runs/ghost_scene10_8310e233_d5_ours/summary.json	ghost_scene10_8310e233_d5_ours	False
True	False	aeb_only	29	new60	5.5	True	True	6.7325575303306895	False	False	main650	10	531	实验记录/20260606_new90_le3_1800_inference/runs/ghost_scene10_8310e233_d5p5_aeb_only/summary.json	ghost_scene10_8310e233_d5p5_aeb_only	False
True	False	mind	29	new60	5.5	True	True	7.931001265899405	False	False	main650	10	531	实验记录/20260606_new90_le3_1800_inference/runs/ghost_scene10_8310e233_d5p5_mind/summary.json	ghost_scene10_8310e233_d5p5_mind	False
True	False	ours	29	new60	5.5	True	True	3.0921393958739607	False	False	main650	10	599	实验记录/20260606_new90_le3_1800_inference/runs/ghost_scene10_8310e233_d5p5_ours/summary.json	ghost_scene10_8310e233_d5p5_ours	False
True	False	aeb_only	30	new60	3.0	True	True	4.674706281869082	False	False	main650	11	446	实验记录/20260606_new90_le3_1800_inference/runs/ghost_scene11_32014e08_d3_aeb_only/summary.json	ghost_scene11_32014e08_d3_aeb_only	False
True	False	mind	30	new60	3.0	True	True	4.674706281869082	False	False	main650	11	446	实验记录/20260606_new90_le3_1800_inference/runs/ghost_scene11_32014e08_d3_mind/summary.json	ghost_scene11_32014e08_d3_mind	False
True	False	ours	30	new60	3.0	True	True	3.7786967378759155	False	False	main650	11	477	实验记录/20260606_new90_le3_1800_inference/runs/ghost_scene11_32014e08_d3_ours/summary.json	ghost_scene11_32014e08_d3_ours	False
True	False	aeb_only	30	new60	3.5	True	True	4.283731467658733	False	False	main650	11	441	实验记录/20260606_new90_le3_1800_inference/runs/ghost_scene11_32014e08_d3p5_aeb_only/summary.json	ghost_scene11_32014e08_d3p5_aeb_only	False
True	False	mind	30	new60	3.5	True	True	4.676755470325479	False	False	main650	11	441	实验记录/20260606_new90_le3_1800_inference/runs/ghost_scene11_32014e08_d3p5_mind/summary.json	ghost_scene11_32014e08_d3p5_mind	False
True	False	ours	30	new60	3.5	True	True	2.8149789846317024	True	False	main650	11	470	实验记录/20260606_new90_le3_1800_inference/runs/ghost_scene11_32014e08_d3p5_ours/summary.json	ghost_scene11_32014e08_d3p5_ours	False
True	False	aeb_only	30	new60	4.0	True	True	3.8094695500754607	False	False	main650	11	436	实验记录/20260606_new90_le3_1800_inference/runs/ghost_scene11_32014e08_d4_aeb_only/summary.json	ghost_scene11_32014e08_d4_aeb_only	False
True	False	mind	30	new60	4.0	True	True	4.680917031573063	False	False	main650	11	436	实验记录/20260606_new90_le3_1800_inference/runs/ghost_scene11_32014e08_d4_mind/summary.json	ghost_scene11_32014e08_d4_mind	False
True	False	ours	30	new60	4.0	True	True	2.2566030336691805	True	False	main650	11	464	实验记录/20260606_new90_le3_1800_inference/runs/ghost_scene11_32014e08_d4_ours/summary.json	ghost_scene11_32014e08_d4_ours	False
True	False	aeb_only	30	new60	4.5	True	True	2.679160701682103	True	False	main650	11	430	实验记录/20260606_new90_le3_1800_inference/runs/ghost_scene11_32014e08_d4p5_aeb_only/summary.json	ghost_scene11_32014e08_d4p5_aeb_only	False
True	False	mind	30	new60	4.5	True	True	4.725731832070784	False	False	main650	11	430	实验记录/20260606_new90_le3_1800_inference/runs/ghost_scene11_32014e08_d4p5_mind/summary.json	ghost_scene11_32014e08_d4p5_mind	False
True	False	ours	30	new60	4.5	True	True	1.4634962603485517	True	False	main650	11	457	实验记录/20260606_new90_le3_1800_inference/runs/ghost_scene11_32014e08_d4p5_ours/summary.json	ghost_scene11_32014e08_d4p5_ours	False
True	False	aeb_only	30	new60	5.0	True	True	1.7853266594858255	True	False	main650	11	425	实验记录/20260606_new90_le3_1800_inference/runs/ghost_scene11_32014e08_d5_aeb_only/summary.json	ghost_scene11_32014e08_d5_aeb_only	False
True	False	mind	30	new60	5.0	True	True	4.801088646154707	False	False	main650	11	425	实验记录/20260606_new90_le3_1800_inference/runs/ghost_scene11_32014e08_d5_mind/summary.json	ghost_scene11_32014e08_d5_mind	False
True	False	ours	30	new60	5.0	True	True	0.32420495741047806	True	False	main650	11	451	实验记录/20260606_new90_le3_1800_inference/runs/ghost_scene11_32014e08_d5_ours/summary.json	ghost_scene11_32014e08_d5_ours	False
True	False	aeb_only	30	new60	5.5	True	True	0.04596756926656948	True	False	main650	11	420	实验记录/20260606_new90_le3_1800_inference/runs/ghost_scene11_32014e08_d5p5_aeb_only/summary.json	ghost_scene11_32014e08_d5p5_aeb_only	False
True	False	mind	30	new60	5.5	True	True	4.754906376983609	False	False	main650	11	420	实验记录/20260606_new90_le3_1800_inference/runs/ghost_scene11_32014e08_d5p5_mind/summary.json	ghost_scene11_32014e08_d5p5_mind	False
False	False	ours	30	new60	5.5	False	True		True	True	main650	11	444	实验记录/20260606_new90_le3_1800_inference/runs/ghost_scene11_32014e08_d5p5_ours/summary.json	ghost_scene11_32014e08_d5p5_ours	True
True	False	aeb_only	31	new60	3.0	True	True	7.5609972866364386	False	False	main650	12	604	实验记录/20260606_new90_le3_1800_inference/runs/ghost_scene12_18824800_d3_aeb_only/summary.json	ghost_scene12_18824800_d3_aeb_only	False
True	False	mind	31	new60	3.0	True	True	7.640460243555537	False	False	main650	12	604	实验记录/20260606_new90_le3_1800_inference/runs/ghost_scene12_18824800_d3_mind/summary.json	ghost_scene12_18824800_d3_mind	False
True	False	ours	31	new60	3.0	True	True	6.355517291860909	False	False	h800	12	771	实验记录/20260607_new90_clean70_h800_late_or_unspawned_30workers/runs/ghost_scene12_18824800_d3_ours/summary.json	ghost_scene12_18824800_d3_ours	False
True	False	aeb_only	31	new60	3.5	True	True	7.163711515705508	False	False	main650	12	600	实验记录/20260606_new90_le3_1800_inference/runs/ghost_scene12_18824800_d3p5_aeb_only/summary.json	ghost_scene12_18824800_d3p5_aeb_only	False
True	False	mind	31	new60	3.5	True	True	7.640578823416294	False	False	main650	12	600	实验记录/20260606_new90_le3_1800_inference/runs/ghost_scene12_18824800_d3p5_mind/summary.json	ghost_scene12_18824800_d3p5_mind	False
True	False	ours	31	new60	3.5	True	True	6.00999639071416	False	False	h800	12	767	实验记录/20260607_new90_clean70_h800_late_or_unspawned_30workers/runs/ghost_scene12_18824800_d3p5_ours/summary.json	ghost_scene12_18824800_d3p5_ours	False
True	False	aeb_only	31	new60	4.0	True	True	7.163711515705508	False	False	main650	12	597	实验记录/20260606_new90_le3_1800_inference/runs/ghost_scene12_18824800_d4_aeb_only/summary.json	ghost_scene12_18824800_d4_aeb_only	False
True	False	mind	31	new60	4.0	True	True	7.640578823416294	False	False	main650	12	597	实验记录/20260606_new90_le3_1800_inference/runs/ghost_scene12_18824800_d4_mind/summary.json	ghost_scene12_18824800_d4_mind	False
True	False	ours	31	new60	4.0	True	True	5.573036991769177	False	False	h800	12	763	实验记录/20260607_new90_clean70_h800_late_or_unspawned_30workers/runs/ghost_scene12_18824800_d4_ours/summary.json	ghost_scene12_18824800_d4_ours	False
True	False	aeb_only	31	new60	4.5	True	True	6.686368154619621	False	False	main650	12	594	实验记录/20260606_new90_le3_1800_inference/runs/ghost_scene12_18824800_d4p5_aeb_only/summary.json	ghost_scene12_18824800_d4p5_aeb_only	False
True	False	mind	31	new60	4.5	True	True	7.639207198013245	False	False	main650	12	594	实验记录/20260606_new90_le3_1800_inference/runs/ghost_scene12_18824800_d4p5_mind/summary.json	ghost_scene12_18824800_d4p5_mind	False
True	False	ours	31	new60	4.5	True	True	5.049868103954384	False	False	h800	12	759	实验记录/20260607_new90_clean70_h800_late_or_unspawned_30workers/runs/ghost_scene12_18824800_d4p5_ours/summary.json	ghost_scene12_18824800_d4p5_ours	False
True	False	aeb_only	31	new60	5.0	True	True	6.686368154619621	False	False	main650	12	591	实验记录/20260606_new90_le3_1800_inference/runs/ghost_scene12_18824800_d5_aeb_only/summary.json	ghost_scene12_18824800_d5_aeb_only	False
True	False	mind	31	new60	5.0	True	True	7.639207198013245	False	False	main650	12	591	实验记录/20260606_new90_le3_1800_inference/runs/ghost_scene12_18824800_d5_mind/summary.json	ghost_scene12_18824800_d5_mind	False
True	False	ours	31	new60	5.0	True	True	4.440102949865125	False	False	h800	12	755	实验记录/20260607_new90_clean70_h800_late_or_unspawned_30workers/runs/ghost_scene12_18824800_d5_ours/summary.json	ghost_scene12_18824800_d5_ours	False
True	False	aeb_only	31	new60	5.5	True	True	6.289395342358976	False	False	main650	12	587	实验记录/20260606_new90_le3_1800_inference/runs/ghost_scene12_18824800_d5p5_aeb_only/summary.json	ghost_scene12_18824800_d5p5_aeb_only	False
True	False	mind	31	new60	5.5	True	True	7.6638838334752215	False	False	main650	12	587	实验记录/20260606_new90_le3_1800_inference/runs/ghost_scene12_18824800_d5p5_mind/summary.json	ghost_scene12_18824800_d5p5_mind	False
True	False	ours	31	new60	5.5	True	True	4.440102949865125	False	False	h800	12	751	实验记录/20260607_new90_clean70_h800_late_or_unspawned_30workers/runs/ghost_scene12_18824800_d5p5_ours/summary.json	ghost_scene12_18824800_d5p5_ours	False
True	False	aeb_only	32	new60	3.0	True	True	6.455686921638147	False	False	main650	13	404	实验记录/20260606_new90_le3_1800_inference/runs/ghost_scene13_e20df268_d3_aeb_only/summary.json	ghost_scene13_e20df268_d3_aeb_only	False
True	False	mind	32	new60	3.0	True	True	6.600576562424543	False	False	main650	13	404	实验记录/20260606_new90_le3_1800_inference/runs/ghost_scene13_e20df268_d3_mind/summary.json	ghost_scene13_e20df268_d3_mind	False
True	False	ours	32	new60	3.0	True	True	4.229362423659946	False	False	main650	13	485	实验记录/20260606_new90_le3_1800_inference/runs/ghost_scene13_e20df268_d3_ours/summary.json	ghost_scene13_e20df268_d3_ours	False
True	False	aeb_only	32	new60	3.5	True	True	6.092496859123698	False	False	main650	13	400	实验记录/20260606_new90_le3_1800_inference/runs/ghost_scene13_e20df268_d3p5_aeb_only/summary.json	ghost_scene13_e20df268_d3p5_aeb_only	False
True	False	mind	32	new60	3.5	True	True	6.6025122349767145	False	False	main650	13	400	实验记录/20260606_new90_le3_1800_inference/runs/ghost_scene13_e20df268_d3p5_mind/summary.json	ghost_scene13_e20df268_d3p5_mind	False
True	False	ours	32	new60	3.5	True	True	3.7477367540325828	False	False	main650	13	480	实验记录/20260606_new90_le3_1800_inference/runs/ghost_scene13_e20df268_d3p5_ours/summary.json	ghost_scene13_e20df268_d3p5_ours	False
True	False	aeb_only	32	new60	4.0	True	True	6.092496859123698	False	False	main650	13	396	实验记录/20260606_new90_le3_1800_inference/runs/ghost_scene13_e20df268_d4_aeb_only/summary.json	ghost_scene13_e20df268_d4_aeb_only	False
True	False	mind	32	new60	4.0	True	True	6.6025122349767145	False	False	main650	13	396	实验记录/20260606_new90_le3_1800_inference/runs/ghost_scene13_e20df268_d4_mind/summary.json	ghost_scene13_e20df268_d4_mind	False
True	False	ours	32	new60	4.0	True	True	3.273103434558407	False	False	main650	13	474	实验记录/20260606_new90_le3_1800_inference/runs/ghost_scene13_e20df268_d4_ours/summary.json	ghost_scene13_e20df268_d4_ours	False
True	False	aeb_only	32	new60	4.5	True	True	5.646431699263493	False	False	main650	13	393	实验记录/20260606_new90_le3_1800_inference/runs/ghost_scene13_e20df268_d4p5_aeb_only/summary.json	ghost_scene13_e20df268_d4p5_aeb_only	False
True	False	mind	32	new60	4.5	True	True	6.601623926539738	False	False	main650	13	393	实验记录/20260606_new90_le3_1800_inference/runs/ghost_scene13_e20df268_d4p5_mind/summary.json	ghost_scene13_e20df268_d4p5_mind	False
True	False	ours	32	new60	4.5	True	True	2.6289451891858944	True	False	main650	13	469	实验记录/20260606_new90_le3_1800_inference/runs/ghost_scene13_e20df268_d4p5_ours/summary.json	ghost_scene13_e20df268_d4p5_ours	False
True	False	aeb_only	32	new60	5.0	True	True	5.287440441599079	False	False	main650	13	389	实验记录/20260606_new90_le3_1800_inference/runs/ghost_scene13_e20df268_d5_aeb_only/summary.json	ghost_scene13_e20df268_d5_aeb_only	False
True	False	mind	32	new60	5.0	True	True	6.613585403072368	False	False	main650	13	389	实验记录/20260606_new90_le3_1800_inference/runs/ghost_scene13_e20df268_d5_mind/summary.json	ghost_scene13_e20df268_d5_mind	False
True	False	ours	32	new60	5.0	True	True	1.9114512404916333	True	False	main650	13	463	实验记录/20260606_new90_le3_1800_inference/runs/ghost_scene13_e20df268_d5_ours/summary.json	ghost_scene13_e20df268_d5_ours	False
True	False	aeb_only	32	new60	5.5	True	True	4.776894105085075	False	False	main650	13	385	实验记录/20260606_new90_le3_1800_inference/runs/ghost_scene13_e20df268_d5p5_aeb_only/summary.json	ghost_scene13_e20df268_d5p5_aeb_only	False
True	False	mind	32	new60	5.5	True	True	6.633395823225699	False	False	main650	13	385	实验记录/20260606_new90_le3_1800_inference/runs/ghost_scene13_e20df268_d5p5_mind/summary.json	ghost_scene13_e20df268_d5p5_mind	False
True	False	ours	32	new60	5.5	True	True	0.4381402319273304	True	False	main650	13	458	实验记录/20260606_new90_le3_1800_inference/runs/ghost_scene13_e20df268_d5p5_ours/summary.json	ghost_scene13_e20df268_d5p5_ours	False
True	False	aeb_only	33	new60	3.0	True	True	2.7810738748001858	True	False	main650	15	488	实验记录/20260606_new90_le3_1800_inference/runs/ghost_scene15_3856ed37_d3_aeb_only/summary.json	ghost_scene15_3856ed37_d3_aeb_only	False
True	False	mind	33	new60	3.0	True	True	3.0650660493076036	False	False	main650	15	488	实验记录/20260606_new90_le3_1800_inference/runs/ghost_scene15_3856ed37_d3_mind/summary.json	ghost_scene15_3856ed37_d3_mind	False
True	False	ours	33	new60	3.0	True	True	1.4066265857974707	True	False	main650	15	618	实验记录/20260606_new90_le3_1800_inference/runs/ghost_scene15_3856ed37_d3_ours/summary.json	ghost_scene15_3856ed37_d3_ours	False
True	False	aeb_only	33	new60	3.5	True	True	1.8650800360370874	True	False	main650	15	480	实验记录/20260606_new90_le3_1800_inference/runs/ghost_scene15_3856ed37_d3p5_aeb_only/summary.json	ghost_scene15_3856ed37_d3p5_aeb_only	False
True	False	mind	33	new60	3.5	True	True	3.1373512762274802	False	False	main650	15	480	实验记录/20260606_new90_le3_1800_inference/runs/ghost_scene15_3856ed37_d3p5_mind/summary.json	ghost_scene15_3856ed37_d3p5_mind	False
True	False	ours	33	new60	3.5	True	True	1.235198159168727	True	False	main650	15	603	实验记录/20260606_new90_le3_1800_inference/runs/ghost_scene15_3856ed37_d3p5_ours/summary.json	ghost_scene15_3856ed37_d3p5_ours	False
True	False	aeb_only	33	new60	4.0	True	True	1.209864145809378	True	False	main650	15	473	实验记录/20260606_new90_le3_1800_inference/runs/ghost_scene15_3856ed37_d4_aeb_only/summary.json	ghost_scene15_3856ed37_d4_aeb_only	False
True	False	mind	33	new60	4.0	True	True	3.259629400693287	False	False	main650	15	473	实验记录/20260606_new90_le3_1800_inference/runs/ghost_scene15_3856ed37_d4_mind/summary.json	ghost_scene15_3856ed37_d4_mind	False
True	False	ours	33	new60	4.0	True	True	0.9852450985856637	True	False	main650	15	589	实验记录/20260606_new90_le3_1800_inference/runs/ghost_scene15_3856ed37_d4_ours/summary.json	ghost_scene15_3856ed37_d4_ours	False
False	False	aeb_only	33	new60	4.5	False	True		True	True	main650	15	465	实验记录/20260606_new90_le3_1800_inference/runs/ghost_scene15_3856ed37_d4p5_aeb_only/summary.json	ghost_scene15_3856ed37_d4p5_aeb_only	True
True	False	mind	33	new60	4.5	True	True	3.5179534556393603	False	False	main650	15	465	实验记录/20260606_new90_le3_1800_inference/runs/ghost_scene15_3856ed37_d4p5_mind/summary.json	ghost_scene15_3856ed37_d4p5_mind	False
True	False	ours	33	new60	4.5	True	True	0.05061816302894461	True	False	h800	15	576	实验记录/20260607_new90_clean70_h800_late_or_unspawned_30workers/runs/ghost_scene15_3856ed37_d4p5_ours/summary.json	ghost_scene15_3856ed37_d4p5_ours	False
False	False	aeb_only	33	new60	5.0	False	True		True	True	main650	15	458	实验记录/20260606_new90_le3_1800_inference/runs/ghost_scene15_3856ed37_d5_aeb_only/summary.json	ghost_scene15_3856ed37_d5_aeb_only	True
True	False	mind	33	new60	5.0	True	True	3.4694344425522523	False	False	main650	15	458	实验记录/20260606_new90_le3_1800_inference/runs/ghost_scene15_3856ed37_d5_mind/summary.json	ghost_scene15_3856ed37_d5_mind	False
False	False	ours	33	new60	5.0	False	True		True	True	main650	15	563	实验记录/20260606_new90_le3_1800_inference/runs/ghost_scene15_3856ed37_d5_ours/summary.json	ghost_scene15_3856ed37_d5_ours	True
False	False	aeb_only	33	new60	5.5	False	True		True	True	main650	15	451	实验记录/20260606_new90_le3_1800_inference/runs/ghost_scene15_3856ed37_d5p5_aeb_only/summary.json	ghost_scene15_3856ed37_d5p5_aeb_only	True
True	False	mind	33	new60	5.5	True	True	3.5592003068265865	False	False	main650	15	451	实验记录/20260606_new90_le3_1800_inference/runs/ghost_scene15_3856ed37_d5p5_mind/summary.json	ghost_scene15_3856ed37_d5p5_mind	False
False	False	ours	33	new60	5.5	False	True		True	True	main650	15	551	实验记录/20260606_new90_le3_1800_inference/runs/ghost_scene15_3856ed37_d5p5_ours/summary.json	ghost_scene15_3856ed37_d5p5_ours	True
True	False	aeb_only	34	new60	3.0	True	True	6.549735607034393	False	False	main650	16	552	实验记录/20260606_new90_le3_1800_inference/runs/ghost_scene16_f558c81c_d3_aeb_only/summary.json	ghost_scene16_f558c81c_d3_aeb_only	False
True	False	mind	34	new60	3.0	True	True	6.549735607034393	False	False	main650	16	552	实验记录/20260606_new90_le3_1800_inference/runs/ghost_scene16_f558c81c_d3_mind/summary.json	ghost_scene16_f558c81c_d3_mind	False
True	False	ours	34	new60	3.0	True	True	3.592851430210462	False	False	main650	16	587	实验记录/20260606_new90_le3_1800_inference/runs/ghost_scene16_f558c81c_d3_ours/summary.json	ghost_scene16_f558c81c_d3_ours	False
True	False	aeb_only	34	new60	3.5	True	True	6.204183126914991	False	False	main650	16	548	实验记录/20260606_new90_le3_1800_inference/runs/ghost_scene16_f558c81c_d3p5_aeb_only/summary.json	ghost_scene16_f558c81c_d3p5_aeb_only	False
True	False	mind	34	new60	3.5	True	True	6.54973561313097	False	False	main650	16	548	实验记录/20260606_new90_le3_1800_inference/runs/ghost_scene16_f558c81c_d3p5_mind/summary.json	ghost_scene16_f558c81c_d3p5_mind	False
True	False	ours	34	new60	3.5	True	True	3.1886952272249736	False	False	main650	16	581	实验记录/20260606_new90_le3_1800_inference/runs/ghost_scene16_f558c81c_d3p5_ours/summary.json	ghost_scene16_f558c81c_d3p5_ours	False
True	False	aeb_only	34	new60	4.0	True	True	5.691237604907824	False	False	main650	16	544	实验记录/20260606_new90_le3_1800_inference/runs/ghost_scene16_f558c81c_d4_aeb_only/summary.json	ghost_scene16_f558c81c_d4_aeb_only	False
True	False	mind	34	new60	4.0	True	True	6.549735610842442	False	False	main650	16	544	实验记录/20260606_new90_le3_1800_inference/runs/ghost_scene16_f558c81c_d4_mind/summary.json	ghost_scene16_f558c81c_d4_mind	False
True	False	ours	34	new60	4.0	True	True	2.2748914486138805	True	False	main650	16	575	实验记录/20260606_new90_le3_1800_inference/runs/ghost_scene16_f558c81c_d4_ours/summary.json	ghost_scene16_f558c81c_d4_ours	False
True	False	aeb_only	34	new60	4.5	True	True	5.177227240065648	False	False	main650	16	540	实验记录/20260606_new90_le3_1800_inference/runs/ghost_scene16_f558c81c_d4p5_aeb_only/summary.json	ghost_scene16_f558c81c_d4p5_aeb_only	False
True	False	mind	34	new60	4.5	True	True	6.536776275616721	False	False	main650	16	540	实验记录/20260606_new90_le3_1800_inference/runs/ghost_scene16_f558c81c_d4p5_mind/summary.json	ghost_scene16_f558c81c_d4p5_mind	False
True	False	ours	34	new60	4.5	True	True	1.6119513383446087	True	False	main650	16	568	实验记录/20260606_new90_le3_1800_inference/runs/ghost_scene16_f558c81c_d4p5_ours/summary.json	ghost_scene16_f558c81c_d4p5_ours	False
True	False	aeb_only	34	new60	5.0	True	True	5.177227240065648	False	False	main650	16	536	实验记录/20260606_new90_le3_1800_inference/runs/ghost_scene16_f558c81c_d5_aeb_only/summary.json	ghost_scene16_f558c81c_d5_aeb_only	False
True	False	mind	34	new60	5.0	True	True	6.536776275616721	False	False	main650	16	536	实验记录/20260606_new90_le3_1800_inference/runs/ghost_scene16_f558c81c_d5_mind/summary.json	ghost_scene16_f558c81c_d5_mind	False
True	False	ours	34	new60	5.0	True	True	0.495237135946377	True	False	main650	16	562	实验记录/20260606_new90_le3_1800_inference/runs/ghost_scene16_f558c81c_d5_ours/summary.json	ghost_scene16_f558c81c_d5_ours	False
True	False	aeb_only	34	new60	5.5	True	True	4.662087942122611	False	False	main650	16	532	实验记录/20260606_new90_le3_1800_inference/runs/ghost_scene16_f558c81c_d5p5_aeb_only/summary.json	ghost_scene16_f558c81c_d5p5_aeb_only	False
True	False	mind	34	new60	5.5	True	True	6.549735565497013	False	False	main650	16	532	实验记录/20260606_new90_le3_1800_inference/runs/ghost_scene16_f558c81c_d5p5_mind/summary.json	ghost_scene16_f558c81c_d5p5_mind	False
False	False	ours	34	new60	5.5	False	True		True	True	main650	16	556	实验记录/20260606_new90_le3_1800_inference/runs/ghost_scene16_f558c81c_d5p5_ours/summary.json	ghost_scene16_f558c81c_d5p5_ours	True
True	False	aeb_only	35	new60	3.0	True	True	5.065968917942248	False	False	main650	17	462	实验记录/20260606_new90_le3_1800_inference/runs/ghost_scene17_13b0afee_d3_aeb_only/summary.json	ghost_scene17_13b0afee_d3_aeb_only	False
True	False	mind	35	new60	3.0	True	True	5.065968917942248	False	False	main650	17	462	实验记录/20260606_new90_le3_1800_inference/runs/ghost_scene17_13b0afee_d3_mind/summary.json	ghost_scene17_13b0afee_d3_mind	False
True	False	ours	35	new60	3.0	True	True	2.838435736863728	True	False	main650	17	552	实验记录/20260606_new90_le3_1800_inference/runs/ghost_scene17_13b0afee_d3_ours/summary.json	ghost_scene17_13b0afee_d3_ours	False
True	False	aeb_only	35	new60	3.5	True	True	4.5600328637353025	False	False	main650	17	457	实验记录/20260606_new90_le3_1800_inference/runs/ghost_scene17_13b0afee_d3p5_aeb_only/summary.json	ghost_scene17_13b0afee_d3p5_aeb_only	False
True	False	mind	35	new60	3.5	True	True	5.072708738474302	False	False	main650	17	457	实验记录/20260606_new90_le3_1800_inference/runs/ghost_scene17_13b0afee_d3p5_mind/summary.json	ghost_scene17_13b0afee_d3p5_mind	False
True	False	ours	35	new60	3.5	True	True	1.7051755457936832	True	False	main650	17	544	实验记录/20260606_new90_le3_1800_inference/runs/ghost_scene17_13b0afee_d3p5_ours/summary.json	ghost_scene17_13b0afee_d3p5_ours	False
True	False	aeb_only	35	new60	4.0	True	True	4.129487425773953	False	False	main650	17	452	实验记录/20260606_new90_le3_1800_inference/runs/ghost_scene17_13b0afee_d4_aeb_only/summary.json	ghost_scene17_13b0afee_d4_aeb_only	False
True	False	mind	35	new60	4.0	True	True	5.071254545778557	False	False	main650	17	452	实验记录/20260606_new90_le3_1800_inference/runs/ghost_scene17_13b0afee_d4_mind/summary.json	ghost_scene17_13b0afee_d4_mind	False
False	False	ours	35	new60	4.0	False	True		True	True	main650	17	535	实验记录/20260606_new90_le3_1800_inference/runs/ghost_scene17_13b0afee_d4_ours/summary.json	ghost_scene17_13b0afee_d4_ours	True
True	False	aeb_only	35	new60	4.5	True	True	3.541301798556674	False	False	main650	17	447	实验记录/20260606_new90_le3_1800_inference/runs/ghost_scene17_13b0afee_d4p5_aeb_only/summary.json	ghost_scene17_13b0afee_d4p5_aeb_only	False
True	False	mind	35	new60	4.5	True	True	5.0724989406109176	False	False	main650	17	447	实验记录/20260606_new90_le3_1800_inference/runs/ghost_scene17_13b0afee_d4p5_mind/summary.json	ghost_scene17_13b0afee_d4p5_mind	False
False	False	ours	35	new60	4.5	False	True		True	True	main650	17	527	实验记录/20260606_new90_le3_1800_inference/runs/ghost_scene17_13b0afee_d4p5_ours/summary.json	ghost_scene17_13b0afee_d4p5_ours	True
True	False	aeb_only	35	new60	5.0	True	True	2.8749619406303726	True	False	main650	17	442	实验记录/20260606_new90_le3_1800_inference/runs/ghost_scene17_13b0afee_d5_aeb_only/summary.json	ghost_scene17_13b0afee_d5_aeb_only	False
True	False	mind	35	new60	5.0	True	True	5.0838516284376	False	False	main650	17	442	实验记录/20260606_new90_le3_1800_inference/runs/ghost_scene17_13b0afee_d5_mind/summary.json	ghost_scene17_13b0afee_d5_mind	False
False	False	ours	35	new60	5.0	False	True		True	True	main650	17	518	实验记录/20260606_new90_le3_1800_inference/runs/ghost_scene17_13b0afee_d5_ours/summary.json	ghost_scene17_13b0afee_d5_ours	True
True	False	aeb_only	35	new60	5.5	True	True	2.048927439568083	True	False	main650	17	437	实验记录/20260606_new90_le3_1800_inference/runs/ghost_scene17_13b0afee_d5p5_aeb_only/summary.json	ghost_scene17_13b0afee_d5p5_aeb_only	False
True	False	mind	35	new60	5.5	True	True	5.05805579458246	False	False	main650	17	437	实验记录/20260606_new90_le3_1800_inference/runs/ghost_scene17_13b0afee_d5p5_mind/summary.json	ghost_scene17_13b0afee_d5p5_mind	False
False	False	ours	35	new60	5.5	False	True		True	True	main650	17	510	实验记录/20260606_new90_le3_1800_inference/runs/ghost_scene17_13b0afee_d5p5_ours/summary.json	ghost_scene17_13b0afee_d5p5_ours	True
False	False	aeb_only	36	new60	3.0	False	True		True	True	main650	19	446	实验记录/20260606_new90_le3_1800_inference/runs/ghost_scene19_2dd9de23_d3_aeb_only/summary.json	ghost_scene19_2dd9de23_d3_aeb_only	True
True	False	mind	36	new60	3.0	True	True	3.6222899365095205	False	False	main650	19	402	实验记录/20260606_new90_le3_1800_inference/runs/ghost_scene19_2dd9de23_d3_mind/summary.json	ghost_scene19_2dd9de23_d3_mind	False
True	False	ours	36	new60	3.0	True	True	1.2125596733553121	True	False	main650	19	459	实验记录/20260606_new90_le3_1800_inference/runs/ghost_scene19_2dd9de23_d3_ours/summary.json	ghost_scene19_2dd9de23_d3_ours	False
False	False	aeb_only	36	new60	3.5	False	True		True	True	main650	19	399	实验记录/20260606_new90_le3_1800_inference/runs/ghost_scene19_2dd9de23_d3p5_aeb_only/summary.json	ghost_scene19_2dd9de23_d3p5_aeb_only	True
True	False	mind	36	new60	3.5	True	True	3.606621566512818	False	False	main650	19	395	实验记录/20260606_new90_le3_1800_inference/runs/ghost_scene19_2dd9de23_d3p5_mind/summary.json	ghost_scene19_2dd9de23_d3p5_mind	False
True	False	ours	36	new60	3.5	True	True	0.4033662097704279	True	False	main650	19	447	实验记录/20260606_new90_le3_1800_inference/runs/ghost_scene19_2dd9de23_d3p5_ours/summary.json	ghost_scene19_2dd9de23_d3p5_ours	False
False	False	aeb_only	36	new60	4.0	False	True		True	True	main650	19	388	实验记录/20260606_new90_le3_1800_inference/runs/ghost_scene19_2dd9de23_d4_aeb_only/summary.json	ghost_scene19_2dd9de23_d4_aeb_only	True
True	False	mind	36	new60	4.0	True	True	3.665361155138596	False	False	main650	19	388	实验记录/20260606_new90_le3_1800_inference/runs/ghost_scene19_2dd9de23_d4_mind/summary.json	ghost_scene19_2dd9de23_d4_mind	False
True	False	ours	36	new60	4.0	True	True	0.04067977636163985	True	False	main650	19	434	实验记录/20260606_new90_le3_1800_inference/runs/ghost_scene19_2dd9de23_d4_ours/summary.json	ghost_scene19_2dd9de23_d4_ours	False
False	False	aeb_only	36	new60	4.5	False	True		True	True	main650	19	380	实验记录/20260606_new90_le3_1800_inference/runs/ghost_scene19_2dd9de23_d4p5_aeb_only/summary.json	ghost_scene19_2dd9de23_d4p5_aeb_only	True
True	False	mind	36	new60	4.5	True	True	3.798335379340857	False	False	main650	19	380	实验记录/20260606_new90_le3_1800_inference/runs/ghost_scene19_2dd9de23_d4p5_mind/summary.json	ghost_scene19_2dd9de23_d4p5_mind	False
True	False	ours	36	new60	4.5	True	True	0.04125058233603325	True	False	main650	19	422	实验记录/20260606_new90_le3_1800_inference/runs/ghost_scene19_2dd9de23_d4p5_ours/summary.json	ghost_scene19_2dd9de23_d4p5_ours	False
False	False	aeb_only	36	new60	5.0	False	True		True	True	main650	19	373	实验记录/20260606_new90_le3_1800_inference/runs/ghost_scene19_2dd9de23_d5_aeb_only/summary.json	ghost_scene19_2dd9de23_d5_aeb_only	True
True	False	mind	36	new60	5.0	True	True	3.818406824433417	False	False	main650	19	373	实验记录/20260606_new90_le3_1800_inference/runs/ghost_scene19_2dd9de23_d5_mind/summary.json	ghost_scene19_2dd9de23_d5_mind	False
False	False	ours	36	new60	5.0	False	True		True	True	main650	19	409	实验记录/20260606_new90_le3_1800_inference/runs/ghost_scene19_2dd9de23_d5_ours/summary.json	ghost_scene19_2dd9de23_d5_ours	True
False	False	aeb_only	36	new60	5.5	False	True		True	True	main650	19	365	实验记录/20260606_new90_le3_1800_inference/runs/ghost_scene19_2dd9de23_d5p5_aeb_only/summary.json	ghost_scene19_2dd9de23_d5p5_aeb_only	True
True	False	mind	36	new60	5.5	True	True	4.031491006208042	False	False	main650	19	365	实验记录/20260606_new90_le3_1800_inference/runs/ghost_scene19_2dd9de23_d5p5_mind/summary.json	ghost_scene19_2dd9de23_d5p5_mind	False
False	False	ours	36	new60	5.5	False	True		True	True	main650	19	397	实验记录/20260606_new90_le3_1800_inference/runs/ghost_scene19_2dd9de23_d5p5_ours/summary.json	ghost_scene19_2dd9de23_d5p5_ours	True
True	False	aeb_only	37	new60	3.0	True	True	6.281328068766618	False	False	main650	21	376	实验记录/20260606_new90_le3_1800_inference/runs/ghost_scene21_667102df_d3_aeb_only/summary.json	ghost_scene21_667102df_d3_aeb_only	False
True	False	mind	37	new60	3.0	True	True	6.281328068766618	False	False	main650	21	376	实验记录/20260606_new90_le3_1800_inference/runs/ghost_scene21_667102df_d3_mind/summary.json	ghost_scene21_667102df_d3_mind	False
True	False	ours	37	new60	3.0	True	True	4.60740747990497	False	False	main650	21	403	实验记录/20260606_new90_le3_1800_inference/runs/ghost_scene21_667102df_d3_ours/summary.json	ghost_scene21_667102df_d3_ours	False
True	False	aeb_only	37	new60	3.5	True	True	6.038396309027685	False	False	main650	21	372	实验记录/20260606_new90_le3_1800_inference/runs/ghost_scene21_667102df_d3p5_aeb_only/summary.json	ghost_scene21_667102df_d3p5_aeb_only	False
True	False	mind	37	new60	3.5	True	True	6.277745391012906	False	False	main650	21	372	实验记录/20260606_new90_le3_1800_inference/runs/ghost_scene21_667102df_d3p5_mind/summary.json	ghost_scene21_667102df_d3p5_mind	False
True	False	ours	37	new60	3.5	True	True	4.269120932284909	False	False	main650	21	398	实验记录/20260606_new90_le3_1800_inference/runs/ghost_scene21_667102df_d3p5_ours/summary.json	ghost_scene21_667102df_d3p5_ours	False
True	False	aeb_only	37	new60	4.0	True	True	5.658805540273524	False	False	main650	21	369	实验记录/20260606_new90_le3_1800_inference/runs/ghost_scene21_667102df_d4_aeb_only/summary.json	ghost_scene21_667102df_d4_aeb_only	False
True	False	mind	37	new60	4.0	True	True	6.262567493355648	False	False	main650	21	369	实验记录/20260606_new90_le3_1800_inference/runs/ghost_scene21_667102df_d4_mind/summary.json	ghost_scene21_667102df_d4_mind	False
True	False	ours	37	new60	4.0	True	True	4.017455368296621	False	False	main650	21	393	实验记录/20260606_new90_le3_1800_inference/runs/ghost_scene21_667102df_d4_ours/summary.json	ghost_scene21_667102df_d4_ours	False
True	False	aeb_only	37	new60	4.5	True	True	5.37143027816938	False	False	main650	21	365	实验记录/20260606_new90_le3_1800_inference/runs/ghost_scene21_667102df_d4p5_aeb_only/summary.json	ghost_scene21_667102df_d4p5_aeb_only	False
True	False	mind	37	new60	4.5	True	True	6.328099766385297	False	False	main650	21	365	实验记录/20260606_new90_le3_1800_inference/runs/ghost_scene21_667102df_d4p5_mind/summary.json	ghost_scene21_667102df_d4p5_mind	False
True	False	ours	37	new60	4.5	True	True	3.6816901724699758	False	False	main650	21	389	实验记录/20260606_new90_le3_1800_inference/runs/ghost_scene21_667102df_d4p5_ours/summary.json	ghost_scene21_667102df_d4p5_ours	False
True	False	aeb_only	37	new60	5.0	True	True	5.37143027816938	False	False	main650	21	361	实验记录/20260606_new90_le3_1800_inference/runs/ghost_scene21_667102df_d5_aeb_only/summary.json	ghost_scene21_667102df_d5_aeb_only	False
True	False	mind	37	new60	5.0	True	True	6.328099766385297	False	False	main650	21	361	实验记录/20260606_new90_le3_1800_inference/runs/ghost_scene21_667102df_d5_mind/summary.json	ghost_scene21_667102df_d5_mind	False
True	False	ours	37	new60	5.0	True	True	3.2596741111009386	False	False	main650	21	384	实验记录/20260606_new90_le3_1800_inference/runs/ghost_scene21_667102df_d5_ours/summary.json	ghost_scene21_667102df_d5_ours	False
True	False	aeb_only	37	new60	5.5	True	True	5.003725015531515	False	False	main650	21	357	实验记录/20260606_new90_le3_1800_inference/runs/ghost_scene21_667102df_d5p5_aeb_only/summary.json	ghost_scene21_667102df_d5p5_aeb_only	False
True	False	mind	37	new60	5.5	True	True	6.245746747916373	False	False	main650	21	357	实验记录/20260606_new90_le3_1800_inference/runs/ghost_scene21_667102df_d5p5_mind/summary.json	ghost_scene21_667102df_d5p5_mind	False
True	False	ours	37	new60	5.5	True	True	2.829362739259995	True	False	main650	21	379	实验记录/20260606_new90_le3_1800_inference/runs/ghost_scene21_667102df_d5p5_ours/summary.json	ghost_scene21_667102df_d5p5_ours	False
True	False	aeb_only	38	new60	3.0	True	True	7.3723258161541985	False	False	main650	24	440	实验记录/20260606_new90_le3_1800_inference/runs/ghost_scene24_dc8a8524_d3_aeb_only/summary.json	ghost_scene24_dc8a8524_d3_aeb_only	False
True	False	mind	38	new60	3.0	True	True	7.6089593417776245	False	False	main650	24	440	实验记录/20260606_new90_le3_1800_inference/runs/ghost_scene24_dc8a8524_d3_mind/summary.json	ghost_scene24_dc8a8524_d3_mind	False
True	False	ours	38	new60	3.0	True	True	3.9232878063133683	False	False	main650	24	584	实验记录/20260606_new90_le3_1800_inference/runs/ghost_scene24_dc8a8524_d3_ours/summary.json	ghost_scene24_dc8a8524_d3_ours	False
True	False	aeb_only	38	new60	3.5	True	True	7.3723258161541985	False	False	main650	24	437	实验记录/20260606_new90_le3_1800_inference/runs/ghost_scene24_dc8a8524_d3p5_aeb_only/summary.json	ghost_scene24_dc8a8524_d3p5_aeb_only	False
True	False	mind	38	new60	3.5	True	True	7.6089593417776245	False	False	main650	24	437	实验记录/20260606_new90_le3_1800_inference/runs/ghost_scene24_dc8a8524_d3p5_mind/summary.json	ghost_scene24_dc8a8524_d3p5_mind	False
True	False	ours	38	new60	3.5	True	True	3.4840892709068862	False	False	main650	24	578	实验记录/20260606_new90_le3_1800_inference/runs/ghost_scene24_dc8a8524_d3p5_ours/summary.json	ghost_scene24_dc8a8524_d3p5_ours	False
True	False	aeb_only	38	new60	4.0	True	True	6.969832579161851	False	False	main650	24	434	实验记录/20260606_new90_le3_1800_inference/runs/ghost_scene24_dc8a8524_d4_aeb_only/summary.json	ghost_scene24_dc8a8524_d4_aeb_only	False
True	False	mind	38	new60	4.0	True	True	7.6144041538405185	False	False	main650	24	434	实验记录/20260606_new90_le3_1800_inference/runs/ghost_scene24_dc8a8524_d4_mind/summary.json	ghost_scene24_dc8a8524_d4_mind	False
True	False	ours	38	new60	4.0	True	True	2.88778643462435	True	False	main650	24	572	实验记录/20260606_new90_le3_1800_inference/runs/ghost_scene24_dc8a8524_d4_ours/summary.json	ghost_scene24_dc8a8524_d4_ours	False
True	False	aeb_only	38	new60	4.5	True	True	6.487860159147764	False	False	main650	24	430	实验记录/20260606_new90_le3_1800_inference/runs/ghost_scene24_dc8a8524_d4p5_aeb_only/summary.json	ghost_scene24_dc8a8524_d4p5_aeb_only	False
True	False	mind	38	new60	4.5	True	True	7.6124713762799745	False	False	main650	24	430	实验记录/20260606_new90_le3_1800_inference/runs/ghost_scene24_dc8a8524_d4p5_mind/summary.json	ghost_scene24_dc8a8524_d4p5_mind	False
True	False	ours	38	new60	4.5	True	True	2.2138760126138903	True	False	main650	24	566	实验记录/20260606_new90_le3_1800_inference/runs/ghost_scene24_dc8a8524_d4p5_ours/summary.json	ghost_scene24_dc8a8524_d4p5_ours	False
True	False	aeb_only	38	new60	5.0	True	True	6.487860159147764	False	False	main650	24	427	实验记录/20260606_new90_le3_1800_inference/runs/ghost_scene24_dc8a8524_d5_aeb_only/summary.json	ghost_scene24_dc8a8524_d5_aeb_only	False
True	False	mind	38	new60	5.0	True	True	7.6124713762799745	False	False	main650	24	427	实验记录/20260606_new90_le3_1800_inference/runs/ghost_scene24_dc8a8524_d5_mind/summary.json	ghost_scene24_dc8a8524_d5_mind	False
False	False	ours	38	new60	5.0	False	True		True	True	main650	24	560	实验记录/20260606_new90_le3_1800_inference/runs/ghost_scene24_dc8a8524_d5_ours/summary.json	ghost_scene24_dc8a8524_d5_ours	True
True	False	aeb_only	38	new60	5.5	True	True	5.998711103262394	False	False	main650	24	424	实验记录/20260606_new90_le3_1800_inference/runs/ghost_scene24_dc8a8524_d5p5_aeb_only/summary.json	ghost_scene24_dc8a8524_d5p5_aeb_only	False
True	False	mind	38	new60	5.5	True	True	7.580862246442029	False	False	main650	24	424	实验记录/20260606_new90_le3_1800_inference/runs/ghost_scene24_dc8a8524_d5p5_mind/summary.json	ghost_scene24_dc8a8524_d5p5_mind	False
False	False	ours	38	new60	5.5	False	True		True	True	main650	24	554	实验记录/20260606_new90_le3_1800_inference/runs/ghost_scene24_dc8a8524_d5p5_ours/summary.json	ghost_scene24_dc8a8524_d5p5_ours	True
True	False	aeb_only	39	new60	3.0	True	True	6.070929427082923	False	False	main650	25	610	实验记录/20260606_new90_le3_1800_inference/runs/ghost_scene25_6dcf23de_d3_aeb_only/summary.json	ghost_scene25_6dcf23de_d3_aeb_only	False
True	False	mind	39	new60	3.0	True	True	6.307609330442587	False	False	main650	25	610	实验记录/20260606_new90_le3_1800_inference/runs/ghost_scene25_6dcf23de_d3_mind/summary.json	ghost_scene25_6dcf23de_d3_mind	False
True	False	ours	39	new60	3.0	True	True	3.782779466559879	False	False	h800	25	731	实验记录/20260607_new90_clean70_h800_late_or_unspawned_30workers/runs/ghost_scene25_6dcf23de_d3_ours/summary.json	ghost_scene25_6dcf23de_d3_ours	False
True	False	aeb_only	39	new60	3.5	True	True	6.070929427082923	False	False	main650	25	606	实验记录/20260606_new90_le3_1800_inference/runs/ghost_scene25_6dcf23de_d3p5_aeb_only/summary.json	ghost_scene25_6dcf23de_d3p5_aeb_only	False
True	False	mind	39	new60	3.5	True	True	6.307609330442587	False	False	main650	25	606	实验记录/20260606_new90_le3_1800_inference/runs/ghost_scene25_6dcf23de_d3p5_mind/summary.json	ghost_scene25_6dcf23de_d3p5_mind	False
True	False	ours	39	new60	3.5	True	True	2.990189911973796	True	False	h800	25	724	实验记录/20260607_new90_clean70_h800_late_or_unspawned_30workers/runs/ghost_scene25_6dcf23de_d3p5_ours/summary.json	ghost_scene25_6dcf23de_d3p5_ours	False
True	False	aeb_only	39	new60	4.0	True	True	5.588496252945723	False	False	main650	25	602	实验记录/20260606_new90_le3_1800_inference/runs/ghost_scene25_6dcf23de_d4_aeb_only/summary.json	ghost_scene25_6dcf23de_d4_aeb_only	False
True	False	mind	39	new60	4.0	True	True	6.334315953591051	False	False	main650	25	602	实验记录/20260606_new90_le3_1800_inference/runs/ghost_scene25_6dcf23de_d4_mind/summary.json	ghost_scene25_6dcf23de_d4_mind	False
True	False	ours	39	new60	4.0	True	True	2.551119581636879	True	False	h800	25	718	实验记录/20260607_new90_clean70_h800_late_or_unspawned_30workers/runs/ghost_scene25_6dcf23de_d4_ours/summary.json	ghost_scene25_6dcf23de_d4_ours	False
True	False	aeb_only	39	new60	4.5	True	True	5.188236652869794	False	False	main650	25	598	实验记录/20260606_new90_le3_1800_inference/runs/ghost_scene25_6dcf23de_d4p5_aeb_only/summary.json	ghost_scene25_6dcf23de_d4p5_aeb_only	False
True	False	mind	39	new60	4.5	True	True	6.307372951061872	False	False	main650	25	598	实验记录/20260606_new90_le3_1800_inference/runs/ghost_scene25_6dcf23de_d4p5_mind/summary.json	ghost_scene25_6dcf23de_d4p5_mind	False
True	False	ours	39	new60	4.5	True	True	1.8635569471732492	True	False	h800	25	712	实验记录/20260607_new90_clean70_h800_late_or_unspawned_30workers/runs/ghost_scene25_6dcf23de_d4p5_ours/summary.json	ghost_scene25_6dcf23de_d4p5_ours	False
True	False	aeb_only	39	new60	5.0	True	True	4.631623418379361	False	False	main650	25	594	实验记录/20260606_new90_le3_1800_inference/runs/ghost_scene25_6dcf23de_d5_aeb_only/summary.json	ghost_scene25_6dcf23de_d5_aeb_only	False
True	False	mind	39	new60	5.0	True	True	6.32193312663642	False	False	main650	25	594	实验记录/20260606_new90_le3_1800_inference/runs/ghost_scene25_6dcf23de_d5_mind/summary.json	ghost_scene25_6dcf23de_d5_mind	False
True	False	ours	39	new60	5.0	True	True	0.7664469664321784	True	False	h800	25	706	实验记录/20260607_new90_clean70_h800_late_or_unspawned_30workers/runs/ghost_scene25_6dcf23de_d5_ours/summary.json	ghost_scene25_6dcf23de_d5_ours	False
True	False	aeb_only	39	new60	5.5	True	True	4.074116404526327	False	False	main650	25	590	实验记录/20260606_new90_le3_1800_inference/runs/ghost_scene25_6dcf23de_d5p5_aeb_only/summary.json	ghost_scene25_6dcf23de_d5p5_aeb_only	False
True	False	mind	39	new60	5.5	True	True	6.408290378365923	False	False	main650	25	590	实验记录/20260606_new90_le3_1800_inference/runs/ghost_scene25_6dcf23de_d5p5_mind/summary.json	ghost_scene25_6dcf23de_d5p5_mind	False
False	False	ours	39	new60	5.5	False	True		True	True	h800	25	700	实验记录/20260607_new90_clean70_h800_late_or_unspawned_30workers/runs/ghost_scene25_6dcf23de_d5p5_ours/summary.json	ghost_scene25_6dcf23de_d5p5_ours	True
True	False	aeb_only	40	new60	3.0	True	True	7.329982393155684	False	False	main650	26	474	实验记录/20260606_new90_le3_1800_inference/runs/ghost_scene26_8dee4ee6_d3_aeb_only/summary.json	ghost_scene26_8dee4ee6_d3_aeb_only	False
True	False	mind	40	new60	3.0	True	True	7.408647279325491	False	False	main650	26	474	实验记录/20260606_new90_le3_1800_inference/runs/ghost_scene26_8dee4ee6_d3_mind/summary.json	ghost_scene26_8dee4ee6_d3_mind	False
True	False	ours	40	new60	3.0	True	True	2.206867746824169	True	False	h800	26	643	实验记录/20260607_new90_clean70_h800_late_or_unspawned_30workers/runs/ghost_scene26_8dee4ee6_d3_ours/summary.json	ghost_scene26_8dee4ee6_d3_ours	False
True	False	aeb_only	40	new60	3.5	True	True	6.938753907864944	False	False	main650	26	470	实验记录/20260606_new90_le3_1800_inference/runs/ghost_scene26_8dee4ee6_d3p5_aeb_only/summary.json	ghost_scene26_8dee4ee6_d3p5_aeb_only	False
True	False	mind	40	new60	3.5	True	True	7.40278380204242	False	False	main650	26	470	实验记录/20260606_new90_le3_1800_inference/runs/ghost_scene26_8dee4ee6_d3p5_mind/summary.json	ghost_scene26_8dee4ee6_d3p5_mind	False
True	False	ours	40	new60	3.5	True	True	1.050985856752603	True	False	h800	26	634	实验记录/20260607_new90_clean70_h800_late_or_unspawned_30workers/runs/ghost_scene26_8dee4ee6_d3p5_ours/summary.json	ghost_scene26_8dee4ee6_d3p5_ours	False
True	False	aeb_only	40	new60	4.0	True	True	6.938753907864944	False	False	main650	26	467	实验记录/20260606_new90_le3_1800_inference/runs/ghost_scene26_8dee4ee6_d4_aeb_only/summary.json	ghost_scene26_8dee4ee6_d4_aeb_only	False
True	False	mind	40	new60	4.0	True	True	7.40278380204242	False	False	main650	26	467	实验记录/20260606_new90_le3_1800_inference/runs/ghost_scene26_8dee4ee6_d4_mind/summary.json	ghost_scene26_8dee4ee6_d4_mind	False
False	False	ours	40	new60	4.0	False	True		True	True	h800	26	625	实验记录/20260607_new90_clean70_h800_late_or_unspawned_30workers/runs/ghost_scene26_8dee4ee6_d4_ours/summary.json	ghost_scene26_8dee4ee6_d4_ours	True
True	False	aeb_only	40	new60	4.5	True	True	6.46687614535597	False	False	main650	26	464	实验记录/20260606_new90_le3_1800_inference/runs/ghost_scene26_8dee4ee6_d4p5_aeb_only/summary.json	ghost_scene26_8dee4ee6_d4p5_aeb_only	False
True	False	mind	40	new60	4.5	True	True	7.4039286258548245	False	False	main650	26	464	实验记录/20260606_new90_le3_1800_inference/runs/ghost_scene26_8dee4ee6_d4p5_mind/summary.json	ghost_scene26_8dee4ee6_d4p5_mind	False
False	False	ours	40	new60	4.5	False	True		True	True	h800	26	616	实验记录/20260607_new90_clean70_h800_late_or_unspawned_30workers/runs/ghost_scene26_8dee4ee6_d4p5_ours/summary.json	ghost_scene26_8dee4ee6_d4p5_ours	True
True	False	aeb_only	40	new60	5.0	True	True	5.997249797923908	False	False	main650	26	460	实验记录/20260606_new90_le3_1800_inference/runs/ghost_scene26_8dee4ee6_d5_aeb_only/summary.json	ghost_scene26_8dee4ee6_d5_aeb_only	False
True	False	mind	40	new60	5.0	True	True	7.402013575398483	False	False	main650	26	460	实验记录/20260606_new90_le3_1800_inference/runs/ghost_scene26_8dee4ee6_d5_mind/summary.json	ghost_scene26_8dee4ee6_d5_mind	False
False	False	ours	40	new60	5.0	False	True		True	True	h800	26	607	实验记录/20260607_new90_clean70_h800_late_or_unspawned_30workers/runs/ghost_scene26_8dee4ee6_d5_ours/summary.json	ghost_scene26_8dee4ee6_d5_ours	True
True	False	aeb_only	40	new60	5.5	True	True	5.997249797923908	False	False	main650	26	457	实验记录/20260606_new90_le3_1800_inference/runs/ghost_scene26_8dee4ee6_d5p5_aeb_only/summary.json	ghost_scene26_8dee4ee6_d5p5_aeb_only	False
True	False	mind	40	new60	5.5	True	True	7.402013575398483	False	False	main650	26	457	实验记录/20260606_new90_le3_1800_inference/runs/ghost_scene26_8dee4ee6_d5p5_mind/summary.json	ghost_scene26_8dee4ee6_d5p5_mind	False
False	False	ours	40	new60	5.5	False	True		True	True	h800	26	599	实验记录/20260607_new90_clean70_h800_late_or_unspawned_30workers/runs/ghost_scene26_8dee4ee6_d5p5_ours/summary.json	ghost_scene26_8dee4ee6_d5p5_ours	True
True	False	aeb_only	41	new60	3.0	True	True	5.7353870462300724	False	False	main650	27	554	实验记录/20260606_new90_le3_1800_inference/runs/ghost_scene27_530fc285_d3_aeb_only/summary.json	ghost_scene27_530fc285_d3_aeb_only	False
True	False	mind	41	new60	3.0	True	True	5.932818987208951	False	False	main650	27	554	实验记录/20260606_new90_le3_1800_inference/runs/ghost_scene27_530fc285_d3_mind/summary.json	ghost_scene27_530fc285_d3_mind	False
True	False	ours	41	new60	3.0	True	True	3.881052527835938	False	False	h800	27	689	实验记录/20260607_new90_clean70_h800_late_or_unspawned_30workers/runs/ghost_scene27_530fc285_d3_ours/summary.json	ghost_scene27_530fc285_d3_ours	False
True	False	aeb_only	41	new60	3.5	True	True	5.408282736508593	False	False	main650	27	550	实验记录/20260606_new90_le3_1800_inference/runs/ghost_scene27_530fc285_d3p5_aeb_only/summary.json	ghost_scene27_530fc285_d3p5_aeb_only	False
True	False	mind	41	new60	3.5	True	True	5.929776876015581	False	False	main650	27	550	实验记录/20260606_new90_le3_1800_inference/runs/ghost_scene27_530fc285_d3p5_mind/summary.json	ghost_scene27_530fc285_d3p5_mind	False
True	False	ours	41	new60	3.5	True	True	3.4009908680313288	False	False	h800	27	683	实验记录/20260607_new90_clean70_h800_late_or_unspawned_30workers/runs/ghost_scene27_530fc285_d3p5_ours/summary.json	ghost_scene27_530fc285_d3p5_ours	False
True	False	aeb_only	41	new60	4.0	True	True	5.408282736508593	False	False	main650	27	546	实验记录/20260606_new90_le3_1800_inference/runs/ghost_scene27_530fc285_d4_aeb_only/summary.json	ghost_scene27_530fc285_d4_aeb_only	False
True	False	mind	41	new60	4.0	True	True	5.929776876015581	False	False	main650	27	546	实验记录/20260606_new90_le3_1800_inference/runs/ghost_scene27_530fc285_d4_mind/summary.json	ghost_scene27_530fc285_d4_mind	False
True	False	ours	41	new60	4.0	True	True	2.9211691352549556	True	False	h800	27	677	实验记录/20260607_new90_clean70_h800_late_or_unspawned_30workers/runs/ghost_scene27_530fc285_d4_ours/summary.json	ghost_scene27_530fc285_d4_ours	False
True	False	aeb_only	41	new60	4.5	True	True	5.082705613006327	False	False	main650	27	542	实验记录/20260606_new90_le3_1800_inference/runs/ghost_scene27_530fc285_d4p5_aeb_only/summary.json	ghost_scene27_530fc285_d4p5_aeb_only	False
True	False	mind	41	new60	4.5	True	True	5.959884950767164	False	False	main650	27	542	实验记录/20260606_new90_le3_1800_inference/runs/ghost_scene27_530fc285_d4p5_mind/summary.json	ghost_scene27_530fc285_d4p5_mind	False
True	False	ours	41	new60	4.5	True	True	1.4819064713863455	True	False	h800	27	670	实验记录/20260607_new90_clean70_h800_late_or_unspawned_30workers/runs/ghost_scene27_530fc285_d4p5_ours/summary.json	ghost_scene27_530fc285_d4p5_ours	False
True	False	aeb_only	41	new60	5.0	True	True	4.678814899709468	False	False	main650	27	538	实验记录/20260606_new90_le3_1800_inference/runs/ghost_scene27_530fc285_d5_aeb_only/summary.json	ghost_scene27_530fc285_d5_aeb_only	False
True	False	mind	41	new60	5.0	True	True	5.963677023047169	False	False	main650	27	538	实验记录/20260606_new90_le3_1800_inference/runs/ghost_scene27_530fc285_d5_mind/summary.json	ghost_scene27_530fc285_d5_mind	False
False	False	ours	41	new60	5.0	False	True		True	True	h800	27	664	实验记录/20260607_new90_clean70_h800_late_or_unspawned_30workers/runs/ghost_scene27_530fc285_d5_ours/summary.json	ghost_scene27_530fc285_d5_ours	True
True	False	aeb_only	41	new60	5.5	True	True	4.196779483191718	False	False	main650	27	534	实验记录/20260606_new90_le3_1800_inference/runs/ghost_scene27_530fc285_d5p5_aeb_only/summary.json	ghost_scene27_530fc285_d5p5_aeb_only	False
True	False	mind	41	new60	5.5	True	True	6.039060171083566	False	False	main650	27	534	实验记录/20260606_new90_le3_1800_inference/runs/ghost_scene27_530fc285_d5p5_mind/summary.json	ghost_scene27_530fc285_d5p5_mind	False
False	False	ours	41	new60	5.5	False	True		True	True	h800	27	658	实验记录/20260607_new90_clean70_h800_late_or_unspawned_30workers/runs/ghost_scene27_530fc285_d5p5_ours/summary.json	ghost_scene27_530fc285_d5p5_ours	True
True	False	aeb_only	42	new60	3.0	True	True	6.3630230216552395	False	False	main650	29	498	实验记录/20260606_new90_le3_1800_inference/runs/ghost_scene29_409dcc51_d3_aeb_only/summary.json	ghost_scene29_409dcc51_d3_aeb_only	False
True	False	mind	42	new60	3.0	True	True	6.433887615259841	False	False	main650	29	498	实验记录/20260606_new90_le3_1800_inference/runs/ghost_scene29_409dcc51_d3_mind/summary.json	ghost_scene29_409dcc51_d3_mind	False
True	False	ours	42	new60	3.0	True	True	4.317738891141802	False	False	main650	29	581	实验记录/20260606_new90_le3_1800_inference/runs/ghost_scene29_409dcc51_d3_ours/summary.json	ghost_scene29_409dcc51_d3_ours	False
True	False	aeb_only	42	new60	3.5	True	True	6.009457492908839	False	False	main650	29	494	实验记录/20260606_new90_le3_1800_inference/runs/ghost_scene29_409dcc51_d3p5_aeb_only/summary.json	ghost_scene29_409dcc51_d3p5_aeb_only	False
True	False	mind	42	new60	3.5	True	True	6.444205376406145	False	False	main650	29	494	实验记录/20260606_new90_le3_1800_inference/runs/ghost_scene29_409dcc51_d3p5_mind/summary.json	ghost_scene29_409dcc51_d3p5_mind	False
True	False	ours	42	new60	3.5	True	True	3.452449867511298	False	False	main650	29	575	实验记录/20260606_new90_le3_1800_inference/runs/ghost_scene29_409dcc51_d3p5_ours/summary.json	ghost_scene29_409dcc51_d3p5_ours	False
True	False	aeb_only	42	new60	4.0	True	True	5.571730103457973	False	False	main650	29	490	实验记录/20260606_new90_le3_1800_inference/runs/ghost_scene29_409dcc51_d4_aeb_only/summary.json	ghost_scene29_409dcc51_d4_aeb_only	False
True	False	mind	42	new60	4.0	True	True	6.44975264024861	False	False	main650	29	490	实验记录/20260606_new90_le3_1800_inference/runs/ghost_scene29_409dcc51_d4_mind/summary.json	ghost_scene29_409dcc51_d4_mind	False
True	False	ours	42	new60	4.0	True	True	2.9000173197105905	True	False	main650	29	569	实验记录/20260606_new90_le3_1800_inference/runs/ghost_scene29_409dcc51_d4_ours/summary.json	ghost_scene29_409dcc51_d4_ours	False
True	False	aeb_only	42	new60	4.5	True	True	5.571730103457973	False	False	main650	29	487	实验记录/20260606_new90_le3_1800_inference/runs/ghost_scene29_409dcc51_d4p5_aeb_only/summary.json	ghost_scene29_409dcc51_d4p5_aeb_only	False
True	False	mind	42	new60	4.5	True	True	6.44975264024861	False	False	main650	29	487	实验记录/20260606_new90_le3_1800_inference/runs/ghost_scene29_409dcc51_d4p5_mind/summary.json	ghost_scene29_409dcc51_d4p5_mind	False
True	False	ours	42	new60	4.5	True	True	2.2678091246539545	True	False	main650	29	563	实验记录/20260606_new90_le3_1800_inference/runs/ghost_scene29_409dcc51_d4p5_ours/summary.json	ghost_scene29_409dcc51_d4p5_ours	False
True	False	aeb_only	42	new60	5.0	True	True	5.210872156378131	False	False	main650	29	483	实验记录/20260606_new90_le3_1800_inference/runs/ghost_scene29_409dcc51_d5_aeb_only/summary.json	ghost_scene29_409dcc51_d5_aeb_only	False
True	False	mind	42	new60	5.0	True	True	6.438277576784564	False	False	main650	29	483	实验记录/20260606_new90_le3_1800_inference/runs/ghost_scene29_409dcc51_d5_mind/summary.json	ghost_scene29_409dcc51_d5_mind	False
True	False	ours	42	new60	5.0	True	True	1.395830345697875	True	False	main650	29	558	实验记录/20260606_new90_le3_1800_inference/runs/ghost_scene29_409dcc51_d5_ours/summary.json	ghost_scene29_409dcc51_d5_ours	False
True	False	aeb_only	42	new60	5.5	True	True	4.6839249642332135	False	False	main650	29	479	实验记录/20260606_new90_le3_1800_inference/runs/ghost_scene29_409dcc51_d5p5_aeb_only/summary.json	ghost_scene29_409dcc51_d5p5_aeb_only	False
True	False	mind	42	new60	5.5	True	True	6.478145258291766	False	False	main650	29	479	实验记录/20260606_new90_le3_1800_inference/runs/ghost_scene29_409dcc51_d5p5_mind/summary.json	ghost_scene29_409dcc51_d5p5_mind	False
False	False	ours	42	new60	5.5	False	True		True	True	main650	29	552	实验记录/20260606_new90_le3_1800_inference/runs/ghost_scene29_409dcc51_d5p5_ours/summary.json	ghost_scene29_409dcc51_d5p5_ours	True
True	False	aeb_only	43	new60	3.0	True	True	7.625173155952705	False	False	main650	30	538	实验记录/20260606_new90_le3_1800_inference/runs/ghost_scene30_d1e7cd82_d3_aeb_only/summary.json	ghost_scene30_d1e7cd82_d3_aeb_only	False
True	False	mind	43	new60	3.0	True	True	7.698968821905406	False	False	main650	30	538	实验记录/20260606_new90_le3_1800_inference/runs/ghost_scene30_d1e7cd82_d3_mind/summary.json	ghost_scene30_d1e7cd82_d3_mind	False
True	False	ours	43	new60	3.0	True	True	5.844202385473884	False	False	main650	30	557	实验记录/20260606_new90_le3_1800_inference/runs/ghost_scene30_d1e7cd82_d3_ours/summary.json	ghost_scene30_d1e7cd82_d3_ours	False
True	False	aeb_only	43	new60	3.5	True	True	7.255417355415131	False	False	main650	30	535	实验记录/20260606_new90_le3_1800_inference/runs/ghost_scene30_d1e7cd82_d3p5_aeb_only/summary.json	ghost_scene30_d1e7cd82_d3p5_aeb_only	False
True	False	mind	43	new60	3.5	True	True	7.701385827075442	False	False	main650	30	535	实验记录/20260606_new90_le3_1800_inference/runs/ghost_scene30_d1e7cd82_d3p5_mind/summary.json	ghost_scene30_d1e7cd82_d3p5_mind	False
True	False	ours	43	new60	3.5	True	True	5.522807428664353	False	False	main650	30	553	实验记录/20260606_new90_le3_1800_inference/runs/ghost_scene30_d1e7cd82_d3p5_ours/summary.json	ghost_scene30_d1e7cd82_d3p5_ours	False
True	False	aeb_only	43	new60	4.0	True	True	7.255417355415131	False	False	main650	30	532	实验记录/20260606_new90_le3_1800_inference/runs/ghost_scene30_d1e7cd82_d4_aeb_only/summary.json	ghost_scene30_d1e7cd82_d4_aeb_only	False
True	False	mind	43	new60	4.0	True	True	7.701385827075442	False	False	main650	30	532	实验记录/20260606_new90_le3_1800_inference/runs/ghost_scene30_d1e7cd82_d4_mind/summary.json	ghost_scene30_d1e7cd82_d4_mind	False
True	False	ours	43	new60	4.0	True	True	5.129032562987652	False	False	main650	30	549	实验记录/20260606_new90_le3_1800_inference/runs/ghost_scene30_d1e7cd82_d4_ours/summary.json	ghost_scene30_d1e7cd82_d4_ours	False
True	False	aeb_only	43	new60	4.5	True	True	6.881912512209636	False	False	main650	30	529	实验记录/20260606_new90_le3_1800_inference/runs/ghost_scene30_d1e7cd82_d4p5_aeb_only/summary.json	ghost_scene30_d1e7cd82_d4p5_aeb_only	False
True	False	mind	43	new60	4.5	True	True	7.689072873935762	False	False	main650	30	529	实验记录/20260606_new90_le3_1800_inference/runs/ghost_scene30_d1e7cd82_d4p5_mind/summary.json	ghost_scene30_d1e7cd82_d4p5_mind	False
True	False	ours	43	new60	4.5	True	True	4.823414332028799	False	False	main650	30	544	实验记录/20260606_new90_le3_1800_inference/runs/ghost_scene30_d1e7cd82_d4p5_ours/summary.json	ghost_scene30_d1e7cd82_d4p5_ours	False
True	False	aeb_only	43	new60	5.0	True	True	6.425773017866104	False	False	main650	30	525	实验记录/20260606_new90_le3_1800_inference/runs/ghost_scene30_d1e7cd82_d5_aeb_only/summary.json	ghost_scene30_d1e7cd82_d5_aeb_only	False
True	False	mind	43	new60	5.0	True	True	7.707772880947293	False	False	main650	30	525	实验记录/20260606_new90_le3_1800_inference/runs/ghost_scene30_d1e7cd82_d5_mind/summary.json	ghost_scene30_d1e7cd82_d5_mind	False
True	False	ours	43	new60	5.0	True	True	4.362359056140847	False	False	main650	30	540	实验记录/20260606_new90_le3_1800_inference/runs/ghost_scene30_d1e7cd82_d5_ours/summary.json	ghost_scene30_d1e7cd82_d5_ours	False
True	False	aeb_only	43	new60	5.5	True	True	6.425773017866104	False	False	main650	30	522	实验记录/20260606_new90_le3_1800_inference/runs/ghost_scene30_d1e7cd82_d5p5_aeb_only/summary.json	ghost_scene30_d1e7cd82_d5p5_aeb_only	False
True	False	mind	43	new60	5.5	True	True	7.707772880947293	False	False	main650	30	522	实验记录/20260606_new90_le3_1800_inference/runs/ghost_scene30_d1e7cd82_d5p5_mind/summary.json	ghost_scene30_d1e7cd82_d5p5_mind	False
True	False	ours	43	new60	5.5	True	True	4.362359056140847	False	False	main650	30	536	实验记录/20260606_new90_le3_1800_inference/runs/ghost_scene30_d1e7cd82_d5p5_ours/summary.json	ghost_scene30_d1e7cd82_d5p5_ours	False
True	False	aeb_only	44	new60	3.0	True	True	4.565627257858263	False	False	main650	31	406	实验记录/20260606_new90_le3_1800_inference/runs/ghost_scene31_4d8966d3_d3_aeb_only/summary.json	ghost_scene31_4d8966d3_d3_aeb_only	False
True	False	mind	44	new60	3.0	True	True	4.565627257858263	False	False	main650	31	406	实验记录/20260606_new90_le3_1800_inference/runs/ghost_scene31_4d8966d3_d3_mind/summary.json	ghost_scene31_4d8966d3_d3_mind	False
True	False	ours	44	new60	3.0	True	True	3.3323523374889974	False	False	main650	31	447	实验记录/20260606_new90_le3_1800_inference/runs/ghost_scene31_4d8966d3_d3_ours/summary.json	ghost_scene31_4d8966d3_d3_ours	False
True	False	aeb_only	44	new60	3.5	True	True	3.856566042118697	False	False	main650	31	400	实验记录/20260606_new90_le3_1800_inference/runs/ghost_scene31_4d8966d3_d3p5_aeb_only/summary.json	ghost_scene31_4d8966d3_d3p5_aeb_only	False
True	False	mind	44	new60	3.5	True	True	4.585353498985108	False	False	main650	31	400	实验记录/20260606_new90_le3_1800_inference/runs/ghost_scene31_4d8966d3_d3p5_mind/summary.json	ghost_scene31_4d8966d3_d3p5_mind	False
True	False	ours	44	new60	3.5	True	True	2.393686646668358	True	False	main650	31	440	实验记录/20260606_new90_le3_1800_inference/runs/ghost_scene31_4d8966d3_d3p5_ours/summary.json	ghost_scene31_4d8966d3_d3p5_ours	False
True	False	aeb_only	44	new60	4.0	True	True	3.4230712839968263	False	False	main650	31	395	实验记录/20260606_new90_le3_1800_inference/runs/ghost_scene31_4d8966d3_d4_aeb_only/summary.json	ghost_scene31_4d8966d3_d4_aeb_only	False
True	False	mind	44	new60	4.0	True	True	4.707628666310497	False	False	main650	31	395	实验记录/20260606_new90_le3_1800_inference/runs/ghost_scene31_4d8966d3_d4_mind/summary.json	ghost_scene31_4d8966d3_d4_mind	False
True	False	ours	44	new60	4.0	True	True	1.7669864631744403	True	False	main650	31	433	实验记录/20260606_new90_le3_1800_inference/runs/ghost_scene31_4d8966d3_d4_ours/summary.json	ghost_scene31_4d8966d3_d4_ours	False
True	False	aeb_only	44	new60	4.5	True	True	2.9037399547356584	True	False	main650	31	390	实验记录/20260606_new90_le3_1800_inference/runs/ghost_scene31_4d8966d3_d4p5_aeb_only/summary.json	ghost_scene31_4d8966d3_d4p5_aeb_only	False
True	False	mind	44	new60	4.5	True	True	4.7106459320255265	False	False	main650	31	390	实验记录/20260606_new90_le3_1800_inference/runs/ghost_scene31_4d8966d3_d4p5_mind/summary.json	ghost_scene31_4d8966d3_d4p5_mind	False
True	False	ours	44	new60	4.5	True	True	0.7475764918960675	True	False	main650	31	426	实验记录/20260606_new90_le3_1800_inference/runs/ghost_scene31_4d8966d3_d4p5_ours/summary.json	ghost_scene31_4d8966d3_d4p5_ours	False
True	False	aeb_only	44	new60	5.0	True	True	2.217869194896756	True	False	main650	31	384	实验记录/20260606_new90_le3_1800_inference/runs/ghost_scene31_4d8966d3_d5_aeb_only/summary.json	ghost_scene31_4d8966d3_d5_aeb_only	False
True	False	mind	44	new60	5.0	True	True	4.818806986112025	False	False	main650	31	384	实验记录/20260606_new90_le3_1800_inference/runs/ghost_scene31_4d8966d3_d5_mind/summary.json	ghost_scene31_4d8966d3_d5_mind	False
True	False	ours	44	new60	5.0	True	True	1.1661976799740639	True	False	main650	31	419	实验记录/20260606_new90_le3_1800_inference/runs/ghost_scene31_4d8966d3_d5_ours/summary.json	ghost_scene31_4d8966d3_d5_ours	False
True	False	aeb_only	44	new60	5.5	True	True	1.2041635479458295	True	False	main650	31	379	实验记录/20260606_new90_le3_1800_inference/runs/ghost_scene31_4d8966d3_d5p5_aeb_only/summary.json	ghost_scene31_4d8966d3_d5p5_aeb_only	False
True	False	mind	44	new60	5.5	True	True	4.846950891094723	False	False	main650	31	379	实验记录/20260606_new90_le3_1800_inference/runs/ghost_scene31_4d8966d3_d5p5_mind/summary.json	ghost_scene31_4d8966d3_d5p5_mind	False
True	True	ours	44	new60	5.5	False	True		False	False	main650	31	412	实验记录/20260606_new90_le3_1800_inference/runs/ghost_scene31_4d8966d3_d5p5_ours/summary.json	ghost_scene31_4d8966d3_d5p5_ours	False
True	False	aeb_only	45	new60	3.0	True	True	0.9956136148264835	True	False	main650	33	509	实验记录/20260606_new90_le3_1800_inference/runs/ghost_scene33_63d6281f_d3_aeb_only/summary.json	ghost_scene33_63d6281f_d3_aeb_only	False
True	False	mind	45	new60	3.0	True	True	1.8916401578841722	True	False	main650	33	509	实验记录/20260606_new90_le3_1800_inference/runs/ghost_scene33_63d6281f_d3_mind/summary.json	ghost_scene33_63d6281f_d3_mind	False
True	False	ours	45	new60	3.0	True	True	1.6047122162530745	True	False	main650	33	555	实验记录/20260606_new90_le3_1800_inference/runs/ghost_scene33_63d6281f_d3_ours/summary.json	ghost_scene33_63d6281f_d3_ours	False
True	False	aeb_only	45	new60	3.5	True	True	1.180963905174018	True	False	main650	33	496	实验记录/20260606_new90_le3_1800_inference/runs/ghost_scene33_63d6281f_d3p5_aeb_only/summary.json	ghost_scene33_63d6281f_d3p5_aeb_only	False
True	False	mind	45	new60	3.5	True	True	2.1416826535404407	True	False	main650	33	496	实验记录/20260606_new90_le3_1800_inference/runs/ghost_scene33_63d6281f_d3p5_mind/summary.json	ghost_scene33_63d6281f_d3p5_mind	False
True	False	ours	45	new60	3.5	True	True	1.4339153119528922	True	False	main650	33	539	实验记录/20260606_new90_le3_1800_inference/runs/ghost_scene33_63d6281f_d3p5_ours/summary.json	ghost_scene33_63d6281f_d3p5_ours	False
True	False	aeb_only	45	new60	4.0	True	True	0.8470039616577394	True	False	main650	33	483	实验记录/20260606_new90_le3_1800_inference/runs/ghost_scene33_63d6281f_d4_aeb_only/summary.json	ghost_scene33_63d6281f_d4_aeb_only	False
True	False	mind	45	new60	4.0	True	True	2.2757734289070144	True	False	main650	33	483	实验记录/20260606_new90_le3_1800_inference/runs/ghost_scene33_63d6281f_d4_mind/summary.json	ghost_scene33_63d6281f_d4_mind	False
True	False	ours	45	new60	4.0	True	True	0.6997039238355262	True	False	main650	33	524	实验记录/20260606_new90_le3_1800_inference/runs/ghost_scene33_63d6281f_d4_ours/summary.json	ghost_scene33_63d6281f_d4_ours	False
True	False	aeb_only	45	new60	4.5	True	True	0.03376739359301278	True	False	main650	33	471	实验记录/20260606_new90_le3_1800_inference/runs/ghost_scene33_63d6281f_d4p5_aeb_only/summary.json	ghost_scene33_63d6281f_d4p5_aeb_only	False
True	False	mind	45	new60	4.5	True	True	2.4512387746207316	True	False	main650	33	471	实验记录/20260606_new90_le3_1800_inference/runs/ghost_scene33_63d6281f_d4p5_mind/summary.json	ghost_scene33_63d6281f_d4p5_mind	False
True	False	ours	45	new60	4.5	True	True	0.7637518475021529	True	False	main650	33	509	实验记录/20260606_new90_le3_1800_inference/runs/ghost_scene33_63d6281f_d4p5_ours/summary.json	ghost_scene33_63d6281f_d4p5_ours	False
True	False	aeb_only	45	new60	5.0	True	True	0.717443585236044	True	False	main650	33	459	实验记录/20260606_new90_le3_1800_inference/runs/ghost_scene33_63d6281f_d5_aeb_only/summary.json	ghost_scene33_63d6281f_d5_aeb_only	False
True	False	mind	45	new60	5.0	True	True	2.8123286418603675	True	False	main650	33	459	实验记录/20260606_new90_le3_1800_inference/runs/ghost_scene33_63d6281f_d5_mind/summary.json	ghost_scene33_63d6281f_d5_mind	False
True	False	ours	45	new60	5.0	True	True	0.19985154442193884	True	False	main650	33	495	实验记录/20260606_new90_le3_1800_inference/runs/ghost_scene33_63d6281f_d5_ours/summary.json	ghost_scene33_63d6281f_d5_ours	False
True	False	aeb_only	45	new60	5.5	True	True	0.5485249390157818	True	False	main650	33	447	实验记录/20260606_new90_le3_1800_inference/runs/ghost_scene33_63d6281f_d5p5_aeb_only/summary.json	ghost_scene33_63d6281f_d5p5_aeb_only	False
True	False	mind	45	new60	5.5	True	True	2.896847182936525	True	False	main650	33	447	实验记录/20260606_new90_le3_1800_inference/runs/ghost_scene33_63d6281f_d5p5_mind/summary.json	ghost_scene33_63d6281f_d5p5_mind	False
True	False	ours	45	new60	5.5	True	True	0.5256067387363921	True	False	main650	33	480	实验记录/20260606_new90_le3_1800_inference/runs/ghost_scene33_63d6281f_d5p5_ours/summary.json	ghost_scene33_63d6281f_d5p5_ours	False
True	False	aeb_only	46	new60	3.0	True	True	5.177778555253805	False	False	main650	34	441	实验记录/20260606_new90_le3_1800_inference/runs/ghost_scene34_53a4d867_d3_aeb_only/summary.json	ghost_scene34_53a4d867_d3_aeb_only	False
True	False	mind	46	new60	3.0	True	True	5.177778555253805	False	False	main650	34	441	实验记录/20260606_new90_le3_1800_inference/runs/ghost_scene34_53a4d867_d3_mind/summary.json	ghost_scene34_53a4d867_d3_mind	False
True	False	ours	46	new60	3.0	True	True	1.916569772997582	True	False	h800	34	645	实验记录/20260607_new90_clean70_h800_late_or_unspawned_30workers/runs/ghost_scene34_53a4d867_d3_ours/summary.json	ghost_scene34_53a4d867_d3_ours	False
True	False	aeb_only	46	new60	3.5	True	True	4.7427543039010756	False	False	main650	34	436	实验记录/20260606_new90_le3_1800_inference/runs/ghost_scene34_53a4d867_d3p5_aeb_only/summary.json	ghost_scene34_53a4d867_d3p5_aeb_only	False
True	False	mind	46	new60	3.5	True	True	5.190179413756715	False	False	main650	34	436	实验记录/20260606_new90_le3_1800_inference/runs/ghost_scene34_53a4d867_d3p5_mind/summary.json	ghost_scene34_53a4d867_d3p5_mind	False
True	False	ours	46	new60	3.5	True	True	0.05415842963606042	True	False	h800	34	635	实验记录/20260607_new90_clean70_h800_late_or_unspawned_30workers/runs/ghost_scene34_53a4d867_d3p5_ours/summary.json	ghost_scene34_53a4d867_d3p5_ours	False
True	False	aeb_only	46	new60	4.0	True	True	4.214895344586735	False	False	main650	34	432	实验记录/20260606_new90_le3_1800_inference/runs/ghost_scene34_53a4d867_d4_aeb_only/summary.json	ghost_scene34_53a4d867_d4_aeb_only	False
True	False	mind	46	new60	4.0	True	True	5.196703690560938	False	False	main650	34	432	实验记录/20260606_new90_le3_1800_inference/runs/ghost_scene34_53a4d867_d4_mind/summary.json	ghost_scene34_53a4d867_d4_mind	False
True	False	ours	46	new60	4.0	True	True	0.779296628502454	True	False	h800	34	625	实验记录/20260607_new90_clean70_h800_late_or_unspawned_30workers/runs/ghost_scene34_53a4d867_d4_ours/summary.json	ghost_scene34_53a4d867_d4_ours	False
True	False	aeb_only	46	new60	4.5	True	True	3.6861599289654823	False	False	main650	34	427	实验记录/20260606_new90_le3_1800_inference/runs/ghost_scene34_53a4d867_d4p5_aeb_only/summary.json	ghost_scene34_53a4d867_d4p5_aeb_only	False
True	False	mind	46	new60	4.5	True	True	5.232222093680727	False	False	main650	34	427	实验记录/20260606_new90_le3_1800_inference/runs/ghost_scene34_53a4d867_d4p5_mind/summary.json	ghost_scene34_53a4d867_d4p5_mind	False
False	False	ours	46	new60	4.5	False	True		True	True	h800	34	615	实验记录/20260607_new90_clean70_h800_late_or_unspawned_30workers/runs/ghost_scene34_53a4d867_d4p5_ours/summary.json	ghost_scene34_53a4d867_d4p5_ours	True
True	False	aeb_only	46	new60	5.0	True	True	2.9966428229485143	True	False	main650	34	422	实验记录/20260606_new90_le3_1800_inference/runs/ghost_scene34_53a4d867_d5_aeb_only/summary.json	ghost_scene34_53a4d867_d5_aeb_only	False
True	False	mind	46	new60	5.0	True	True	5.175162288256092	False	False	main650	34	422	实验记录/20260606_new90_le3_1800_inference/runs/ghost_scene34_53a4d867_d5_mind/summary.json	ghost_scene34_53a4d867_d5_mind	False
False	False	ours	46	new60	5.0	False	True		True	True	h800	34	603	实验记录/20260607_new90_clean70_h800_late_or_unspawned_30workers/runs/ghost_scene34_53a4d867_d5_ours/summary.json	ghost_scene34_53a4d867_d5_ours	True
True	False	aeb_only	46	new60	5.5	True	True	2.1461864714756995	True	False	main650	34	417	实验记录/20260606_new90_le3_1800_inference/runs/ghost_scene34_53a4d867_d5p5_aeb_only/summary.json	ghost_scene34_53a4d867_d5p5_aeb_only	False
True	False	mind	46	new60	5.5	True	True	5.2285064323387775	False	False	main650	34	417	实验记录/20260606_new90_le3_1800_inference/runs/ghost_scene34_53a4d867_d5p5_mind/summary.json	ghost_scene34_53a4d867_d5p5_mind	False
True	False	ours	46	new60	5.5	True	True	1.6277923864040762	True	False	h800	34	592	实验记录/20260607_new90_clean70_h800_late_or_unspawned_30workers/runs/ghost_scene34_53a4d867_d5p5_ours/summary.json	ghost_scene34_53a4d867_d5p5_ours	False
True	False	aeb_only	47	new60	3.0	True	True	7.414288952654627	False	False	main650	35	508	实验记录/20260606_new90_le3_1800_inference/runs/ghost_scene35_60c4bcda_d3_aeb_only/summary.json	ghost_scene35_60c4bcda_d3_aeb_only	False
True	False	mind	47	new60	3.0	True	True	7.4983093045216265	False	False	main650	35	508	实验记录/20260606_new90_le3_1800_inference/runs/ghost_scene35_60c4bcda_d3_mind/summary.json	ghost_scene35_60c4bcda_d3_mind	False
True	False	ours	47	new60	3.0	True	True	4.2121128073954734	False	False	main650	35	592	实验记录/20260606_new90_le3_1800_inference/runs/ghost_scene35_60c4bcda_d3_ours/summary.json	ghost_scene35_60c4bcda_d3_ours	False
True	False	aeb_only	47	new60	3.5	True	True	6.9926408448723185	False	False	main650	35	505	实验记录/20260606_new90_le3_1800_inference/runs/ghost_scene35_60c4bcda_d3p5_aeb_only/summary.json	ghost_scene35_60c4bcda_d3p5_aeb_only	False
True	False	mind	47	new60	3.5	True	True	7.4983093045216265	False	False	main650	35	505	实验记录/20260606_new90_le3_1800_inference/runs/ghost_scene35_60c4bcda_d3p5_mind/summary.json	ghost_scene35_60c4bcda_d3p5_mind	False
True	False	ours	47	new60	3.5	True	True	3.8301522796822747	False	False	main650	35	586	实验记录/20260606_new90_le3_1800_inference/runs/ghost_scene35_60c4bcda_d3p5_ours/summary.json	ghost_scene35_60c4bcda_d3p5_ours	False
True	False	aeb_only	47	new60	4.0	True	True	6.9926408448723185	False	False	main650	35	502	实验记录/20260606_new90_le3_1800_inference/runs/ghost_scene35_60c4bcda_d4_aeb_only/summary.json	ghost_scene35_60c4bcda_d4_aeb_only	False
True	False	mind	47	new60	4.0	True	True	7.4983093045216265	False	False	main650	35	502	实验记录/20260606_new90_le3_1800_inference/runs/ghost_scene35_60c4bcda_d4_mind/summary.json	ghost_scene35_60c4bcda_d4_mind	False
True	False	ours	47	new60	4.0	True	True	2.835790652077243	True	False	main650	35	580	实验记录/20260606_new90_le3_1800_inference/runs/ghost_scene35_60c4bcda_d4_ours/summary.json	ghost_scene35_60c4bcda_d4_ours	False
True	False	aeb_only	47	new60	4.5	True	True	6.569253108649701	False	False	main650	35	498	实验记录/20260606_new90_le3_1800_inference/runs/ghost_scene35_60c4bcda_d4p5_aeb_only/summary.json	ghost_scene35_60c4bcda_d4p5_aeb_only	False
True	False	mind	47	new60	4.5	True	True	7.491203236753458	False	False	main650	35	498	实验记录/20260606_new90_le3_1800_inference/runs/ghost_scene35_60c4bcda_d4p5_mind/summary.json	ghost_scene35_60c4bcda_d4p5_mind	False
True	False	ours	47	new60	4.5	True	True	2.236205637324262	True	False	main650	35	575	实验记录/20260606_new90_le3_1800_inference/runs/ghost_scene35_60c4bcda_d4p5_ours/summary.json	ghost_scene35_60c4bcda_d4p5_ours	False
True	False	aeb_only	47	new60	5.0	True	True	6.068671965549407	False	False	main650	35	495	实验记录/20260606_new90_le3_1800_inference/runs/ghost_scene35_60c4bcda_d5_aeb_only/summary.json	ghost_scene35_60c4bcda_d5_aeb_only	False
True	False	mind	47	new60	5.0	True	True	7.491943574045327	False	False	main650	35	495	实验记录/20260606_new90_le3_1800_inference/runs/ghost_scene35_60c4bcda_d5_mind/summary.json	ghost_scene35_60c4bcda_d5_mind	False
True	False	ours	47	new60	5.0	True	True	1.3934482908664254	True	False	main650	35	569	实验记录/20260606_new90_le3_1800_inference/runs/ghost_scene35_60c4bcda_d5_ours/summary.json	ghost_scene35_60c4bcda_d5_ours	False
True	False	aeb_only	47	new60	5.5	True	True	6.068671965549407	False	False	main650	35	491	实验记录/20260606_new90_le3_1800_inference/runs/ghost_scene35_60c4bcda_d5p5_aeb_only/summary.json	ghost_scene35_60c4bcda_d5p5_aeb_only	False
True	False	mind	47	new60	5.5	True	True	7.491943574045327	False	False	main650	35	491	实验记录/20260606_new90_le3_1800_inference/runs/ghost_scene35_60c4bcda_d5p5_mind/summary.json	ghost_scene35_60c4bcda_d5p5_mind	False
False	False	ours	47	new60	5.5	False	True		True	True	main650	35	563	实验记录/20260606_new90_le3_1800_inference/runs/ghost_scene35_60c4bcda_d5p5_ours/summary.json	ghost_scene35_60c4bcda_d5p5_ours	True
True	False	aeb_only	48	new60	3.0	True	True	7.9324023717769165	False	False	main650	36	412	实验记录/20260606_new90_le3_1800_inference/runs/ghost_scene36_4d7bc6d8_d3_aeb_only/summary.json	ghost_scene36_4d7bc6d8_d3_aeb_only	False
True	False	mind	48	new60	3.0	True	True	7.9324023717769165	False	False	main650	36	412	实验记录/20260606_new90_le3_1800_inference/runs/ghost_scene36_4d7bc6d8_d3_mind/summary.json	ghost_scene36_4d7bc6d8_d3_mind	False
True	False	ours	48	new60	3.0	True	True	4.621432706019837	False	False	main650	36	509	实验记录/20260606_new90_le3_1800_inference/runs/ghost_scene36_4d7bc6d8_d3_ours/summary.json	ghost_scene36_4d7bc6d8_d3_ours	False
True	False	aeb_only	48	new60	3.5	True	True	7.5486863214625455	False	False	main650	36	409	实验记录/20260606_new90_le3_1800_inference/runs/ghost_scene36_4d7bc6d8_d3p5_aeb_only/summary.json	ghost_scene36_4d7bc6d8_d3p5_aeb_only	False
True	False	mind	48	new60	3.5	True	True	7.933502545267355	False	False	main650	36	409	实验记录/20260606_new90_le3_1800_inference/runs/ghost_scene36_4d7bc6d8_d3p5_mind/summary.json	ghost_scene36_4d7bc6d8_d3p5_mind	False
True	False	ours	48	new60	3.5	True	True	4.218627672005337	False	False	main650	36	504	实验记录/20260606_new90_le3_1800_inference/runs/ghost_scene36_4d7bc6d8_d3p5_ours/summary.json	ghost_scene36_4d7bc6d8_d3p5_ours	False
True	False	aeb_only	48	new60	4.0	True	True	7.5486863214625455	False	False	main650	36	406	实验记录/20260606_new90_le3_1800_inference/runs/ghost_scene36_4d7bc6d8_d4_aeb_only/summary.json	ghost_scene36_4d7bc6d8_d4_aeb_only	False
True	False	mind	48	new60	4.0	True	True	7.933502545267355	False	False	main650	36	406	实验记录/20260606_new90_le3_1800_inference/runs/ghost_scene36_4d7bc6d8_d4_mind/summary.json	ghost_scene36_4d7bc6d8_d4_mind	False
True	False	ours	48	new60	4.0	True	True	3.6556370192108334	False	False	main650	36	499	实验记录/20260606_new90_le3_1800_inference/runs/ghost_scene36_4d7bc6d8_d4_ours/summary.json	ghost_scene36_4d7bc6d8_d4_ours	False
True	False	aeb_only	48	new60	4.5	True	True	7.163472188453359	False	False	main650	36	403	实验记录/20260606_new90_le3_1800_inference/runs/ghost_scene36_4d7bc6d8_d4p5_aeb_only/summary.json	ghost_scene36_4d7bc6d8_d4p5_aeb_only	False
True	False	mind	48	new60	4.5	True	True	7.9365901376691195	False	False	main650	36	403	实验记录/20260606_new90_le3_1800_inference/runs/ghost_scene36_4d7bc6d8_d4p5_mind/summary.json	ghost_scene36_4d7bc6d8_d4p5_mind	False
True	False	ours	48	new60	4.5	True	True	3.1729006047347497	False	False	main650	36	494	实验记录/20260606_new90_le3_1800_inference/runs/ghost_scene36_4d7bc6d8_d4p5_ours/summary.json	ghost_scene36_4d7bc6d8_d4p5_ours	False
True	False	aeb_only	48	new60	5.0	True	True	6.693618452686558	False	False	main650	36	400	实验记录/20260606_new90_le3_1800_inference/runs/ghost_scene36_4d7bc6d8_d5_aeb_only/summary.json	ghost_scene36_4d7bc6d8_d5_aeb_only	False
True	False	mind	48	new60	5.0	True	True	7.938547314414421	False	False	main650	36	400	实验记录/20260606_new90_le3_1800_inference/runs/ghost_scene36_4d7bc6d8_d5_mind/summary.json	ghost_scene36_4d7bc6d8_d5_mind	False
True	False	ours	48	new60	5.0	True	True	2.449528723597747	True	False	main650	36	489	实验记录/20260606_new90_le3_1800_inference/runs/ghost_scene36_4d7bc6d8_d5_ours/summary.json	ghost_scene36_4d7bc6d8_d5_ours	False
True	False	aeb_only	48	new60	5.5	True	True	6.693618452686558	False	False	main650	36	397	实验记录/20260606_new90_le3_1800_inference/runs/ghost_scene36_4d7bc6d8_d5p5_aeb_only/summary.json	ghost_scene36_4d7bc6d8_d5p5_aeb_only	False
True	False	mind	48	new60	5.5	True	True	7.938547314414421	False	False	main650	36	397	实验记录/20260606_new90_le3_1800_inference/runs/ghost_scene36_4d7bc6d8_d5p5_mind/summary.json	ghost_scene36_4d7bc6d8_d5p5_mind	False
True	False	ours	48	new60	5.5	True	True	1.4862681066939842	True	False	main650	36	483	实验记录/20260606_new90_le3_1800_inference/runs/ghost_scene36_4d7bc6d8_d5p5_ours/summary.json	ghost_scene36_4d7bc6d8_d5p5_ours	False
True	False	aeb_only	49	new60	3.0	True	True	3.0177612171861834	False	False	main650	37	371	实验记录/20260606_new90_le3_1800_inference/runs/ghost_scene37_abf2b022_d3_aeb_only/summary.json	ghost_scene37_abf2b022_d3_aeb_only	False
True	False	mind	49	new60	3.0	True	True	3.226768930178354	False	False	main650	37	371	实验记录/20260606_new90_le3_1800_inference/runs/ghost_scene37_abf2b022_d3_mind/summary.json	ghost_scene37_abf2b022_d3_mind	False
True	False	ours	49	new60	3.0	True	True	1.7596502377229837	True	False	main650	37	380	实验记录/20260606_new90_le3_1800_inference/runs/ghost_scene37_abf2b022_d3_ours/summary.json	ghost_scene37_abf2b022_d3_ours	False
True	False	aeb_only	49	new60	3.5	True	True	1.8438585757434889	True	False	main650	37	362	实验记录/20260606_new90_le3_1800_inference/runs/ghost_scene37_abf2b022_d3p5_aeb_only/summary.json	ghost_scene37_abf2b022_d3p5_aeb_only	False
True	False	mind	49	new60	3.5	True	True	3.2454129876155227	False	False	main650	37	362	实验记录/20260606_new90_le3_1800_inference/runs/ghost_scene37_abf2b022_d3p5_mind/summary.json	ghost_scene37_abf2b022_d3p5_mind	False
True	False	ours	49	new60	3.5	True	True	0.20323150046345484	True	False	main650	37	369	实验记录/20260606_new90_le3_1800_inference/runs/ghost_scene37_abf2b022_d3p5_ours/summary.json	ghost_scene37_abf2b022_d3p5_ours	False
True	False	aeb_only	49	new60	4.0	True	True	0.6653719817687302	True	False	main650	37	352	实验记录/20260606_new90_le3_1800_inference/runs/ghost_scene37_abf2b022_d4_aeb_only/summary.json	ghost_scene37_abf2b022_d4_aeb_only	False
True	False	mind	49	new60	4.0	True	True	3.319644301731636	False	False	main650	37	352	实验记录/20260606_new90_le3_1800_inference/runs/ghost_scene37_abf2b022_d4_mind/summary.json	ghost_scene37_abf2b022_d4_mind	False
True	False	ours	49	new60	4.0	True	True	0.8388507006920711	True	False	main650	37	358	实验记录/20260606_new90_le3_1800_inference/runs/ghost_scene37_abf2b022_d4_ours/summary.json	ghost_scene37_abf2b022_d4_ours	False
True	False	aeb_only	49	new60	4.5	True	True	0.8013582419651507	True	False	main650	37	343	实验记录/20260606_new90_le3_1800_inference/runs/ghost_scene37_abf2b022_d4p5_aeb_only/summary.json	ghost_scene37_abf2b022_d4p5_aeb_only	False
True	False	mind	49	new60	4.5	True	True	3.172956399715777	False	False	main650	37	343	实验记录/20260606_new90_le3_1800_inference/runs/ghost_scene37_abf2b022_d4p5_mind/summary.json	ghost_scene37_abf2b022_d4p5_mind	False
True	False	ours	49	new60	4.5	True	True	1.0162134893070505	True	False	main650	37	346	实验记录/20260606_new90_le3_1800_inference/runs/ghost_scene37_abf2b022_d4p5_ours/summary.json	ghost_scene37_abf2b022_d4p5_ours	False
True	False	aeb_only	49	new60	5.0	True	True	1.0775787605328084	True	False	main650	37	332	实验记录/20260606_new90_le3_1800_inference/runs/ghost_scene37_abf2b022_d5_aeb_only/summary.json	ghost_scene37_abf2b022_d5_aeb_only	False
True	False	mind	49	new60	5.0	True	True	3.499407389785588	False	False	main650	37	332	实验记录/20260606_new90_le3_1800_inference/runs/ghost_scene37_abf2b022_d5_mind/summary.json	ghost_scene37_abf2b022_d5_mind	False
True	False	ours	49	new60	5.0	True	True	1.007047920987652	True	False	main650	37	334	实验记录/20260606_new90_le3_1800_inference/runs/ghost_scene37_abf2b022_d5_ours/summary.json	ghost_scene37_abf2b022_d5_ours	False
True	False	aeb_only	49	new60	5.5	True	True	0.9916804283962272	True	False	main650	37	321	实验记录/20260606_new90_le3_1800_inference/runs/ghost_scene37_abf2b022_d5p5_aeb_only/summary.json	ghost_scene37_abf2b022_d5p5_aeb_only	False
True	False	mind	49	new60	5.5	True	True	3.542814751259716	False	False	main650	37	321	实验记录/20260606_new90_le3_1800_inference/runs/ghost_scene37_abf2b022_d5p5_mind/summary.json	ghost_scene37_abf2b022_d5p5_mind	False
True	False	ours	49	new60	5.5	True	True	0.9373214742831358	True	False	main650	37	322	实验记录/20260606_new90_le3_1800_inference/runs/ghost_scene37_abf2b022_d5p5_ours/summary.json	ghost_scene37_abf2b022_d5p5_ours	False
True	False	aeb_only	50	new60	3.0	True	True	7.835890461044525	False	False	main650	39	465	实验记录/20260606_new90_le3_1800_inference/runs/ghost_scene39_85bfe163_d3_aeb_only/summary.json	ghost_scene39_85bfe163_d3_aeb_only	False
True	False	mind	50	new60	3.0	True	True	7.994324850146691	False	False	main650	39	465	实验记录/20260606_new90_le3_1800_inference/runs/ghost_scene39_85bfe163_d3_mind/summary.json	ghost_scene39_85bfe163_d3_mind	False
True	False	ours	50	new60	3.0	True	True	4.139093036777349	False	False	main650	39	565	实验记录/20260606_new90_le3_1800_inference/runs/ghost_scene39_85bfe163_d3_ours/summary.json	ghost_scene39_85bfe163_d3_ours	False
True	False	aeb_only	50	new60	3.5	True	True	7.835890461044525	False	False	main650	39	462	实验记录/20260606_new90_le3_1800_inference/runs/ghost_scene39_85bfe163_d3p5_aeb_only/summary.json	ghost_scene39_85bfe163_d3p5_aeb_only	False
True	False	mind	50	new60	3.5	True	True	7.994324850146691	False	False	main650	39	462	实验记录/20260606_new90_le3_1800_inference/runs/ghost_scene39_85bfe163_d3p5_mind/summary.json	ghost_scene39_85bfe163_d3p5_mind	False
True	False	ours	50	new60	3.5	True	True	3.7485171222028866	False	False	main650	39	559	实验记录/20260606_new90_le3_1800_inference/runs/ghost_scene39_85bfe163_d3p5_ours/summary.json	ghost_scene39_85bfe163_d3p5_ours	False
True	False	aeb_only	50	new60	4.0	True	True	7.439638206758008	False	False	main650	39	459	实验记录/20260606_new90_le3_1800_inference/runs/ghost_scene39_85bfe163_d4_aeb_only/summary.json	ghost_scene39_85bfe163_d4_aeb_only	False
True	False	mind	50	new60	4.0	True	True	7.998624933175355	False	False	main650	39	459	实验记录/20260606_new90_le3_1800_inference/runs/ghost_scene39_85bfe163_d4_mind/summary.json	ghost_scene39_85bfe163_d4_mind	False
True	False	ours	50	new60	4.0	True	True	3.2057968705499293	False	False	main650	39	553	实验记录/20260606_new90_le3_1800_inference/runs/ghost_scene39_85bfe163_d4_ours/summary.json	ghost_scene39_85bfe163_d4_ours	False
True	False	aeb_only	50	new60	4.5	True	True	7.439638206758008	False	False	main650	39	456	实验记录/20260606_new90_le3_1800_inference/runs/ghost_scene39_85bfe163_d4p5_aeb_only/summary.json	ghost_scene39_85bfe163_d4p5_aeb_only	False
True	False	mind	50	new60	4.5	True	True	7.998624933175355	False	False	main650	39	456	实验记录/20260606_new90_le3_1800_inference/runs/ghost_scene39_85bfe163_d4p5_mind/summary.json	ghost_scene39_85bfe163_d4p5_mind	False
True	False	ours	50	new60	4.5	True	True	2.663838532785335	True	False	main650	39	548	实验记录/20260606_new90_le3_1800_inference/runs/ghost_scene39_85bfe163_d4p5_ours/summary.json	ghost_scene39_85bfe163_d4p5_ours	False
True	False	aeb_only	50	new60	5.0	True	True	6.963313811169508	False	False	main650	39	452	实验记录/20260606_new90_le3_1800_inference/runs/ghost_scene39_85bfe163_d5_aeb_only/summary.json	ghost_scene39_85bfe163_d5_aeb_only	False
True	False	mind	50	new60	5.0	True	True	7.998280509732916	False	False	main650	39	452	实验记录/20260606_new90_le3_1800_inference/runs/ghost_scene39_85bfe163_d5_mind/summary.json	ghost_scene39_85bfe163_d5_mind	False
True	False	ours	50	new60	5.0	True	True	1.9603329307090576	True	False	main650	39	542	实验记录/20260606_new90_le3_1800_inference/runs/ghost_scene39_85bfe163_d5_ours/summary.json	ghost_scene39_85bfe163_d5_ours	False
True	False	aeb_only	50	new60	5.5	True	True	6.487163603158278	False	False	main650	39	449	实验记录/20260606_new90_le3_1800_inference/runs/ghost_scene39_85bfe163_d5p5_aeb_only/summary.json	ghost_scene39_85bfe163_d5p5_aeb_only	False
True	False	mind	50	new60	5.5	True	True	8.012446166585205	False	False	main650	39	449	实验记录/20260606_new90_le3_1800_inference/runs/ghost_scene39_85bfe163_d5p5_mind/summary.json	ghost_scene39_85bfe163_d5p5_mind	False
True	False	ours	50	new60	5.5	True	True	0.6924181495644102	True	False	main650	39	537	实验记录/20260606_new90_le3_1800_inference/runs/ghost_scene39_85bfe163_d5p5_ours/summary.json	ghost_scene39_85bfe163_d5p5_ours	False
True	False	aeb_only	51	new60	3.0	True	True	7.714477950922399	False	False	main650	40	388	实验记录/20260606_new90_le3_1800_inference/runs/ghost_scene40_825555a9_d3_aeb_only/summary.json	ghost_scene40_825555a9_d3_aeb_only	False
True	False	mind	51	new60	3.0	True	True	7.714477950922399	False	False	main650	40	388	实验记录/20260606_new90_le3_1800_inference/runs/ghost_scene40_825555a9_d3_mind/summary.json	ghost_scene40_825555a9_d3_mind	False
True	False	ours	51	new60	3.0	True	True	4.144496855172012	False	False	main650	40	501	实验记录/20260606_new90_le3_1800_inference/runs/ghost_scene40_825555a9_d3_ours/summary.json	ghost_scene40_825555a9_d3_ours	False
True	False	aeb_only	51	new60	3.5	True	True	7.329554326213611	False	False	main650	40	384	实验记录/20260606_new90_le3_1800_inference/runs/ghost_scene40_825555a9_d3p5_aeb_only/summary.json	ghost_scene40_825555a9_d3p5_aeb_only	False
True	False	mind	51	new60	3.5	True	True	7.714477950922399	False	False	main650	40	384	实验记录/20260606_new90_le3_1800_inference/runs/ghost_scene40_825555a9_d3p5_mind/summary.json	ghost_scene40_825555a9_d3p5_mind	False
True	False	ours	51	new60	3.5	True	True	3.183212690145557	False	False	main650	40	495	实验记录/20260606_new90_le3_1800_inference/runs/ghost_scene40_825555a9_d3p5_ours/summary.json	ghost_scene40_825555a9_d3p5_ours	False
True	False	aeb_only	51	new60	4.0	True	True	7.329554326213611	False	False	main650	40	381	实验记录/20260606_new90_le3_1800_inference/runs/ghost_scene40_825555a9_d4_aeb_only/summary.json	ghost_scene40_825555a9_d4_aeb_only	False
True	False	mind	51	new60	4.0	True	True	7.714477950922399	False	False	main650	40	381	实验记录/20260606_new90_le3_1800_inference/runs/ghost_scene40_825555a9_d4_mind/summary.json	ghost_scene40_825555a9_d4_mind	False
True	False	ours	51	new60	4.0	True	True	2.70275965307314	True	False	main650	40	489	实验记录/20260606_new90_le3_1800_inference/runs/ghost_scene40_825555a9_d4_ours/summary.json	ghost_scene40_825555a9_d4_ours	False
True	False	aeb_only	51	new60	4.5	True	True	6.866806873573728	False	False	main650	40	378	实验记录/20260606_new90_le3_1800_inference/runs/ghost_scene40_825555a9_d4p5_aeb_only/summary.json	ghost_scene40_825555a9_d4p5_aeb_only	False
True	False	mind	51	new60	4.5	True	True	7.727430712383946	False	False	main650	40	378	实验记录/20260606_new90_le3_1800_inference/runs/ghost_scene40_825555a9_d4p5_mind/summary.json	ghost_scene40_825555a9_d4p5_mind	False
True	False	ours	51	new60	4.5	True	True	1.9825559439855587	True	False	main650	40	483	实验记录/20260606_new90_le3_1800_inference/runs/ghost_scene40_825555a9_d4p5_ours/summary.json	ghost_scene40_825555a9_d4p5_ours	False
True	False	aeb_only	51	new60	5.0	True	True	6.478977075477196	False	False	main650	40	375	实验记录/20260606_new90_le3_1800_inference/runs/ghost_scene40_825555a9_d5_aeb_only/summary.json	ghost_scene40_825555a9_d5_aeb_only	False
True	False	mind	51	new60	5.0	True	True	7.74633595581741	False	False	main650	40	375	实验记录/20260606_new90_le3_1800_inference/runs/ghost_scene40_825555a9_d5_mind/summary.json	ghost_scene40_825555a9_d5_mind	False
True	False	ours	51	new60	5.0	True	True	0.8627957874209902	True	False	main650	40	477	实验记录/20260606_new90_le3_1800_inference/runs/ghost_scene40_825555a9_d5_ours/summary.json	ghost_scene40_825555a9_d5_ours	False
True	False	aeb_only	51	new60	5.5	True	True	6.478977075477196	False	False	main650	40	372	实验记录/20260606_new90_le3_1800_inference/runs/ghost_scene40_825555a9_d5p5_aeb_only/summary.json	ghost_scene40_825555a9_d5p5_aeb_only	False
True	False	mind	51	new60	5.5	True	True	7.74633595581741	False	False	main650	40	372	实验记录/20260606_new90_le3_1800_inference/runs/ghost_scene40_825555a9_d5p5_mind/summary.json	ghost_scene40_825555a9_d5p5_mind	False
False	False	ours	51	new60	5.5	False	True		True	True	main650	40	471	实验记录/20260606_new90_le3_1800_inference/runs/ghost_scene40_825555a9_d5p5_ours/summary.json	ghost_scene40_825555a9_d5p5_ours	True
True	False	aeb_only	52	new60	3.0	True	True	6.403781612730201	False	False	main650	41	476	实验记录/20260606_new90_le3_1800_inference/runs/ghost_scene41_fe6347da_d3_aeb_only/summary.json	ghost_scene41_fe6347da_d3_aeb_only	False
True	False	mind	52	new60	3.0	True	True	6.403781612730201	False	False	main650	41	476	实验记录/20260606_new90_le3_1800_inference/runs/ghost_scene41_fe6347da_d3_mind/summary.json	ghost_scene41_fe6347da_d3_mind	False
True	False	ours	52	new60	3.0	True	True	3.3804290203556073	False	False	main650	41	622	实验记录/20260606_new90_le3_1800_inference/runs/ghost_scene41_fe6347da_d3_ours/summary.json	ghost_scene41_fe6347da_d3_ours	False
True	False	aeb_only	52	new60	3.5	True	True	6.145178826545257	False	False	main650	41	472	实验记录/20260606_new90_le3_1800_inference/runs/ghost_scene41_fe6347da_d3p5_aeb_only/summary.json	ghost_scene41_fe6347da_d3p5_aeb_only	False
True	False	mind	52	new60	3.5	True	True	6.413612488618293	False	False	main650	41	472	实验记录/20260606_new90_le3_1800_inference/runs/ghost_scene41_fe6347da_d3p5_mind/summary.json	ghost_scene41_fe6347da_d3p5_mind	False
True	False	ours	52	new60	3.5	True	True	2.4428793482179687	True	False	main650	41	615	实验记录/20260606_new90_le3_1800_inference/runs/ghost_scene41_fe6347da_d3p5_ours/summary.json	ghost_scene41_fe6347da_d3p5_ours	False
True	False	aeb_only	52	new60	4.0	True	True	5.811181879596106	False	False	main650	41	468	实验记录/20260606_new90_le3_1800_inference/runs/ghost_scene41_fe6347da_d4_aeb_only/summary.json	ghost_scene41_fe6347da_d4_aeb_only	False
True	False	mind	52	new60	4.0	True	True	6.432541249059653	False	False	main650	41	468	实验记录/20260606_new90_le3_1800_inference/runs/ghost_scene41_fe6347da_d4_mind/summary.json	ghost_scene41_fe6347da_d4_mind	False
True	False	ours	52	new60	4.0	True	True	1.8984714639991815	True	False	main650	41	608	实验记录/20260606_new90_le3_1800_inference/runs/ghost_scene41_fe6347da_d4_ours/summary.json	ghost_scene41_fe6347da_d4_ours	False
True	False	aeb_only	52	new60	4.5	True	True	5.383646948548648	False	False	main650	41	464	实验记录/20260606_new90_le3_1800_inference/runs/ghost_scene41_fe6347da_d4p5_aeb_only/summary.json	ghost_scene41_fe6347da_d4p5_aeb_only	False
True	False	mind	52	new60	4.5	True	True	6.447551691062197	False	False	main650	41	464	实验记录/20260606_new90_le3_1800_inference/runs/ghost_scene41_fe6347da_d4p5_mind/summary.json	ghost_scene41_fe6347da_d4p5_mind	False
True	False	ours	52	new60	4.5	True	True	0.9630507031621615	True	False	main650	41	601	实验记录/20260606_new90_le3_1800_inference/runs/ghost_scene41_fe6347da_d4p5_ours/summary.json	ghost_scene41_fe6347da_d4p5_ours	False
True	False	aeb_only	52	new60	5.0	True	True	5.383646948548648	False	False	main650	41	461	实验记录/20260606_new90_le3_1800_inference/runs/ghost_scene41_fe6347da_d5_aeb_only/summary.json	ghost_scene41_fe6347da_d5_aeb_only	False
True	False	mind	52	new60	5.0	True	True	6.447551691062197	False	False	main650	41	461	实验记录/20260606_new90_le3_1800_inference/runs/ghost_scene41_fe6347da_d5_mind/summary.json	ghost_scene41_fe6347da_d5_mind	False
False	False	ours	52	new60	5.0	False	True		True	True	h800	41	594	实验记录/20260607_new90_clean70_h800_late_or_unspawned_30workers/runs/ghost_scene41_fe6347da_d5_ours/summary.json	ghost_scene41_fe6347da_d5_ours	True
True	False	aeb_only	52	new60	5.5	True	True	4.949148205272729	False	False	main650	41	457	实验记录/20260606_new90_le3_1800_inference/runs/ghost_scene41_fe6347da_d5p5_aeb_only/summary.json	ghost_scene41_fe6347da_d5p5_aeb_only	False
True	False	mind	52	new60	5.5	True	True	6.473500930692859	False	False	main650	41	457	实验记录/20260606_new90_le3_1800_inference/runs/ghost_scene41_fe6347da_d5p5_mind/summary.json	ghost_scene41_fe6347da_d5p5_mind	False
False	False	ours	52	new60	5.5	False	True		True	True	h800	41	587	实验记录/20260607_new90_clean70_h800_late_or_unspawned_30workers/runs/ghost_scene41_fe6347da_d5p5_ours/summary.json	ghost_scene41_fe6347da_d5p5_ours	True
True	False	aeb_only	53	new60	3.0	True	True	6.05203184806335	False	False	main650	43	487	实验记录/20260606_new90_le3_1800_inference/runs/ghost_scene43_1fcf34b1_d3_aeb_only/summary.json	ghost_scene43_1fcf34b1_d3_aeb_only	False
True	False	mind	53	new60	3.0	True	True	6.05203184806335	False	False	main650	43	487	实验记录/20260606_new90_le3_1800_inference/runs/ghost_scene43_1fcf34b1_d3_mind/summary.json	ghost_scene43_1fcf34b1_d3_mind	False
True	False	ours	53	new60	3.0	True	True	2.8411893013048934	True	False	main650	43	625	实验记录/20260606_new90_le3_1800_inference/runs/ghost_scene43_1fcf34b1_d3_ours/summary.json	ghost_scene43_1fcf34b1_d3_ours	False
True	False	aeb_only	53	new60	3.5	True	True	5.647035071529815	False	False	main650	43	483	实验记录/20260606_new90_le3_1800_inference/runs/ghost_scene43_1fcf34b1_d3p5_aeb_only/summary.json	ghost_scene43_1fcf34b1_d3p5_aeb_only	False
True	False	mind	53	new60	3.5	True	True	6.050359127455519	False	False	main650	43	483	实验记录/20260606_new90_le3_1800_inference/runs/ghost_scene43_1fcf34b1_d3p5_mind/summary.json	ghost_scene43_1fcf34b1_d3p5_mind	False
True	False	ours	53	new60	3.5	True	True	2.3585207284425986	True	False	main650	43	618	实验记录/20260606_new90_le3_1800_inference/runs/ghost_scene43_1fcf34b1_d3p5_ours/summary.json	ghost_scene43_1fcf34b1_d3p5_ours	False
True	False	aeb_only	53	new60	4.0	True	True	5.156414787280851	False	False	main650	43	479	实验记录/20260606_new90_le3_1800_inference/runs/ghost_scene43_1fcf34b1_d4_aeb_only/summary.json	ghost_scene43_1fcf34b1_d4_aeb_only	False
True	False	mind	53	new60	4.0	True	True	6.058159994303932	False	False	main650	43	479	实验记录/20260606_new90_le3_1800_inference/runs/ghost_scene43_1fcf34b1_d4_mind/summary.json	ghost_scene43_1fcf34b1_d4_mind	False
True	False	ours	53	new60	4.0	True	True	0.6754629653821832	True	False	main650	43	610	实验记录/20260606_new90_le3_1800_inference/runs/ghost_scene43_1fcf34b1_d4_ours/summary.json	ghost_scene43_1fcf34b1_d4_ours	False
True	False	aeb_only	53	new60	4.5	True	True	4.660075587969289	False	False	main650	43	475	实验记录/20260606_new90_le3_1800_inference/runs/ghost_scene43_1fcf34b1_d4p5_aeb_only/summary.json	ghost_scene43_1fcf34b1_d4p5_aeb_only	False
True	False	mind	53	new60	4.5	True	True	6.070133921792768	False	False	main650	43	475	实验记录/20260606_new90_le3_1800_inference/runs/ghost_scene43_1fcf34b1_d4p5_mind/summary.json	ghost_scene43_1fcf34b1_d4p5_mind	False
False	False	ours	53	new60	4.5	False	True		True	True	h800	43	603	实验记录/20260607_new90_clean70_h800_late_or_unspawned_30workers/runs/ghost_scene43_1fcf34b1_d4p5_ours/summary.json	ghost_scene43_1fcf34b1_d4p5_ours	True
True	False	aeb_only	53	new60	5.0	True	True	4.0861164423055465	False	False	main650	43	470	实验记录/20260606_new90_le3_1800_inference/runs/ghost_scene43_1fcf34b1_d5_aeb_only/summary.json	ghost_scene43_1fcf34b1_d5_aeb_only	False
True	False	mind	53	new60	5.0	True	True	6.060698032374256	False	False	main650	43	470	实验记录/20260606_new90_le3_1800_inference/runs/ghost_scene43_1fcf34b1_d5_mind/summary.json	ghost_scene43_1fcf34b1_d5_mind	False
False	False	ours	53	new60	5.0	False	True		True	True	h800	43	595	实验记录/20260607_new90_clean70_h800_late_or_unspawned_30workers/runs/ghost_scene43_1fcf34b1_d5_ours/summary.json	ghost_scene43_1fcf34b1_d5_ours	True
True	False	aeb_only	53	new60	5.5	True	True	4.0861164423055465	False	False	main650	43	466	实验记录/20260606_new90_le3_1800_inference/runs/ghost_scene43_1fcf34b1_d5p5_aeb_only/summary.json	ghost_scene43_1fcf34b1_d5p5_aeb_only	False
True	False	mind	53	new60	5.5	True	True	6.060698032374256	False	False	main650	43	466	实验记录/20260606_new90_le3_1800_inference/runs/ghost_scene43_1fcf34b1_d5p5_mind/summary.json	ghost_scene43_1fcf34b1_d5p5_mind	False
False	False	ours	53	new60	5.5	False	True		True	True	h800	43	587	实验记录/20260607_new90_clean70_h800_late_or_unspawned_30workers/runs/ghost_scene43_1fcf34b1_d5p5_ours/summary.json	ghost_scene43_1fcf34b1_d5p5_ours	True
True	False	aeb_only	54	new60	3.0	True	True	7.591241668941746	False	False	main650	45	411	实验记录/20260606_new90_le3_1800_inference/runs/ghost_scene45_f14a94fd_d3_aeb_only/summary.json	ghost_scene45_f14a94fd_d3_aeb_only	False
True	False	mind	54	new60	3.0	True	True	7.591241668941746	False	False	main650	45	411	实验记录/20260606_new90_le3_1800_inference/runs/ghost_scene45_f14a94fd_d3_mind/summary.json	ghost_scene45_f14a94fd_d3_mind	False
True	False	ours	54	new60	3.0	True	True	3.3609508407252275	False	False	main650	45	561	实验记录/20260606_new90_le3_1800_inference/runs/ghost_scene45_f14a94fd_d3_ours/summary.json	ghost_scene45_f14a94fd_d3_ours	False
True	False	aeb_only	54	new60	3.5	True	True	7.357158734181232	False	False	main650	45	407	实验记录/20260606_new90_le3_1800_inference/runs/ghost_scene45_f14a94fd_d3p5_aeb_only/summary.json	ghost_scene45_f14a94fd_d3p5_aeb_only	False
True	False	mind	54	new60	3.5	True	True	7.581012034827863	False	False	main650	45	407	实验记录/20260606_new90_le3_1800_inference/runs/ghost_scene45_f14a94fd_d3p5_mind/summary.json	ghost_scene45_f14a94fd_d3p5_mind	False
True	False	ours	54	new60	3.5	True	True	2.336749318384097	True	False	main650	45	554	实验记录/20260606_new90_le3_1800_inference/runs/ghost_scene45_f14a94fd_d3p5_ours/summary.json	ghost_scene45_f14a94fd_d3p5_ours	False
True	False	aeb_only	54	new60	4.0	True	True	6.878358224582481	False	False	main650	45	404	实验记录/20260606_new90_le3_1800_inference/runs/ghost_scene45_f14a94fd_d4_aeb_only/summary.json	ghost_scene45_f14a94fd_d4_aeb_only	False
True	False	mind	54	new60	4.0	True	True	7.579079830816902	False	False	main650	45	404	实验记录/20260606_new90_le3_1800_inference/runs/ghost_scene45_f14a94fd_d4_mind/summary.json	ghost_scene45_f14a94fd_d4_mind	False
True	False	ours	54	new60	4.0	True	True	1.5842732654855896	True	False	main650	45	546	实验记录/20260606_new90_le3_1800_inference/runs/ghost_scene45_f14a94fd_d4_ours/summary.json	ghost_scene45_f14a94fd_d4_ours	False
True	False	aeb_only	54	new60	4.5	True	True	6.878358224582481	False	False	main650	45	401	实验记录/20260606_new90_le3_1800_inference/runs/ghost_scene45_f14a94fd_d4p5_aeb_only/summary.json	ghost_scene45_f14a94fd_d4p5_aeb_only	False
True	False	mind	54	new60	4.5	True	True	7.579079830816902	False	False	main650	45	401	实验记录/20260606_new90_le3_1800_inference/runs/ghost_scene45_f14a94fd_d4p5_mind/summary.json	ghost_scene45_f14a94fd_d4p5_mind	False
False	False	ours	54	new60	4.5	False	True		True	True	main650	45	539	实验记录/20260606_new90_le3_1800_inference/runs/ghost_scene45_f14a94fd_d4p5_ours/summary.json	ghost_scene45_f14a94fd_d4p5_ours	True
True	False	aeb_only	54	new60	5.0	True	True	6.48059616922626	False	False	main650	45	398	实验记录/20260606_new90_le3_1800_inference/runs/ghost_scene45_f14a94fd_d5_aeb_only/summary.json	ghost_scene45_f14a94fd_d5_aeb_only	False
True	False	mind	54	new60	5.0	True	True	7.605641544160336	False	False	main650	45	398	实验记录/20260606_new90_le3_1800_inference/runs/ghost_scene45_f14a94fd_d5_mind/summary.json	ghost_scene45_f14a94fd_d5_mind	False
False	False	ours	54	new60	5.0	False	True		True	True	main650	45	531	实验记录/20260606_new90_le3_1800_inference/runs/ghost_scene45_f14a94fd_d5_ours/summary.json	ghost_scene45_f14a94fd_d5_ours	True
True	False	aeb_only	54	new60	5.5	True	True	6.003960893685993	False	False	main650	45	394	实验记录/20260606_new90_le3_1800_inference/runs/ghost_scene45_f14a94fd_d5p5_aeb_only/summary.json	ghost_scene45_f14a94fd_d5p5_aeb_only	False
True	False	mind	54	new60	5.5	True	True	7.586456855857935	False	False	main650	45	394	实验记录/20260606_new90_le3_1800_inference/runs/ghost_scene45_f14a94fd_d5p5_mind/summary.json	ghost_scene45_f14a94fd_d5p5_mind	False
False	False	ours	54	new60	5.5	False	True		True	True	main650	45	523	实验记录/20260606_new90_le3_1800_inference/runs/ghost_scene45_f14a94fd_d5p5_ours/summary.json	ghost_scene45_f14a94fd_d5p5_ours	True
True	False	aeb_only	55	new60	3.0	True	True	2.1653877385387634	True	False	main650	46	364	实验记录/20260606_new90_le3_1800_inference/runs/ghost_scene46_a121eb26_d3_aeb_only/summary.json	ghost_scene46_a121eb26_d3_aeb_only	False
True	False	mind	55	new60	3.0	True	True	2.8935455144320574	True	False	main650	46	364	实验记录/20260606_new90_le3_1800_inference/runs/ghost_scene46_a121eb26_d3_mind/summary.json	ghost_scene46_a121eb26_d3_mind	False
True	False	ours	55	new60	3.0	True	True	1.5253887644721233	True	False	main650	46	369	实验记录/20260606_new90_le3_1800_inference/runs/ghost_scene46_a121eb26_d3_ours/summary.json	ghost_scene46_a121eb26_d3_ours	False
True	False	aeb_only	55	new60	3.5	True	True	0.24411286954157066	True	False	main650	46	355	实验记录/20260606_new90_le3_1800_inference/runs/ghost_scene46_a121eb26_d3p5_aeb_only/summary.json	ghost_scene46_a121eb26_d3p5_aeb_only	False
True	False	mind	55	new60	3.5	True	True	2.842788479890797	True	False	main650	46	355	实验记录/20260606_new90_le3_1800_inference/runs/ghost_scene46_a121eb26_d3p5_mind/summary.json	ghost_scene46_a121eb26_d3p5_mind	False
True	False	ours	55	new60	3.5	True	True	0.5779988876213359	True	False	main650	46	357	实验记录/20260606_new90_le3_1800_inference/runs/ghost_scene46_a121eb26_d3p5_ours/summary.json	ghost_scene46_a121eb26_d3p5_ours	False
True	False	aeb_only	55	new60	4.0	True	True	0.6050893771148831	True	False	main650	46	345	实验记录/20260606_new90_le3_1800_inference/runs/ghost_scene46_a121eb26_d4_aeb_only/summary.json	ghost_scene46_a121eb26_d4_aeb_only	False
True	False	mind	55	new60	4.0	True	True	2.83960213752156	True	False	main650	46	345	实验记录/20260606_new90_le3_1800_inference/runs/ghost_scene46_a121eb26_d4_mind/summary.json	ghost_scene46_a121eb26_d4_mind	False
True	False	ours	55	new60	4.0	True	True	0.30436300978930525	True	False	main650	46	345	实验记录/20260606_new90_le3_1800_inference/runs/ghost_scene46_a121eb26_d4_ours/summary.json	ghost_scene46_a121eb26_d4_ours	False
True	False	aeb_only	55	new60	4.5	True	True	0.5998963579821052	True	False	main650	46	334	实验记录/20260606_new90_le3_1800_inference/runs/ghost_scene46_a121eb26_d4p5_aeb_only/summary.json	ghost_scene46_a121eb26_d4p5_aeb_only	False
True	False	mind	55	new60	4.5	True	True	2.839727357195241	True	False	main650	46	334	实验记录/20260606_new90_le3_1800_inference/runs/ghost_scene46_a121eb26_d4p5_mind/summary.json	ghost_scene46_a121eb26_d4p5_mind	False
True	False	ours	55	new60	4.5	True	True	0.055029208701391503	True	False	main650	46	332	实验记录/20260606_new90_le3_1800_inference/runs/ghost_scene46_a121eb26_d4p5_ours/summary.json	ghost_scene46_a121eb26_d4p5_ours	False
True	False	aeb_only	55	new60	5.0	True	True	0.7272667815531015	True	False	main650	46	321	实验记录/20260606_new90_le3_1800_inference/runs/ghost_scene46_a121eb26_d5_aeb_only/summary.json	ghost_scene46_a121eb26_d5_aeb_only	False
True	False	mind	55	new60	5.0	True	True	2.8506671412074027	True	False	main650	46	321	实验记录/20260606_new90_le3_1800_inference/runs/ghost_scene46_a121eb26_d5_mind/summary.json	ghost_scene46_a121eb26_d5_mind	False
True	False	ours	55	new60	5.0	True	True	0.12533086868835974	True	False	main650	46	319	实验记录/20260606_new90_le3_1800_inference/runs/ghost_scene46_a121eb26_d5_ours/summary.json	ghost_scene46_a121eb26_d5_ours	False
True	False	aeb_only	55	new60	5.5	True	True	0.5501132344461751	True	False	main650	46	307	实验记录/20260606_new90_le3_1800_inference/runs/ghost_scene46_a121eb26_d5p5_aeb_only/summary.json	ghost_scene46_a121eb26_d5p5_aeb_only	False
True	False	mind	55	new60	5.5	True	True	2.9375931201163286	True	False	main650	46	307	实验记录/20260606_new90_le3_1800_inference/runs/ghost_scene46_a121eb26_d5p5_mind/summary.json	ghost_scene46_a121eb26_d5p5_mind	False
True	False	ours	55	new60	5.5	True	True	0.03803219163440455	True	False	main650	46	305	实验记录/20260606_new90_le3_1800_inference/runs/ghost_scene46_a121eb26_d5p5_ours/summary.json	ghost_scene46_a121eb26_d5p5_ours	False
True	False	aeb_only	56	new60	3.0	True	True	7.7882294004717405	False	False	main650	51	553	实验记录/20260606_new90_le3_1800_inference/runs/ghost_scene51_38b1ab16_d3_aeb_only/summary.json	ghost_scene51_38b1ab16_d3_aeb_only	False
True	False	mind	56	new60	3.0	True	True	7.7882294004717405	False	False	main650	51	553	实验记录/20260606_new90_le3_1800_inference/runs/ghost_scene51_38b1ab16_d3_mind/summary.json	ghost_scene51_38b1ab16_d3_mind	False
True	False	ours	56	new60	3.0	True	True	4.375430857916291	False	False	main650	51	636	实验记录/20260606_new90_le3_1800_inference/runs/ghost_scene51_38b1ab16_d3_ours/summary.json	ghost_scene51_38b1ab16_d3_ours	False
True	False	aeb_only	56	new60	3.5	True	True	7.320539951988228	False	False	main650	51	550	实验记录/20260606_new90_le3_1800_inference/runs/ghost_scene51_38b1ab16_d3p5_aeb_only/summary.json	ghost_scene51_38b1ab16_d3p5_aeb_only	False
True	False	mind	56	new60	3.5	True	True	7.788594218683096	False	False	main650	51	550	实验记录/20260606_new90_le3_1800_inference/runs/ghost_scene51_38b1ab16_d3p5_mind/summary.json	ghost_scene51_38b1ab16_d3p5_mind	False
True	False	ours	56	new60	3.5	True	True	3.5184860753254057	False	False	main650	51	630	实验记录/20260606_new90_le3_1800_inference/runs/ghost_scene51_38b1ab16_d3p5_ours/summary.json	ghost_scene51_38b1ab16_d3p5_ours	False
True	False	aeb_only	56	new60	4.0	True	True	7.320539951988228	False	False	main650	51	547	实验记录/20260606_new90_le3_1800_inference/runs/ghost_scene51_38b1ab16_d4_aeb_only/summary.json	ghost_scene51_38b1ab16_d4_aeb_only	False
True	False	mind	56	new60	4.0	True	True	7.788594218683096	False	False	main650	51	547	实验记录/20260606_new90_le3_1800_inference/runs/ghost_scene51_38b1ab16_d4_mind/summary.json	ghost_scene51_38b1ab16_d4_mind	False
True	False	ours	56	new60	4.0	True	True	2.976514473633073	True	False	main650	51	625	实验记录/20260606_new90_le3_1800_inference/runs/ghost_scene51_38b1ab16_d4_ours/summary.json	ghost_scene51_38b1ab16_d4_ours	False
True	False	aeb_only	56	new60	4.5	True	True	6.932883580185838	False	False	main650	51	543	实验记录/20260606_new90_le3_1800_inference/runs/ghost_scene51_38b1ab16_d4p5_aeb_only/summary.json	ghost_scene51_38b1ab16_d4p5_aeb_only	False
True	False	mind	56	new60	4.5	True	True	7.786592028344946	False	False	main650	51	543	实验记录/20260606_new90_le3_1800_inference/runs/ghost_scene51_38b1ab16_d4p5_mind/summary.json	ghost_scene51_38b1ab16_d4p5_mind	False
True	False	ours	56	new60	4.5	True	True	2.439638443095461	True	False	main650	51	619	实验记录/20260606_new90_le3_1800_inference/runs/ghost_scene51_38b1ab16_d4p5_ours/summary.json	ghost_scene51_38b1ab16_d4p5_ours	False
True	False	aeb_only	56	new60	5.0	True	True	6.465309535107473	False	False	main650	51	540	实验记录/20260606_new90_le3_1800_inference/runs/ghost_scene51_38b1ab16_d5_aeb_only/summary.json	ghost_scene51_38b1ab16_d5_aeb_only	False
True	False	mind	56	new60	5.0	True	True	7.795305667537245	False	False	main650	51	540	实验记录/20260606_new90_le3_1800_inference/runs/ghost_scene51_38b1ab16_d5_mind/summary.json	ghost_scene51_38b1ab16_d5_mind	False
True	False	ours	56	new60	5.0	True	True	1.5956148747364365	True	False	h800	51	613	实验记录/20260607_new90_clean70_h800_late_or_unspawned_30workers/runs/ghost_scene51_38b1ab16_d5_ours/summary.json	ghost_scene51_38b1ab16_d5_ours	False
True	False	aeb_only	56	new60	5.5	True	True	6.465309535107473	False	False	main650	51	537	实验记录/20260606_new90_le3_1800_inference/runs/ghost_scene51_38b1ab16_d5p5_aeb_only/summary.json	ghost_scene51_38b1ab16_d5p5_aeb_only	False
True	False	mind	56	new60	5.5	True	True	7.795305667537245	False	False	main650	51	537	实验记录/20260606_new90_le3_1800_inference/runs/ghost_scene51_38b1ab16_d5p5_mind/summary.json	ghost_scene51_38b1ab16_d5p5_mind	False
True	False	ours	56	new60	5.5	True	True	0.04866829757882998	True	False	h800	51	608	实验记录/20260607_new90_clean70_h800_late_or_unspawned_30workers/runs/ghost_scene51_38b1ab16_d5p5_ours/summary.json	ghost_scene51_38b1ab16_d5p5_ours	False
True	False	aeb_only	57	new60	3.0	True	True	5.593186464243195	False	False	h800	52	656	实验记录/20260607_new90_clean70_h800_late_or_unspawned_30workers/runs/ghost_scene52_bcb702fb_d3_aeb_only/summary.json	ghost_scene52_bcb702fb_d3_aeb_only	False
True	False	mind	57	new60	3.0	True	True	5.712892329259871	False	False	main650	52	536	实验记录/20260606_new90_le3_1800_inference/runs/ghost_scene52_bcb702fb_d3_mind/summary.json	ghost_scene52_bcb702fb_d3_mind	False
True	False	ours	57	new60	3.0	True	True	3.3207136890139224	False	False	h800	52	719	实验记录/20260607_new90_clean70_h800_late_or_unspawned_30workers/runs/ghost_scene52_bcb702fb_d3_ours/summary.json	ghost_scene52_bcb702fb_d3_ours	False
True	False	aeb_only	57	new60	3.5	True	True	5.191250008717673	False	False	h800	52	652	实验记录/20260607_new90_clean70_h800_late_or_unspawned_30workers/runs/ghost_scene52_bcb702fb_d3p5_aeb_only/summary.json	ghost_scene52_bcb702fb_d3p5_aeb_only	False
True	False	mind	57	new60	3.5	True	True	5.726035456456527	False	False	main650	52	531	实验记录/20260606_new90_le3_1800_inference/runs/ghost_scene52_bcb702fb_d3p5_mind/summary.json	ghost_scene52_bcb702fb_d3p5_mind	False
True	False	ours	57	new60	3.5	True	True	2.859857609444846	True	False	h800	52	712	实验记录/20260607_new90_clean70_h800_late_or_unspawned_30workers/runs/ghost_scene52_bcb702fb_d3p5_ours/summary.json	ghost_scene52_bcb702fb_d3p5_ours	False
True	False	aeb_only	57	new60	4.0	True	True	4.7784344734795505	False	False	h800	52	647	实验记录/20260607_new90_clean70_h800_late_or_unspawned_30workers/runs/ghost_scene52_bcb702fb_d4_aeb_only/summary.json	ghost_scene52_bcb702fb_d4_aeb_only	False
True	False	mind	57	new60	4.0	True	True	5.7220671524321265	False	False	main650	52	527	实验记录/20260606_new90_le3_1800_inference/runs/ghost_scene52_bcb702fb_d4_mind/summary.json	ghost_scene52_bcb702fb_d4_mind	False
True	False	ours	57	new60	4.0	True	True	1.6982087234456813	True	False	h800	52	705	实验记录/20260607_new90_clean70_h800_late_or_unspawned_30workers/runs/ghost_scene52_bcb702fb_d4_ours/summary.json	ghost_scene52_bcb702fb_d4_ours	False
True	False	aeb_only	57	new60	4.5	True	True	4.287664408433146	False	False	h800	52	643	实验记录/20260607_new90_clean70_h800_late_or_unspawned_30workers/runs/ghost_scene52_bcb702fb_d4p5_aeb_only/summary.json	ghost_scene52_bcb702fb_d4p5_aeb_only	False
True	False	mind	57	new60	4.5	True	True	5.736321516607788	False	False	main650	52	522	实验记录/20260606_new90_le3_1800_inference/runs/ghost_scene52_bcb702fb_d4p5_mind/summary.json	ghost_scene52_bcb702fb_d4p5_mind	False
True	False	ours	57	new60	4.5	True	True	0.5219010324180571	True	False	h800	52	699	实验记录/20260607_new90_clean70_h800_late_or_unspawned_30workers/runs/ghost_scene52_bcb702fb_d4p5_ours/summary.json	ghost_scene52_bcb702fb_d4p5_ours	False
True	False	aeb_only	57	new60	5.0	True	True	3.7205874933045138	False	False	h800	52	638	实验记录/20260607_new90_clean70_h800_late_or_unspawned_30workers/runs/ghost_scene52_bcb702fb_d5_aeb_only/summary.json	ghost_scene52_bcb702fb_d5_aeb_only	False
True	False	mind	57	new60	5.0	True	True	5.714941452147469	False	False	main650	52	518	实验记录/20260606_new90_le3_1800_inference/runs/ghost_scene52_bcb702fb_d5_mind/summary.json	ghost_scene52_bcb702fb_d5_mind	False
False	False	ours	57	new60	5.0	False	True		True	True	h800	52	692	实验记录/20260607_new90_clean70_h800_late_or_unspawned_30workers/runs/ghost_scene52_bcb702fb_d5_ours/summary.json	ghost_scene52_bcb702fb_d5_ours	True
True	False	aeb_only	57	new60	5.5	True	True	3.0776918007046685	False	False	h800	52	634	实验记录/20260607_new90_clean70_h800_late_or_unspawned_30workers/runs/ghost_scene52_bcb702fb_d5p5_aeb_only/summary.json	ghost_scene52_bcb702fb_d5p5_aeb_only	False
True	False	mind	57	new60	5.5	True	True	5.728252663805984	False	False	main650	52	514	实验记录/20260606_new90_le3_1800_inference/runs/ghost_scene52_bcb702fb_d5p5_mind/summary.json	ghost_scene52_bcb702fb_d5p5_mind	False
False	False	ours	57	new60	5.5	False	True		True	True	h800	52	685	实验记录/20260607_new90_clean70_h800_late_or_unspawned_30workers/runs/ghost_scene52_bcb702fb_d5p5_ours/summary.json	ghost_scene52_bcb702fb_d5p5_ours	True
True	False	aeb_only	58	new60	3.0	True	True	5.14771415565901	False	False	main650	54	484	实验记录/20260606_new90_le3_1800_inference/runs/ghost_scene54_9a8a8f31_d3_aeb_only/summary.json	ghost_scene54_9a8a8f31_d3_aeb_only	False
True	False	mind	58	new60	3.0	True	True	5.3391650158910355	False	False	main650	54	484	实验记录/20260606_new90_le3_1800_inference/runs/ghost_scene54_9a8a8f31_d3_mind/summary.json	ghost_scene54_9a8a8f31_d3_mind	False
True	False	ours	58	new60	3.0	True	True	1.6871856205438116	True	False	h800	54	645	实验记录/20260607_new90_clean70_h800_late_or_unspawned_30workers/runs/ghost_scene54_9a8a8f31_d3_ours/summary.json	ghost_scene54_9a8a8f31_d3_ours	False
True	False	aeb_only	58	new60	3.5	True	True	4.591895894855514	False	False	main650	54	479	实验记录/20260606_new90_le3_1800_inference/runs/ghost_scene54_9a8a8f31_d3p5_aeb_only/summary.json	ghost_scene54_9a8a8f31_d3p5_aeb_only	False
True	False	mind	58	new60	3.5	True	True	5.338982870019756	False	False	main650	54	479	实验记录/20260606_new90_le3_1800_inference/runs/ghost_scene54_9a8a8f31_d3p5_mind/summary.json	ghost_scene54_9a8a8f31_d3p5_mind	False
True	False	ours	58	new60	3.5	True	True	1.5892545832542047	True	False	h800	54	630	实验记录/20260607_new90_clean70_h800_late_or_unspawned_30workers/runs/ghost_scene54_9a8a8f31_d3p5_ours/summary.json	ghost_scene54_9a8a8f31_d3p5_ours	False
True	False	aeb_only	58	new60	4.0	True	True	4.032865771032213	False	False	main650	54	474	实验记录/20260606_new90_le3_1800_inference/runs/ghost_scene54_9a8a8f31_d4_aeb_only/summary.json	ghost_scene54_9a8a8f31_d4_aeb_only	False
True	False	mind	58	new60	4.0	True	True	5.383643737197541	False	False	main650	54	474	实验记录/20260606_new90_le3_1800_inference/runs/ghost_scene54_9a8a8f31_d4_mind/summary.json	ghost_scene54_9a8a8f31_d4_mind	False
True	False	ours	58	new60	4.0	True	True	1.2640701267018903	True	False	h800	54	616	实验记录/20260607_new90_clean70_h800_late_or_unspawned_30workers/runs/ghost_scene54_9a8a8f31_d4_ours/summary.json	ghost_scene54_9a8a8f31_d4_ours	False
True	False	aeb_only	58	new60	4.5	True	True	3.391384827950726	False	False	main650	54	469	实验记录/20260606_new90_le3_1800_inference/runs/ghost_scene54_9a8a8f31_d4p5_aeb_only/summary.json	ghost_scene54_9a8a8f31_d4p5_aeb_only	False
True	False	mind	58	new60	4.5	True	True	5.351005169174528	False	False	main650	54	469	实验记录/20260606_new90_le3_1800_inference/runs/ghost_scene54_9a8a8f31_d4p5_mind/summary.json	ghost_scene54_9a8a8f31_d4p5_mind	False
True	False	ours	58	new60	4.5	True	True	0.5497030565916841	True	False	h800	54	602	实验记录/20260607_new90_clean70_h800_late_or_unspawned_30workers/runs/ghost_scene54_9a8a8f31_d4p5_ours/summary.json	ghost_scene54_9a8a8f31_d4p5_ours	False
True	False	aeb_only	58	new60	5.0	True	True	2.587360958221235	True	False	main650	54	464	实验记录/20260606_new90_le3_1800_inference/runs/ghost_scene54_9a8a8f31_d5_aeb_only/summary.json	ghost_scene54_9a8a8f31_d5_aeb_only	False
True	False	mind	58	new60	5.0	True	True	5.467463504822364	False	False	main650	54	464	实验记录/20260606_new90_le3_1800_inference/runs/ghost_scene54_9a8a8f31_d5_mind/summary.json	ghost_scene54_9a8a8f31_d5_mind	False
True	False	ours	58	new60	5.0	True	True	0.37942166410480177	True	False	h800	54	589	实验记录/20260607_new90_clean70_h800_late_or_unspawned_30workers/runs/ghost_scene54_9a8a8f31_d5_ours/summary.json	ghost_scene54_9a8a8f31_d5_ours	False
True	False	aeb_only	58	new60	5.5	True	True	1.4603886358228477	True	False	main650	54	459	实验记录/20260606_new90_le3_1800_inference/runs/ghost_scene54_9a8a8f31_d5p5_aeb_only/summary.json	ghost_scene54_9a8a8f31_d5p5_aeb_only	False
True	False	mind	58	new60	5.5	True	True	5.412351649835738	False	False	main650	54	459	实验记录/20260606_new90_le3_1800_inference/runs/ghost_scene54_9a8a8f31_d5p5_mind/summary.json	ghost_scene54_9a8a8f31_d5p5_mind	False
False	False	ours	58	new60	5.5	False	True		True	True	h800	54	576	实验记录/20260607_new90_clean70_h800_late_or_unspawned_30workers/runs/ghost_scene54_9a8a8f31_d5p5_ours/summary.json	ghost_scene54_9a8a8f31_d5p5_ours	True
True	False	aeb_only	59	new60	3.0	True	True	5.875277571780001	False	False	main650	55	428	实验记录/20260606_new90_le3_1800_inference/runs/ghost_scene55_10db974c_d3_aeb_only/summary.json	ghost_scene55_10db974c_d3_aeb_only	False
True	False	mind	59	new60	3.0	True	True	5.947478857002795	False	False	main650	55	428	实验记录/20260606_new90_le3_1800_inference/runs/ghost_scene55_10db974c_d3_mind/summary.json	ghost_scene55_10db974c_d3_mind	False
True	False	ours	59	new60	3.0	True	True	4.729518159254847	False	False	main650	55	497	实验记录/20260606_new90_le3_1800_inference/runs/ghost_scene55_10db974c_d3_ours/summary.json	ghost_scene55_10db974c_d3_ours	False
True	False	aeb_only	59	new60	3.5	True	True	5.513186869200345	False	False	main650	55	424	实验记录/20260606_new90_le3_1800_inference/runs/ghost_scene55_10db974c_d3p5_aeb_only/summary.json	ghost_scene55_10db974c_d3p5_aeb_only	False
True	False	mind	59	new60	3.5	True	True	5.955318809087167	False	False	main650	55	424	实验记录/20260606_new90_le3_1800_inference/runs/ghost_scene55_10db974c_d3p5_mind/summary.json	ghost_scene55_10db974c_d3p5_mind	False
True	False	ours	59	new60	3.5	True	True	4.34330954744727	False	False	main650	55	492	实验记录/20260606_new90_le3_1800_inference/runs/ghost_scene55_10db974c_d3p5_ours/summary.json	ghost_scene55_10db974c_d3p5_ours	False
True	False	aeb_only	59	new60	4.0	True	True	5.072578208056143	False	False	main650	55	420	实验记录/20260606_new90_le3_1800_inference/runs/ghost_scene55_10db974c_d4_aeb_only/summary.json	ghost_scene55_10db974c_d4_aeb_only	False
True	False	mind	59	new60	4.0	True	True	5.916314936974949	False	False	main650	55	420	实验记录/20260606_new90_le3_1800_inference/runs/ghost_scene55_10db974c_d4_mind/summary.json	ghost_scene55_10db974c_d4_mind	False
True	False	ours	59	new60	4.0	True	True	3.8746467679441308	False	False	main650	55	486	实验记录/20260606_new90_le3_1800_inference/runs/ghost_scene55_10db974c_d4_ours/summary.json	ghost_scene55_10db974c_d4_ours	False
True	False	aeb_only	59	new60	4.5	True	True	5.072578208056143	False	False	main650	55	416	实验记录/20260606_new90_le3_1800_inference/runs/ghost_scene55_10db974c_d4p5_aeb_only/summary.json	ghost_scene55_10db974c_d4p5_aeb_only	False
True	False	mind	59	new60	4.5	True	True	5.916314936974949	False	False	main650	55	416	实验记录/20260606_new90_le3_1800_inference/runs/ghost_scene55_10db974c_d4p5_mind/summary.json	ghost_scene55_10db974c_d4p5_mind	False
True	False	ours	59	new60	4.5	True	True	3.4043332755647224	False	False	main650	55	481	实验记录/20260606_new90_le3_1800_inference/runs/ghost_scene55_10db974c_d4p5_ours/summary.json	ghost_scene55_10db974c_d4p5_ours	False
True	False	aeb_only	59	new60	5.0	True	True	4.634072299039277	False	False	main650	55	411	实验记录/20260606_new90_le3_1800_inference/runs/ghost_scene55_10db974c_d5_aeb_only/summary.json	ghost_scene55_10db974c_d5_aeb_only	False
True	False	mind	59	new60	5.0	True	True	5.963888524677306	False	False	main650	55	411	实验记录/20260606_new90_le3_1800_inference/runs/ghost_scene55_10db974c_d5_mind/summary.json	ghost_scene55_10db974c_d5_mind	False
True	False	ours	59	new60	5.0	True	True	2.772437814150855	True	False	main650	55	476	实验记录/20260606_new90_le3_1800_inference/runs/ghost_scene55_10db974c_d5_ours/summary.json	ghost_scene55_10db974c_d5_ours	False
True	False	aeb_only	59	new60	5.5	True	True	4.199651570171664	False	False	main650	55	407	实验记录/20260606_new90_le3_1800_inference/runs/ghost_scene55_10db974c_d5p5_aeb_only/summary.json	ghost_scene55_10db974c_d5p5_aeb_only	False
True	False	mind	59	new60	5.5	True	True	5.960076958084096	False	False	main650	55	407	实验记录/20260606_new90_le3_1800_inference/runs/ghost_scene55_10db974c_d5p5_mind/summary.json	ghost_scene55_10db974c_d5p5_mind	False
True	False	ours	59	new60	5.5	True	True	2.059051239114039	True	False	main650	55	471	实验记录/20260606_new90_le3_1800_inference/runs/ghost_scene55_10db974c_d5p5_ours/summary.json	ghost_scene55_10db974c_d5p5_ours	False
True	False	aeb_only	60	new60	3.0	True	True	6.051649971561055	False	False	main650	59	511	实验记录/20260606_new90_le3_1800_inference/runs/ghost_scene59_480c05be_d3_aeb_only/summary.json	ghost_scene59_480c05be_d3_aeb_only	False
True	False	mind	60	new60	3.0	True	True	6.051649971561055	False	False	main650	59	511	实验记录/20260606_new90_le3_1800_inference/runs/ghost_scene59_480c05be_d3_mind/summary.json	ghost_scene59_480c05be_d3_mind	False
True	False	ours	60	new60	3.0	True	True	3.80547691435099	False	False	h800	59	693	实验记录/20260607_new90_clean70_h800_late_or_unspawned_30workers/runs/ghost_scene59_480c05be_d3_ours/summary.json	ghost_scene59_480c05be_d3_ours	False
True	False	aeb_only	60	new60	3.5	True	True	5.7641260786788955	False	False	main650	59	507	实验记录/20260606_new90_le3_1800_inference/runs/ghost_scene59_480c05be_d3p5_aeb_only/summary.json	ghost_scene59_480c05be_d3p5_aeb_only	False
True	False	mind	60	new60	3.5	True	True	6.0471819861528715	False	False	main650	59	507	实验记录/20260606_new90_le3_1800_inference/runs/ghost_scene59_480c05be_d3p5_mind/summary.json	ghost_scene59_480c05be_d3p5_mind	False
True	False	ours	60	new60	3.5	True	True	3.324369797681995	False	False	h800	59	687	实验记录/20260607_new90_clean70_h800_late_or_unspawned_30workers/runs/ghost_scene59_480c05be_d3p5_ours/summary.json	ghost_scene59_480c05be_d3p5_ours	False
True	False	aeb_only	60	new60	4.0	True	True	5.406164053665499	False	False	main650	59	503	实验记录/20260606_new90_le3_1800_inference/runs/ghost_scene59_480c05be_d4_aeb_only/summary.json	ghost_scene59_480c05be_d4_aeb_only	False
True	False	mind	60	new60	4.0	True	True	6.062419857582763	False	False	main650	59	503	实验记录/20260606_new90_le3_1800_inference/runs/ghost_scene59_480c05be_d4_mind/summary.json	ghost_scene59_480c05be_d4_mind	False
True	False	ours	60	new60	4.0	True	True	2.8431655530555897	True	False	h800	59	681	实验记录/20260607_new90_clean70_h800_late_or_unspawned_30workers/runs/ghost_scene59_480c05be_d4_ours/summary.json	ghost_scene59_480c05be_d4_ours	False
True	False	aeb_only	60	new60	4.5	True	True	4.970774026514982	False	False	main650	59	499	实验记录/20260606_new90_le3_1800_inference/runs/ghost_scene59_480c05be_d4p5_aeb_only/summary.json	ghost_scene59_480c05be_d4p5_aeb_only	False
True	False	mind	60	new60	4.5	True	True	6.0846028094755615	False	False	main650	59	499	实验记录/20260606_new90_le3_1800_inference/runs/ghost_scene59_480c05be_d4p5_mind/summary.json	ghost_scene59_480c05be_d4p5_mind	False
True	False	ours	60	new60	4.5	True	True	1.4023928701842223	True	False	h800	59	675	实验记录/20260607_new90_clean70_h800_late_or_unspawned_30workers/runs/ghost_scene59_480c05be_d4p5_ours/summary.json	ghost_scene59_480c05be_d4p5_ours	False
True	False	aeb_only	60	new60	5.0	True	True	4.536949917176945	False	False	main650	59	495	实验记录/20260606_new90_le3_1800_inference/runs/ghost_scene59_480c05be_d5_aeb_only/summary.json	ghost_scene59_480c05be_d5_aeb_only	False
True	False	mind	60	new60	5.0	True	True	6.08733783346093	False	False	main650	59	495	实验记录/20260606_new90_le3_1800_inference/runs/ghost_scene59_480c05be_d5_mind/summary.json	ghost_scene59_480c05be_d5_mind	False
False	False	ours	60	new60	5.0	False	True		True	True	h800	59	669	实验记录/20260607_new90_clean70_h800_late_or_unspawned_30workers/runs/ghost_scene59_480c05be_d5_ours/summary.json	ghost_scene59_480c05be_d5_ours	True
True	False	aeb_only	60	new60	5.5	True	True	4.536949917176945	False	False	main650	59	491	实验记录/20260606_new90_le3_1800_inference/runs/ghost_scene59_480c05be_d5p5_aeb_only/summary.json	ghost_scene59_480c05be_d5p5_aeb_only	False
True	False	mind	60	new60	5.5	True	True	6.08733783346093	False	False	main650	59	491	实验记录/20260606_new90_le3_1800_inference/runs/ghost_scene59_480c05be_d5p5_mind/summary.json	ghost_scene59_480c05be_d5p5_mind	False
False	False	ours	60	new60	5.5	False	True		True	True	h800	59	662	实验记录/20260607_new90_clean70_h800_late_or_unspawned_30workers/runs/ghost_scene59_480c05be_d5p5_ours/summary.json	ghost_scene59_480c05be_d5p5_ours	True
True	False	aeb_only	61	new60	3.0	True	True	7.871400520710012	False	False	main650	60	397	实验记录/20260606_new90_le3_1800_inference/runs/ghost_scene60_d567a51c_d3_aeb_only/summary.json	ghost_scene60_d567a51c_d3_aeb_only	False
True	False	mind	61	new60	3.0	True	True	7.871400520710012	False	False	main650	60	397	实验记录/20260606_new90_le3_1800_inference/runs/ghost_scene60_d567a51c_d3_mind/summary.json	ghost_scene60_d567a51c_d3_mind	False
True	False	ours	61	new60	3.0	True	True	3.835092205437341	False	False	main650	60	522	实验记录/20260606_new90_le3_1800_inference/runs/ghost_scene60_d567a51c_d3_ours/summary.json	ghost_scene60_d567a51c_d3_ours	False
True	False	aeb_only	61	new60	3.5	True	True	7.47700419788528	False	False	main650	60	394	实验记录/20260606_new90_le3_1800_inference/runs/ghost_scene60_d567a51c_d3p5_aeb_only/summary.json	ghost_scene60_d567a51c_d3p5_aeb_only	False
True	False	mind	61	new60	3.5	True	True	7.871400520710012	False	False	main650	60	394	实验记录/20260606_new90_le3_1800_inference/runs/ghost_scene60_d567a51c_d3p5_mind/summary.json	ghost_scene60_d567a51c_d3p5_mind	False
True	False	ours	61	new60	3.5	True	True	3.440973517906512	False	False	main650	60	516	实验记录/20260606_new90_le3_1800_inference/runs/ghost_scene60_d567a51c_d3p5_ours/summary.json	ghost_scene60_d567a51c_d3p5_ours	False
True	False	aeb_only	61	new60	4.0	True	True	7.47700419788528	False	False	main650	60	391	实验记录/20260606_new90_le3_1800_inference/runs/ghost_scene60_d567a51c_d4_aeb_only/summary.json	ghost_scene60_d567a51c_d4_aeb_only	False
True	False	mind	61	new60	4.0	True	True	7.871400520710012	False	False	main650	60	391	实验记录/20260606_new90_le3_1800_inference/runs/ghost_scene60_d567a51c_d4_mind/summary.json	ghost_scene60_d567a51c_d4_mind	False
True	False	ours	61	new60	4.0	True	True	2.3341134712846916	True	False	main650	60	510	实验记录/20260606_new90_le3_1800_inference/runs/ghost_scene60_d567a51c_d4_ours/summary.json	ghost_scene60_d567a51c_d4_ours	False
True	False	aeb_only	61	new60	4.5	True	True	7.083553840907326	False	False	main650	60	388	实验记录/20260606_new90_le3_1800_inference/runs/ghost_scene60_d567a51c_d4p5_aeb_only/summary.json	ghost_scene60_d567a51c_d4p5_aeb_only	False
True	False	mind	61	new60	4.5	True	True	7.871400520710012	False	False	main650	60	388	实验记录/20260606_new90_le3_1800_inference/runs/ghost_scene60_d567a51c_d4p5_mind/summary.json	ghost_scene60_d567a51c_d4p5_mind	False
True	False	ours	61	new60	4.5	True	True	1.6229124358871543	True	False	main650	60	503	实验记录/20260606_new90_le3_1800_inference/runs/ghost_scene60_d567a51c_d4p5_ours/summary.json	ghost_scene60_d567a51c_d4p5_ours	False
True	False	aeb_only	61	new60	5.0	True	True	6.6111256190666845	False	False	main650	60	385	实验记录/20260606_new90_le3_1800_inference/runs/ghost_scene60_d567a51c_d5_aeb_only/summary.json	ghost_scene60_d567a51c_d5_aeb_only	False
True	False	mind	61	new60	5.0	True	True	7.871400520710012	False	False	main650	60	385	实验记录/20260606_new90_le3_1800_inference/runs/ghost_scene60_d567a51c_d5_mind/summary.json	ghost_scene60_d567a51c_d5_mind	False
True	False	ours	61	new60	5.0	True	True	0.026978296100752194	True	False	main650	60	497	实验记录/20260606_new90_le3_1800_inference/runs/ghost_scene60_d567a51c_d5_ours/summary.json	ghost_scene60_d567a51c_d5_ours	False
True	False	aeb_only	61	new60	5.5	True	True	6.6111256190666845	False	False	main650	60	382	实验记录/20260606_new90_le3_1800_inference/runs/ghost_scene60_d567a51c_d5p5_aeb_only/summary.json	ghost_scene60_d567a51c_d5p5_aeb_only	False
True	False	mind	61	new60	5.5	True	True	7.871400520710012	False	False	main650	60	382	实验记录/20260606_new90_le3_1800_inference/runs/ghost_scene60_d567a51c_d5p5_mind/summary.json	ghost_scene60_d567a51c_d5p5_mind	False
False	False	ours	61	new60	5.5	False	True		True	True	main650	60	491	实验记录/20260606_new90_le3_1800_inference/runs/ghost_scene60_d567a51c_d5p5_ours/summary.json	ghost_scene60_d567a51c_d5p5_ours	True
True	False	aeb_only	62	new60	3.0	True	True	4.41781200188057	False	False	main650	62	422	实验记录/20260606_new90_le3_1800_inference/runs/ghost_scene62_16e57601_d3_aeb_only/summary.json	ghost_scene62_16e57601_d3_aeb_only	False
True	False	mind	62	new60	3.0	True	True	4.506878521548788	False	False	main650	62	422	实验记录/20260606_new90_le3_1800_inference/runs/ghost_scene62_16e57601_d3_mind/summary.json	ghost_scene62_16e57601_d3_mind	False
True	False	ours	62	new60	3.0	True	True	3.6145690103645913	False	False	main650	62	496	实验记录/20260606_new90_le3_1800_inference/runs/ghost_scene62_16e57601_d3_ours/summary.json	ghost_scene62_16e57601_d3_ours	False
True	False	aeb_only	62	new60	3.5	True	True	3.973583740279616	False	False	main650	62	416	实验记录/20260606_new90_le3_1800_inference/runs/ghost_scene62_16e57601_d3p5_aeb_only/summary.json	ghost_scene62_16e57601_d3p5_aeb_only	False
True	False	mind	62	new60	3.5	True	True	4.506878521682414	False	False	main650	62	416	实验记录/20260606_new90_le3_1800_inference/runs/ghost_scene62_16e57601_d3p5_mind/summary.json	ghost_scene62_16e57601_d3p5_mind	False
True	False	ours	62	new60	3.5	True	True	2.550243910609679	True	False	main650	62	489	实验记录/20260606_new90_le3_1800_inference/runs/ghost_scene62_16e57601_d3p5_ours/summary.json	ghost_scene62_16e57601_d3p5_ours	False
True	False	aeb_only	62	new60	4.0	True	True	3.450810891049123	False	False	main650	62	411	实验记录/20260606_new90_le3_1800_inference/runs/ghost_scene62_16e57601_d4_aeb_only/summary.json	ghost_scene62_16e57601_d4_aeb_only	False
True	False	mind	62	new60	4.0	True	True	4.522493924411244	False	False	main650	62	411	实验记录/20260606_new90_le3_1800_inference/runs/ghost_scene62_16e57601_d4_mind/summary.json	ghost_scene62_16e57601_d4_mind	False
True	False	ours	62	new60	4.0	True	True	1.8265846646421249	True	False	main650	62	482	实验记录/20260606_new90_le3_1800_inference/runs/ghost_scene62_16e57601_d4_ours/summary.json	ghost_scene62_16e57601_d4_ours	False
True	False	aeb_only	62	new60	4.5	True	True	2.075306430766828	True	False	main650	62	405	实验记录/20260606_new90_le3_1800_inference/runs/ghost_scene62_16e57601_d4p5_aeb_only/summary.json	ghost_scene62_16e57601_d4p5_aeb_only	False
True	False	mind	62	new60	4.5	True	True	4.518320563025085	False	False	main650	62	405	实验记录/20260606_new90_le3_1800_inference/runs/ghost_scene62_16e57601_d4p5_mind/summary.json	ghost_scene62_16e57601_d4p5_mind	False
False	False	ours	62	new60	4.5	False	True		True	True	main650	62	474	实验记录/20260606_new90_le3_1800_inference/runs/ghost_scene62_16e57601_d4p5_ours/summary.json	ghost_scene62_16e57601_d4p5_ours	True
True	False	aeb_only	62	new60	5.0	True	True	0.8307516714421052	True	False	main650	62	399	实验记录/20260606_new90_le3_1800_inference/runs/ghost_scene62_16e57601_d5_aeb_only/summary.json	ghost_scene62_16e57601_d5_aeb_only	False
True	False	mind	62	new60	5.0	True	True	4.778082831074704	False	False	main650	62	399	实验记录/20260606_new90_le3_1800_inference/runs/ghost_scene62_16e57601_d5_mind/summary.json	ghost_scene62_16e57601_d5_mind	False
False	False	ours	62	new60	5.0	False	True		True	True	main650	62	466	实验记录/20260606_new90_le3_1800_inference/runs/ghost_scene62_16e57601_d5_ours/summary.json	ghost_scene62_16e57601_d5_ours	True
False	False	aeb_only	62	new60	5.5	False	True		True	True	main650	62	393	实验记录/20260606_new90_le3_1800_inference/runs/ghost_scene62_16e57601_d5p5_aeb_only/summary.json	ghost_scene62_16e57601_d5p5_aeb_only	True
True	False	mind	62	new60	5.5	True	True	4.536742325651924	False	False	main650	62	393	实验记录/20260606_new90_le3_1800_inference/runs/ghost_scene62_16e57601_d5p5_mind/summary.json	ghost_scene62_16e57601_d5p5_mind	False
False	False	ours	62	new60	5.5	False	True		True	True	main650	62	458	实验记录/20260606_new90_le3_1800_inference/runs/ghost_scene62_16e57601_d5p5_ours/summary.json	ghost_scene62_16e57601_d5p5_ours	True
True	False	aeb_only	63	new60	3.0	True	True	6.41248941447774	False	False	main650	63	483	实验记录/20260606_new90_le3_1800_inference/runs/ghost_scene63_1fb98468_d3_aeb_only/summary.json	ghost_scene63_1fb98468_d3_aeb_only	False
True	False	mind	63	new60	3.0	True	True	6.4861315287981665	False	False	main650	63	483	实验记录/20260606_new90_le3_1800_inference/runs/ghost_scene63_1fb98468_d3_mind/summary.json	ghost_scene63_1fb98468_d3_mind	False
True	False	ours	63	new60	3.0	True	True	4.251260840646869	False	False	main650	63	556	实验记录/20260606_new90_le3_1800_inference/runs/ghost_scene63_1fb98468_d3_ours/summary.json	ghost_scene63_1fb98468_d3_ours	False
True	False	aeb_only	63	new60	3.5	True	True	5.964254753830329	False	False	main650	63	480	实验记录/20260606_new90_le3_1800_inference/runs/ghost_scene63_1fb98468_d3p5_aeb_only/summary.json	ghost_scene63_1fb98468_d3p5_aeb_only	False
True	False	mind	63	new60	3.5	True	True	6.485538432064832	False	False	main650	63	480	实验记录/20260606_new90_le3_1800_inference/runs/ghost_scene63_1fb98468_d3p5_mind/summary.json	ghost_scene63_1fb98468_d3p5_mind	False
True	False	ours	63	new60	3.5	True	True	3.8646821162899814	False	False	main650	63	551	实验记录/20260606_new90_le3_1800_inference/runs/ghost_scene63_1fb98468_d3p5_ours/summary.json	ghost_scene63_1fb98468_d3p5_ours	False
True	False	aeb_only	63	new60	4.0	True	True	5.964254753830329	False	False	main650	63	476	实验记录/20260606_new90_le3_1800_inference/runs/ghost_scene63_1fb98468_d4_aeb_only/summary.json	ghost_scene63_1fb98468_d4_aeb_only	False
True	False	mind	63	new60	4.0	True	True	6.485538432064832	False	False	main650	63	476	实验记录/20260606_new90_le3_1800_inference/runs/ghost_scene63_1fb98468_d4_mind/summary.json	ghost_scene63_1fb98468_d4_mind	False
True	False	ours	63	new60	4.0	True	True	2.9491371286180668	True	False	main650	63	545	实验记录/20260606_new90_le3_1800_inference/runs/ghost_scene63_1fb98468_d4_ours/summary.json	ghost_scene63_1fb98468_d4_ours	False
True	False	aeb_only	63	new60	4.5	True	True	5.597938446273547	False	False	main650	63	472	实验记录/20260606_new90_le3_1800_inference/runs/ghost_scene63_1fb98468_d4p5_aeb_only/summary.json	ghost_scene63_1fb98468_d4p5_aeb_only	False
True	False	mind	63	new60	4.5	True	True	6.495732184017356	False	False	main650	63	472	实验记录/20260606_new90_le3_1800_inference/runs/ghost_scene63_1fb98468_d4p5_mind/summary.json	ghost_scene63_1fb98468_d4p5_mind	False
True	False	ours	63	new60	4.5	True	True	2.3332393211927904	True	False	main650	63	539	实验记录/20260606_new90_le3_1800_inference/runs/ghost_scene63_1fb98468_d4p5_ours/summary.json	ghost_scene63_1fb98468_d4p5_ours	False
True	False	aeb_only	63	new60	5.0	True	True	5.156811152026566	False	False	main650	63	468	实验记录/20260606_new90_le3_1800_inference/runs/ghost_scene63_1fb98468_d5_aeb_only/summary.json	ghost_scene63_1fb98468_d5_aeb_only	False
True	False	mind	63	new60	5.0	True	True	6.48276478657283	False	False	main650	63	468	实验记录/20260606_new90_le3_1800_inference/runs/ghost_scene63_1fb98468_d5_mind/summary.json	ghost_scene63_1fb98468_d5_mind	False
True	False	ours	63	new60	5.0	True	True	1.4765076042953318	True	False	main650	63	534	实验记录/20260606_new90_le3_1800_inference/runs/ghost_scene63_1fb98468_d5_ours/summary.json	ghost_scene63_1fb98468_d5_ours	False
True	False	aeb_only	63	new60	5.5	True	True	4.723585210695775	False	False	main650	63	464	实验记录/20260606_new90_le3_1800_inference/runs/ghost_scene63_1fb98468_d5p5_aeb_only/summary.json	ghost_scene63_1fb98468_d5p5_aeb_only	False
True	False	mind	63	new60	5.5	True	True	6.50578745581214	False	False	main650	63	464	实验记录/20260606_new90_le3_1800_inference/runs/ghost_scene63_1fb98468_d5p5_mind/summary.json	ghost_scene63_1fb98468_d5p5_mind	False
False	False	ours	63	new60	5.5	False	True		True	True	main650	63	528	实验记录/20260606_new90_le3_1800_inference/runs/ghost_scene63_1fb98468_d5p5_ours/summary.json	ghost_scene63_1fb98468_d5p5_ours	True
True	False	aeb_only	64	new60	3.0	True	True	5.705211259312374	False	False	main650	66	497	实验记录/20260606_new90_le3_1800_inference/runs/ghost_scene66_ad8fbb5d_d3_aeb_only/summary.json	ghost_scene66_ad8fbb5d_d3_aeb_only	False
True	False	mind	64	new60	3.0	True	True	5.705211259312374	False	False	main650	66	497	实验记录/20260606_new90_le3_1800_inference/runs/ghost_scene66_ad8fbb5d_d3_mind/summary.json	ghost_scene66_ad8fbb5d_d3_mind	False
True	False	ours	64	new60	3.0	True	True	3.969279939114404	False	False	main650	66	561	实验记录/20260606_new90_le3_1800_inference/runs/ghost_scene66_ad8fbb5d_d3_ours/summary.json	ghost_scene66_ad8fbb5d_d3_ours	False
True	False	aeb_only	64	new60	3.5	True	True	5.275587295218683	False	False	main650	66	492	实验记录/20260606_new90_le3_1800_inference/runs/ghost_scene66_ad8fbb5d_d3p5_aeb_only/summary.json	ghost_scene66_ad8fbb5d_d3p5_aeb_only	False
True	False	mind	64	new60	3.5	True	True	5.7047890647377395	False	False	main650	66	492	实验记录/20260606_new90_le3_1800_inference/runs/ghost_scene66_ad8fbb5d_d3p5_mind/summary.json	ghost_scene66_ad8fbb5d_d3p5_mind	False
True	False	ours	64	new60	3.5	True	True	3.0747597647244382	False	False	main650	66	554	实验记录/20260606_new90_le3_1800_inference/runs/ghost_scene66_ad8fbb5d_d3p5_ours/summary.json	ghost_scene66_ad8fbb5d_d3p5_ours	False
True	False	aeb_only	64	new60	4.0	True	True	4.762545884383243	False	False	main650	66	488	实验记录/20260606_new90_le3_1800_inference/runs/ghost_scene66_ad8fbb5d_d4_aeb_only/summary.json	ghost_scene66_ad8fbb5d_d4_aeb_only	False
True	False	mind	64	new60	4.0	True	True	5.700953371698404	False	False	main650	66	488	实验记录/20260606_new90_le3_1800_inference/runs/ghost_scene66_ad8fbb5d_d4_mind/summary.json	ghost_scene66_ad8fbb5d_d4_mind	False
True	False	ours	64	new60	4.0	True	True	2.4975730268471583	True	False	main650	66	548	实验记录/20260606_new90_le3_1800_inference/runs/ghost_scene66_ad8fbb5d_d4_ours/summary.json	ghost_scene66_ad8fbb5d_d4_ours	False
True	False	aeb_only	64	new60	4.5	True	True	4.250219262234501	False	False	main650	66	484	实验记录/20260606_new90_le3_1800_inference/runs/ghost_scene66_ad8fbb5d_d4p5_aeb_only/summary.json	ghost_scene66_ad8fbb5d_d4p5_aeb_only	False
True	False	mind	64	new60	4.5	True	True	5.685221497437284	False	False	main650	66	484	实验记录/20260606_new90_le3_1800_inference/runs/ghost_scene66_ad8fbb5d_d4p5_mind/summary.json	ghost_scene66_ad8fbb5d_d4p5_mind	False
True	False	ours	64	new60	4.5	True	True	1.6674730501434052	True	False	main650	66	542	实验记录/20260606_new90_le3_1800_inference/runs/ghost_scene66_ad8fbb5d_d4p5_ours/summary.json	ghost_scene66_ad8fbb5d_d4p5_ours	False
True	False	aeb_only	64	new60	5.0	True	True	3.6587875016348246	False	False	main650	66	479	实验记录/20260606_new90_le3_1800_inference/runs/ghost_scene66_ad8fbb5d_d5_aeb_only/summary.json	ghost_scene66_ad8fbb5d_d5_aeb_only	False
True	False	mind	64	new60	5.0	True	True	5.700826647849674	False	False	main650	66	479	实验记录/20260606_new90_le3_1800_inference/runs/ghost_scene66_ad8fbb5d_d5_mind/summary.json	ghost_scene66_ad8fbb5d_d5_mind	False
False	False	ours	64	new60	5.0	False	True		True	True	main650	66	535	实验记录/20260606_new90_le3_1800_inference/runs/ghost_scene66_ad8fbb5d_d5_ours/summary.json	ghost_scene66_ad8fbb5d_d5_ours	True
True	False	aeb_only	64	new60	5.5	True	True	2.908418001451297	True	False	main650	66	475	实验记录/20260606_new90_le3_1800_inference/runs/ghost_scene66_ad8fbb5d_d5p5_aeb_only/summary.json	ghost_scene66_ad8fbb5d_d5p5_aeb_only	False
True	False	mind	64	new60	5.5	True	True	5.7488828951613655	False	False	main650	66	475	实验记录/20260606_new90_le3_1800_inference/runs/ghost_scene66_ad8fbb5d_d5p5_mind/summary.json	ghost_scene66_ad8fbb5d_d5p5_mind	False
False	False	ours	64	new60	5.5	False	True		True	True	main650	66	529	实验记录/20260606_new90_le3_1800_inference/runs/ghost_scene66_ad8fbb5d_d5p5_ours/summary.json	ghost_scene66_ad8fbb5d_d5p5_ours	True
True	False	aeb_only	65	new60	3.0	True	True	5.396382457809934	False	False	main650	67	383	实验记录/20260606_new90_le3_1800_inference/runs/ghost_scene67_43da3f31_d3_aeb_only/summary.json	ghost_scene67_43da3f31_d3_aeb_only	False
True	False	mind	65	new60	3.0	True	True	5.57175375713835	False	False	main650	67	383	实验记录/20260606_new90_le3_1800_inference/runs/ghost_scene67_43da3f31_d3_mind/summary.json	ghost_scene67_43da3f31_d3_mind	False
True	False	ours	65	new60	3.0	True	True	3.032816577750115	False	False	main650	67	464	实验记录/20260606_new90_le3_1800_inference/runs/ghost_scene67_43da3f31_d3_ours/summary.json	ghost_scene67_43da3f31_d3_ours	False
True	False	aeb_only	65	new60	3.5	True	True	4.958197015620032	False	False	main650	67	379	实验记录/20260606_new90_le3_1800_inference/runs/ghost_scene67_43da3f31_d3p5_aeb_only/summary.json	ghost_scene67_43da3f31_d3p5_aeb_only	False
True	False	mind	65	new60	3.5	True	True	5.57043214500792	False	False	main650	67	379	实验记录/20260606_new90_le3_1800_inference/runs/ghost_scene67_43da3f31_d3p5_mind/summary.json	ghost_scene67_43da3f31_d3p5_mind	False
True	False	ours	65	new60	3.5	True	True	2.4992013517893086	True	False	main650	67	457	实验记录/20260606_new90_le3_1800_inference/runs/ghost_scene67_43da3f31_d3p5_ours/summary.json	ghost_scene67_43da3f31_d3p5_ours	False
True	False	aeb_only	65	new60	4.0	True	True	4.440335892137246	False	False	main650	67	374	实验记录/20260606_new90_le3_1800_inference/runs/ghost_scene67_43da3f31_d4_aeb_only/summary.json	ghost_scene67_43da3f31_d4_aeb_only	False
True	False	mind	65	new60	4.0	True	True	5.571753756969459	False	False	main650	67	374	实验记录/20260606_new90_le3_1800_inference/runs/ghost_scene67_43da3f31_d4_mind/summary.json	ghost_scene67_43da3f31_d4_mind	False
True	False	ours	65	new60	4.0	True	True	0.6885885167560195	True	False	main650	67	449	实验记录/20260606_new90_le3_1800_inference/runs/ghost_scene67_43da3f31_d4_ours/summary.json	ghost_scene67_43da3f31_d4_ours	False
True	False	aeb_only	65	new60	4.5	True	True	3.9229508894803145	False	False	main650	67	370	实验记录/20260606_new90_le3_1800_inference/runs/ghost_scene67_43da3f31_d4p5_aeb_only/summary.json	ghost_scene67_43da3f31_d4p5_aeb_only	False
True	False	mind	65	new60	4.5	True	True	5.579036350288996	False	False	main650	67	370	实验记录/20260606_new90_le3_1800_inference/runs/ghost_scene67_43da3f31_d4p5_mind/summary.json	ghost_scene67_43da3f31_d4p5_mind	False
False	False	ours	65	new60	4.5	False	True		True	True	main650	67	441	实验记录/20260606_new90_le3_1800_inference/runs/ghost_scene67_43da3f31_d4p5_ours/summary.json	ghost_scene67_43da3f31_d4p5_ours	True
True	False	aeb_only	65	new60	5.0	True	True	3.2427824786510318	False	False	main650	67	365	实验记录/20260606_new90_le3_1800_inference/runs/ghost_scene67_43da3f31_d5_aeb_only/summary.json	ghost_scene67_43da3f31_d5_aeb_only	False
True	False	mind	65	new60	5.0	True	True	5.580135380925057	False	False	main650	67	365	实验记录/20260606_new90_le3_1800_inference/runs/ghost_scene67_43da3f31_d5_mind/summary.json	ghost_scene67_43da3f31_d5_mind	False
False	False	ours	65	new60	5.0	False	True		True	True	main650	67	433	实验记录/20260606_new90_le3_1800_inference/runs/ghost_scene67_43da3f31_d5_ours/summary.json	ghost_scene67_43da3f31_d5_ours	True
True	False	aeb_only	65	new60	5.5	True	True	2.4029514457170853	True	False	main650	67	360	实验记录/20260606_new90_le3_1800_inference/runs/ghost_scene67_43da3f31_d5p5_aeb_only/summary.json	ghost_scene67_43da3f31_d5p5_aeb_only	False
True	False	mind	65	new60	5.5	True	True	5.61059758967614	False	False	main650	67	360	实验记录/20260606_new90_le3_1800_inference/runs/ghost_scene67_43da3f31_d5p5_mind/summary.json	ghost_scene67_43da3f31_d5p5_mind	False
False	False	ours	65	new60	5.5	False	True		True	True	main650	67	424	实验记录/20260606_new90_le3_1800_inference/runs/ghost_scene67_43da3f31_d5p5_ours/summary.json	ghost_scene67_43da3f31_d5p5_ours	True
True	False	aeb_only	66	new60	3.0	True	True	7.832523011644953	False	False	main650	68	551	实验记录/20260606_new90_le3_1800_inference/runs/ghost_scene68_342eb101_d3_aeb_only/summary.json	ghost_scene68_342eb101_d3_aeb_only	False
True	False	mind	66	new60	3.0	True	True	7.832523011644953	False	False	main650	68	551	实验记录/20260606_new90_le3_1800_inference/runs/ghost_scene68_342eb101_d3_mind/summary.json	ghost_scene68_342eb101_d3_mind	False
True	False	ours	66	new60	3.0	True	True	6.671661620081786	False	False	h800	68	727	实验记录/20260607_new90_clean70_h800_late_or_unspawned_30workers/runs/ghost_scene68_342eb101_d3_ours/summary.json	ghost_scene68_342eb101_d3_ours	False
True	False	aeb_only	66	new60	3.5	True	True	7.590387475783896	False	False	main650	68	547	实验记录/20260606_new90_le3_1800_inference/runs/ghost_scene68_342eb101_d3p5_aeb_only/summary.json	ghost_scene68_342eb101_d3p5_aeb_only	False
True	False	mind	66	new60	3.5	True	True	7.832503748226823	False	False	main650	68	547	实验记录/20260606_new90_le3_1800_inference/runs/ghost_scene68_342eb101_d3p5_mind/summary.json	ghost_scene68_342eb101_d3p5_mind	False
True	False	ours	66	new60	3.5	True	True	6.227210233415149	False	False	h800	68	723	实验记录/20260607_new90_clean70_h800_late_or_unspawned_30workers/runs/ghost_scene68_342eb101_d3p5_ours/summary.json	ghost_scene68_342eb101_d3p5_ours	False
True	False	aeb_only	66	new60	4.0	True	True	7.18658383707328	False	False	main650	68	544	实验记录/20260606_new90_le3_1800_inference/runs/ghost_scene68_342eb101_d4_aeb_only/summary.json	ghost_scene68_342eb101_d4_aeb_only	False
True	False	mind	66	new60	4.0	True	True	7.8361974204027325	False	False	main650	68	544	实验记录/20260606_new90_le3_1800_inference/runs/ghost_scene68_342eb101_d4_mind/summary.json	ghost_scene68_342eb101_d4_mind	False
True	False	ours	66	new60	4.0	True	True	5.767110280528397	False	False	h800	68	719	实验记录/20260607_new90_clean70_h800_late_or_unspawned_30workers/runs/ghost_scene68_342eb101_d4_ours/summary.json	ghost_scene68_342eb101_d4_ours	False
True	False	aeb_only	66	new60	4.5	True	True	7.18658383707328	False	False	main650	68	541	实验记录/20260606_new90_le3_1800_inference/runs/ghost_scene68_342eb101_d4p5_aeb_only/summary.json	ghost_scene68_342eb101_d4p5_aeb_only	False
True	False	mind	66	new60	4.5	True	True	7.8361974204027325	False	False	main650	68	541	实验记录/20260606_new90_le3_1800_inference/runs/ghost_scene68_342eb101_d4p5_mind/summary.json	ghost_scene68_342eb101_d4p5_mind	False
True	False	ours	66	new60	4.5	True	True	5.221886621518333	False	False	h800	68	715	实验记录/20260607_new90_clean70_h800_late_or_unspawned_30workers/runs/ghost_scene68_342eb101_d4p5_ours/summary.json	ghost_scene68_342eb101_d4p5_ours	False
True	False	aeb_only	66	new60	5.0	True	True	6.702448264770274	False	False	main650	68	538	实验记录/20260606_new90_le3_1800_inference/runs/ghost_scene68_342eb101_d5_aeb_only/summary.json	ghost_scene68_342eb101_d5_aeb_only	False
True	False	mind	66	new60	5.0	True	True	7.836697828547816	False	False	main650	68	538	实验记录/20260606_new90_le3_1800_inference/runs/ghost_scene68_342eb101_d5_mind/summary.json	ghost_scene68_342eb101_d5_mind	False
True	False	ours	66	new60	5.0	True	True	5.221886621518333	False	False	h800	68	711	实验记录/20260607_new90_clean70_h800_late_or_unspawned_30workers/runs/ghost_scene68_342eb101_d5_ours/summary.json	ghost_scene68_342eb101_d5_ours	False
True	False	aeb_only	66	new60	5.5	True	True	6.21950682190388	False	False	main650	68	535	实验记录/20260606_new90_le3_1800_inference/runs/ghost_scene68_342eb101_d5p5_aeb_only/summary.json	ghost_scene68_342eb101_d5p5_aeb_only	False
True	False	mind	66	new60	5.5	True	True	7.848308024466263	False	False	main650	68	535	实验记录/20260606_new90_le3_1800_inference/runs/ghost_scene68_342eb101_d5p5_mind/summary.json	ghost_scene68_342eb101_d5p5_mind	False
True	False	ours	66	new60	5.5	True	True	4.591325940636311	False	False	h800	68	707	实验记录/20260607_new90_clean70_h800_late_or_unspawned_30workers/runs/ghost_scene68_342eb101_d5p5_ours/summary.json	ghost_scene68_342eb101_d5p5_ours	False
True	False	aeb_only	67	new60	3.0	True	True	7.913236570857903	False	False	main650	71	479	实验记录/20260606_new90_le3_1800_inference/runs/ghost_scene71_560f71bf_d3_aeb_only/summary.json	ghost_scene71_560f71bf_d3_aeb_only	False
True	False	mind	67	new60	3.0	True	True	7.991755020906551	False	False	main650	71	479	实验记录/20260606_new90_le3_1800_inference/runs/ghost_scene71_560f71bf_d3_mind/summary.json	ghost_scene71_560f71bf_d3_mind	False
True	False	ours	67	new60	3.0	True	True	4.548764124550003	False	False	main650	71	564	实验记录/20260606_new90_le3_1800_inference/runs/ghost_scene71_560f71bf_d3_ours/summary.json	ghost_scene71_560f71bf_d3_ours	False
True	False	aeb_only	67	new60	3.5	True	True	7.913236570857903	False	False	main650	71	476	实验记录/20260606_new90_le3_1800_inference/runs/ghost_scene71_560f71bf_d3p5_aeb_only/summary.json	ghost_scene71_560f71bf_d3p5_aeb_only	False
True	False	mind	67	new60	3.5	True	True	7.991755020906551	False	False	main650	71	476	实验记录/20260606_new90_le3_1800_inference/runs/ghost_scene71_560f71bf_d3p5_mind/summary.json	ghost_scene71_560f71bf_d3p5_mind	False
True	False	ours	67	new60	3.5	True	True	4.194068879071223	False	False	main650	71	559	实验记录/20260606_new90_le3_1800_inference/runs/ghost_scene71_560f71bf_d3p5_ours/summary.json	ghost_scene71_560f71bf_d3p5_ours	False
True	False	aeb_only	67	new60	4.0	True	True	7.51912722284257	False	False	main650	71	472	实验记录/20260606_new90_le3_1800_inference/runs/ghost_scene71_560f71bf_d4_aeb_only/summary.json	ghost_scene71_560f71bf_d4_aeb_only	False
True	False	mind	67	new60	4.0	True	True	7.992059950651972	False	False	main650	71	472	实验记录/20260606_new90_le3_1800_inference/runs/ghost_scene71_560f71bf_d4_mind/summary.json	ghost_scene71_560f71bf_d4_mind	False
True	False	ours	67	new60	4.0	True	True	3.7666698171584283	False	False	main650	71	554	实验记录/20260606_new90_le3_1800_inference/runs/ghost_scene71_560f71bf_d4_ours/summary.json	ghost_scene71_560f71bf_d4_ours	False
True	False	aeb_only	67	new60	4.5	True	True	7.0433572059539955	False	False	main650	71	469	实验记录/20260606_new90_le3_1800_inference/runs/ghost_scene71_560f71bf_d4p5_aeb_only/summary.json	ghost_scene71_560f71bf_d4p5_aeb_only	False
True	False	mind	67	new60	4.5	True	True	7.992550985569158	False	False	main650	71	469	实验记录/20260606_new90_le3_1800_inference/runs/ghost_scene71_560f71bf_d4p5_mind/summary.json	ghost_scene71_560f71bf_d4p5_mind	False
True	False	ours	67	new60	4.5	True	True	3.254070664795246	False	False	main650	71	549	实验记录/20260606_new90_le3_1800_inference/runs/ghost_scene71_560f71bf_d4p5_ours/summary.json	ghost_scene71_560f71bf_d4p5_ours	False
True	False	aeb_only	67	new60	5.0	True	True	7.0433572059539955	False	False	main650	71	466	实验记录/20260606_new90_le3_1800_inference/runs/ghost_scene71_560f71bf_d5_aeb_only/summary.json	ghost_scene71_560f71bf_d5_aeb_only	False
True	False	mind	67	new60	5.0	True	True	7.992550985569158	False	False	main650	71	466	实验记录/20260606_new90_le3_1800_inference/runs/ghost_scene71_560f71bf_d5_mind/summary.json	ghost_scene71_560f71bf_d5_mind	False
True	False	ours	67	new60	5.0	True	True	2.6554427031189247	True	False	main650	71	544	实验记录/20260606_new90_le3_1800_inference/runs/ghost_scene71_560f71bf_d5_ours/summary.json	ghost_scene71_560f71bf_d5_ours	False
True	False	aeb_only	67	new60	5.5	True	True	6.646181972911618	False	False	main650	71	463	实验记录/20260606_new90_le3_1800_inference/runs/ghost_scene71_560f71bf_d5p5_aeb_only/summary.json	ghost_scene71_560f71bf_d5p5_aeb_only	False
True	False	mind	67	new60	5.5	True	True	7.994631010332108	False	False	main650	71	463	实验记录/20260606_new90_le3_1800_inference/runs/ghost_scene71_560f71bf_d5p5_mind/summary.json	ghost_scene71_560f71bf_d5p5_mind	False
True	False	ours	67	new60	5.5	True	True	1.88994480876904	True	False	main650	71	539	实验记录/20260606_new90_le3_1800_inference/runs/ghost_scene71_560f71bf_d5p5_ours/summary.json	ghost_scene71_560f71bf_d5p5_ours	False
True	False	aeb_only	68	new60	3.0	True	True	7.879466738103808	False	False	main650	72	408	实验记录/20260606_new90_le3_1800_inference/runs/ghost_scene72_28bdcdc4_d3_aeb_only/summary.json	ghost_scene72_28bdcdc4_d3_aeb_only	False
True	False	mind	68	new60	3.0	True	True	7.879466738103808	False	False	main650	72	408	实验记录/20260606_new90_le3_1800_inference/runs/ghost_scene72_28bdcdc4_d3_mind/summary.json	ghost_scene72_28bdcdc4_d3_mind	False
True	False	ours	68	new60	3.0	True	True	4.931348988665347	False	False	main650	72	488	实验记录/20260606_new90_le3_1800_inference/runs/ghost_scene72_28bdcdc4_d3_ours/summary.json	ghost_scene72_28bdcdc4_d3_ours	False
True	False	aeb_only	68	new60	3.5	True	True	7.415418675347231	False	False	main650	72	405	实验记录/20260606_new90_le3_1800_inference/runs/ghost_scene72_28bdcdc4_d3p5_aeb_only/summary.json	ghost_scene72_28bdcdc4_d3p5_aeb_only	False
True	False	mind	68	new60	3.5	True	True	7.8804471974937735	False	False	main650	72	405	实验记录/20260606_new90_le3_1800_inference/runs/ghost_scene72_28bdcdc4_d3p5_mind/summary.json	ghost_scene72_28bdcdc4_d3p5_mind	False
True	False	ours	68	new60	3.5	True	True	4.454212698355115	False	False	main650	72	483	实验记录/20260606_new90_le3_1800_inference/runs/ghost_scene72_28bdcdc4_d3p5_ours/summary.json	ghost_scene72_28bdcdc4_d3p5_ours	False
True	False	aeb_only	68	new60	4.0	True	True	7.415418675347231	False	False	main650	72	402	实验记录/20260606_new90_le3_1800_inference/runs/ghost_scene72_28bdcdc4_d4_aeb_only/summary.json	ghost_scene72_28bdcdc4_d4_aeb_only	False
True	False	mind	68	new60	4.0	True	True	7.8804471974937735	False	False	main650	72	402	实验记录/20260606_new90_le3_1800_inference/runs/ghost_scene72_28bdcdc4_d4_mind/summary.json	ghost_scene72_28bdcdc4_d4_mind	False
True	False	ours	68	new60	4.0	True	True	3.9761002577846245	False	False	main650	72	478	实验记录/20260606_new90_le3_1800_inference/runs/ghost_scene72_28bdcdc4_d4_ours/summary.json	ghost_scene72_28bdcdc4_d4_ours	False
True	False	aeb_only	68	new60	4.5	True	True	7.030237110328367	False	False	main650	72	399	实验记录/20260606_new90_le3_1800_inference/runs/ghost_scene72_28bdcdc4_d4p5_aeb_only/summary.json	ghost_scene72_28bdcdc4_d4p5_aeb_only	False
True	False	mind	68	new60	4.5	True	True	7.88156420941662	False	False	main650	72	399	实验记录/20260606_new90_le3_1800_inference/runs/ghost_scene72_28bdcdc4_d4p5_mind/summary.json	ghost_scene72_28bdcdc4_d4p5_mind	False
True	False	ours	68	new60	4.5	True	True	3.4972042350029016	False	False	main650	72	473	实验记录/20260606_new90_le3_1800_inference/runs/ghost_scene72_28bdcdc4_d4p5_ours/summary.json	ghost_scene72_28bdcdc4_d4p5_ours	False
True	False	aeb_only	68	new60	5.0	True	True	6.563051151244729	False	False	main650	72	395	实验记录/20260606_new90_le3_1800_inference/runs/ghost_scene72_28bdcdc4_d5_aeb_only/summary.json	ghost_scene72_28bdcdc4_d5_aeb_only	False
True	False	mind	68	new60	5.0	True	True	7.889726339070393	False	False	main650	72	395	实验记录/20260606_new90_le3_1800_inference/runs/ghost_scene72_28bdcdc4_d5_mind/summary.json	ghost_scene72_28bdcdc4_d5_mind	False
True	False	ours	68	new60	5.0	True	True	2.8576993220232856	True	False	main650	72	468	实验记录/20260606_new90_le3_1800_inference/runs/ghost_scene72_28bdcdc4_d5_ours/summary.json	ghost_scene72_28bdcdc4_d5_ours	False
True	False	aeb_only	68	new60	5.5	True	True	6.563051151244729	False	False	main650	72	392	实验记录/20260606_new90_le3_1800_inference/runs/ghost_scene72_28bdcdc4_d5p5_aeb_only/summary.json	ghost_scene72_28bdcdc4_d5p5_aeb_only	False
True	False	mind	68	new60	5.5	True	True	7.889726339070393	False	False	main650	72	392	实验记录/20260606_new90_le3_1800_inference/runs/ghost_scene72_28bdcdc4_d5p5_mind/summary.json	ghost_scene72_28bdcdc4_d5p5_mind	False
True	False	ours	68	new60	5.5	True	True	2.0579576691768926	True	False	main650	72	463	实验记录/20260606_new90_le3_1800_inference/runs/ghost_scene72_28bdcdc4_d5p5_ours/summary.json	ghost_scene72_28bdcdc4_d5p5_ours	False
True	False	aeb_only	69	new60	3.0	True	True	7.835560619201287	False	False	main650	73	394	实验记录/20260606_new90_le3_1800_inference/runs/ghost_scene73_683cfaef_d3_aeb_only/summary.json	ghost_scene73_683cfaef_d3_aeb_only	False
True	False	mind	69	new60	3.0	True	True	7.992775475579029	False	False	main650	73	394	实验记录/20260606_new90_le3_1800_inference/runs/ghost_scene73_683cfaef_d3_mind/summary.json	ghost_scene73_683cfaef_d3_mind	False
True	False	ours	69	new60	3.0	True	True	4.904328541337568	False	False	main650	73	450	实验记录/20260606_new90_le3_1800_inference/runs/ghost_scene73_683cfaef_d3_ours/summary.json	ghost_scene73_683cfaef_d3_ours	False
True	False	aeb_only	69	new60	3.5	True	True	7.835560619201287	False	False	main650	73	391	实验记录/20260606_new90_le3_1800_inference/runs/ghost_scene73_683cfaef_d3p5_aeb_only/summary.json	ghost_scene73_683cfaef_d3p5_aeb_only	False
True	False	mind	69	new60	3.5	True	True	7.992775475579029	False	False	main650	73	391	实验记录/20260606_new90_le3_1800_inference/runs/ghost_scene73_683cfaef_d3p5_mind/summary.json	ghost_scene73_683cfaef_d3p5_mind	False
True	False	ours	69	new60	3.5	True	True	4.503610487097163	False	False	main650	73	445	实验记录/20260606_new90_le3_1800_inference/runs/ghost_scene73_683cfaef_d3p5_ours/summary.json	ghost_scene73_683cfaef_d3p5_ours	False
True	False	aeb_only	69	new60	4.0	True	True	7.444075703966943	False	False	main650	73	388	实验记录/20260606_new90_le3_1800_inference/runs/ghost_scene73_683cfaef_d4_aeb_only/summary.json	ghost_scene73_683cfaef_d4_aeb_only	False
True	False	mind	69	new60	4.0	True	True	7.993817378480885	False	False	main650	73	388	实验记录/20260606_new90_le3_1800_inference/runs/ghost_scene73_683cfaef_d4_mind/summary.json	ghost_scene73_683cfaef_d4_mind	False
True	False	ours	69	new60	4.0	True	True	4.023387401420355	False	False	main650	73	440	实验记录/20260606_new90_le3_1800_inference/runs/ghost_scene73_683cfaef_d4_ours/summary.json	ghost_scene73_683cfaef_d4_ours	False
True	False	aeb_only	69	new60	4.5	True	True	7.053682569682415	False	False	main650	73	385	实验记录/20260606_new90_le3_1800_inference/runs/ghost_scene73_683cfaef_d4p5_aeb_only/summary.json	ghost_scene73_683cfaef_d4p5_aeb_only	False
True	False	mind	69	new60	4.5	True	True	7.994002630764267	False	False	main650	73	385	实验记录/20260606_new90_le3_1800_inference/runs/ghost_scene73_683cfaef_d4p5_mind/summary.json	ghost_scene73_683cfaef_d4p5_mind	False
True	False	ours	69	new60	4.5	True	True	4.023387401420355	False	False	main650	73	436	实验记录/20260606_new90_le3_1800_inference/runs/ghost_scene73_683cfaef_d4p5_ours/summary.json	ghost_scene73_683cfaef_d4p5_ours	False
True	False	aeb_only	69	new60	5.0	True	True	7.053682569682415	False	False	main650	73	382	实验记录/20260606_new90_le3_1800_inference/runs/ghost_scene73_683cfaef_d5_aeb_only/summary.json	ghost_scene73_683cfaef_d5_aeb_only	False
True	False	mind	69	new60	5.0	True	True	7.994002630764267	False	False	main650	73	382	实验记录/20260606_new90_le3_1800_inference/runs/ghost_scene73_683cfaef_d5_mind/summary.json	ghost_scene73_683cfaef_d5_mind	False
True	False	ours	69	new60	5.0	True	True	3.464999100393986	False	False	main650	73	431	实验记录/20260606_new90_le3_1800_inference/runs/ghost_scene73_683cfaef_d5_ours/summary.json	ghost_scene73_683cfaef_d5_ours	False
True	False	aeb_only	69	new60	5.5	True	True	6.584503031624591	False	False	main650	73	378	实验记录/20260606_new90_le3_1800_inference/runs/ghost_scene73_683cfaef_d5p5_aeb_only/summary.json	ghost_scene73_683cfaef_d5p5_aeb_only	False
True	False	mind	69	new60	5.5	True	True	7.980223538180522	False	False	main650	73	378	实验记录/20260606_new90_le3_1800_inference/runs/ghost_scene73_683cfaef_d5p5_mind/summary.json	ghost_scene73_683cfaef_d5p5_mind	False
True	False	ours	69	new60	5.5	True	True	2.830255607762342	True	False	main650	73	426	实验记录/20260606_new90_le3_1800_inference/runs/ghost_scene73_683cfaef_d5p5_ours/summary.json	ghost_scene73_683cfaef_d5p5_ours	False
True	False	aeb_only	70	new60	3.0	True	True	5.4242154021502955	False	False	main650	74	416	实验记录/20260606_new90_le3_1800_inference/runs/ghost_scene74_9b408388_d3_aeb_only/summary.json	ghost_scene74_9b408388_d3_aeb_only	False
True	False	mind	70	new60	3.0	True	True	5.4242154021502955	False	False	main650	74	416	实验记录/20260606_new90_le3_1800_inference/runs/ghost_scene74_9b408388_d3_mind/summary.json	ghost_scene74_9b408388_d3_mind	False
True	False	ours	70	new60	3.0	True	True	4.1829733780014005	False	False	main650	74	448	实验记录/20260606_new90_le3_1800_inference/runs/ghost_scene74_9b408388_d3_ours/summary.json	ghost_scene74_9b408388_d3_ours	False
True	False	aeb_only	70	new60	3.5	True	True	5.111177817580355	False	False	main650	74	411	实验记录/20260606_new90_le3_1800_inference/runs/ghost_scene74_9b408388_d3p5_aeb_only/summary.json	ghost_scene74_9b408388_d3p5_aeb_only	False
True	False	mind	70	new60	3.5	True	True	5.4228437330288415	False	False	main650	74	411	实验记录/20260606_new90_le3_1800_inference/runs/ghost_scene74_9b408388_d3p5_mind/summary.json	ghost_scene74_9b408388_d3p5_mind	False
True	False	ours	70	new60	3.5	True	True	3.7994838043228967	False	False	main650	74	443	实验记录/20260606_new90_le3_1800_inference/runs/ghost_scene74_9b408388_d3p5_ours/summary.json	ghost_scene74_9b408388_d3p5_ours	False
True	False	aeb_only	70	new60	4.0	True	True	4.639840169873819	False	False	main650	74	407	实验记录/20260606_new90_le3_1800_inference/runs/ghost_scene74_9b408388_d4_aeb_only/summary.json	ghost_scene74_9b408388_d4_aeb_only	False
True	False	mind	70	new60	4.0	True	True	5.446028020199937	False	False	main650	74	407	实验记录/20260606_new90_le3_1800_inference/runs/ghost_scene74_9b408388_d4_mind/summary.json	ghost_scene74_9b408388_d4_mind	False
True	False	ours	70	new60	4.0	True	True	3.3324826234185982	False	False	main650	74	437	实验记录/20260606_new90_le3_1800_inference/runs/ghost_scene74_9b408388_d4_ours/summary.json	ghost_scene74_9b408388_d4_ours	False
True	False	aeb_only	70	new60	4.5	True	True	4.168714322245422	False	False	main650	74	402	实验记录/20260606_new90_le3_1800_inference/runs/ghost_scene74_9b408388_d4p5_aeb_only/summary.json	ghost_scene74_9b408388_d4p5_aeb_only	False
True	False	mind	70	new60	4.5	True	True	5.43077118725381	False	False	main650	74	402	实验记录/20260606_new90_le3_1800_inference/runs/ghost_scene74_9b408388_d4p5_mind/summary.json	ghost_scene74_9b408388_d4p5_mind	False
True	False	ours	70	new60	4.5	True	True	2.7820314505691606	True	False	main650	74	431	实验记录/20260606_new90_le3_1800_inference/runs/ghost_scene74_9b408388_d4p5_ours/summary.json	ghost_scene74_9b408388_d4p5_ours	False
True	False	aeb_only	70	new60	5.0	True	True	3.6984570785994224	False	False	main650	74	397	实验记录/20260606_new90_le3_1800_inference/runs/ghost_scene74_9b408388_d5_aeb_only/summary.json	ghost_scene74_9b408388_d5_aeb_only	False
True	False	mind	70	new60	5.0	True	True	5.482307004923419	False	False	main650	74	397	实验记录/20260606_new90_le3_1800_inference/runs/ghost_scene74_9b408388_d5_mind/summary.json	ghost_scene74_9b408388_d5_mind	False
True	False	ours	70	new60	5.0	True	True	2.067382127480804	True	False	main650	74	426	实验记录/20260606_new90_le3_1800_inference/runs/ghost_scene74_9b408388_d5_ours/summary.json	ghost_scene74_9b408388_d5_ours	False
True	False	aeb_only	70	new60	5.5	True	True	3.0684732202214153	False	False	main650	74	393	实验记录/20260606_new90_le3_1800_inference/runs/ghost_scene74_9b408388_d5p5_aeb_only/summary.json	ghost_scene74_9b408388_d5p5_aeb_only	False
True	False	mind	70	new60	5.5	True	True	5.486806565899136	False	False	main650	74	393	实验记录/20260606_new90_le3_1800_inference/runs/ghost_scene74_9b408388_d5p5_mind/summary.json	ghost_scene74_9b408388_d5p5_mind	False
True	True	ours	70	new60	5.5	False	True		False	False	main650	74	420	实验记录/20260606_new90_le3_1800_inference/runs/ghost_scene74_9b408388_d5p5_ours/summary.json	ghost_scene74_9b408388_d5p5_ours	False
True	False	aeb_only	71	new60	3.0	True	True	6.106137601784817	False	False	main650	76	546	实验记录/20260606_new90_le3_1800_inference/runs/ghost_scene76_912e3348_d3_aeb_only/summary.json	ghost_scene76_912e3348_d3_aeb_only	False
True	False	mind	71	new60	3.0	True	True	6.106137601784817	False	False	main650	76	546	实验记录/20260606_new90_le3_1800_inference/runs/ghost_scene76_912e3348_d3_mind/summary.json	ghost_scene76_912e3348_d3_mind	False
True	False	ours	71	new60	3.0	True	True	4.776672532494206	False	False	h800	76	730	实验记录/20260607_new90_clean70_h800_late_or_unspawned_30workers/runs/ghost_scene76_912e3348_d3_ours/summary.json	ghost_scene76_912e3348_d3_ours	False
True	False	aeb_only	71	new60	3.5	True	True	5.866518471121457	False	False	main650	76	542	实验记录/20260606_new90_le3_1800_inference/runs/ghost_scene76_912e3348_d3p5_aeb_only/summary.json	ghost_scene76_912e3348_d3p5_aeb_only	False
True	False	mind	71	new60	3.5	True	True	6.115502168016108	False	False	main650	76	542	实验记录/20260606_new90_le3_1800_inference/runs/ghost_scene76_912e3348_d3p5_mind/summary.json	ghost_scene76_912e3348_d3p5_mind	False
True	False	ours	71	new60	3.5	True	True	4.343294170684262	False	False	h800	76	725	实验记录/20260607_new90_clean70_h800_late_or_unspawned_30workers/runs/ghost_scene76_912e3348_d3p5_ours/summary.json	ghost_scene76_912e3348_d3p5_ours	False
True	False	aeb_only	71	new60	4.0	True	True	5.486747836059861	False	False	main650	76	538	实验记录/20260606_new90_le3_1800_inference/runs/ghost_scene76_912e3348_d4_aeb_only/summary.json	ghost_scene76_912e3348_d4_aeb_only	False
True	False	mind	71	new60	4.0	True	True	6.132719878432673	False	False	main650	76	538	实验记录/20260606_new90_le3_1800_inference/runs/ghost_scene76_912e3348_d4_mind/summary.json	ghost_scene76_912e3348_d4_mind	False
True	False	ours	71	new60	4.0	True	True	3.907027442691719	False	False	h800	76	720	实验记录/20260607_new90_clean70_h800_late_or_unspawned_30workers/runs/ghost_scene76_912e3348_d4_ours/summary.json	ghost_scene76_912e3348_d4_ours	False
True	False	aeb_only	71	new60	4.5	True	True	5.178209352515567	False	False	main650	76	534	实验记录/20260606_new90_le3_1800_inference/runs/ghost_scene76_912e3348_d4p5_aeb_only/summary.json	ghost_scene76_912e3348_d4p5_aeb_only	False
True	False	mind	71	new60	4.5	True	True	6.15271420920001	False	False	main650	76	534	实验记录/20260606_new90_le3_1800_inference/runs/ghost_scene76_912e3348_d4p5_mind/summary.json	ghost_scene76_912e3348_d4p5_mind	False
True	False	ours	71	new60	4.5	True	True	3.4679258519362595	False	False	h800	76	715	实验记录/20260607_new90_clean70_h800_late_or_unspawned_30workers/runs/ghost_scene76_912e3348_d4p5_ours/summary.json	ghost_scene76_912e3348_d4p5_ours	False
True	False	aeb_only	71	new60	5.0	True	True	5.178209352515567	False	False	main650	76	531	实验记录/20260606_new90_le3_1800_inference/runs/ghost_scene76_912e3348_d5_aeb_only/summary.json	ghost_scene76_912e3348_d5_aeb_only	False
True	False	mind	71	new60	5.0	True	True	6.15271420920001	False	False	main650	76	531	实验记录/20260606_new90_le3_1800_inference/runs/ghost_scene76_912e3348_d5_mind/summary.json	ghost_scene76_912e3348_d5_mind	False
True	False	ours	71	new60	5.0	True	True	2.8633925583318804	True	False	h800	76	710	实验记录/20260607_new90_clean70_h800_late_or_unspawned_30workers/runs/ghost_scene76_912e3348_d5_ours/summary.json	ghost_scene76_912e3348_d5_ours	False
True	False	aeb_only	71	new60	5.5	True	True	4.792183684488785	False	False	main650	76	527	实验记录/20260606_new90_le3_1800_inference/runs/ghost_scene76_912e3348_d5p5_aeb_only/summary.json	ghost_scene76_912e3348_d5p5_aeb_only	False
True	False	mind	71	new60	5.5	True	True	6.146285495304726	False	False	main650	76	527	实验记录/20260606_new90_le3_1800_inference/runs/ghost_scene76_912e3348_d5p5_mind/summary.json	ghost_scene76_912e3348_d5p5_mind	False
True	False	ours	71	new60	5.5	True	True	2.093917521341397	True	False	h800	76	705	实验记录/20260607_new90_clean70_h800_late_or_unspawned_30workers/runs/ghost_scene76_912e3348_d5p5_ours/summary.json	ghost_scene76_912e3348_d5p5_ours	False
True	False	aeb_only	72	new60	3.0	True	True	6.9225598631202	False	False	main650	78	432	实验记录/20260606_new90_le3_1800_inference/runs/ghost_scene78_6bb2154f_d3_aeb_only/summary.json	ghost_scene78_6bb2154f_d3_aeb_only	False
True	False	mind	72	new60	3.0	True	True	6.9225598631202	False	False	main650	78	432	实验记录/20260606_new90_le3_1800_inference/runs/ghost_scene78_6bb2154f_d3_mind/summary.json	ghost_scene78_6bb2154f_d3_mind	False
True	False	ours	72	new60	3.0	True	True	4.38735452742944	False	False	main650	78	512	实验记录/20260606_new90_le3_1800_inference/runs/ghost_scene78_6bb2154f_d3_ours/summary.json	ghost_scene78_6bb2154f_d3_ours	False
True	False	aeb_only	72	new60	3.5	True	True	6.5274487863757145	False	False	main650	78	428	实验记录/20260606_new90_le3_1800_inference/runs/ghost_scene78_6bb2154f_d3p5_aeb_only/summary.json	ghost_scene78_6bb2154f_d3p5_aeb_only	False
True	False	mind	72	new60	3.5	True	True	6.921622813192037	False	False	main650	78	428	实验记录/20260606_new90_le3_1800_inference/runs/ghost_scene78_6bb2154f_d3p5_mind/summary.json	ghost_scene78_6bb2154f_d3p5_mind	False
True	False	ours	72	new60	3.5	True	True	3.996979148486491	False	False	main650	78	506	实验记录/20260606_new90_le3_1800_inference/runs/ghost_scene78_6bb2154f_d3p5_ours/summary.json	ghost_scene78_6bb2154f_d3p5_ours	False
True	False	aeb_only	72	new60	4.0	True	True	6.131702166050715	False	False	main650	78	425	实验记录/20260606_new90_le3_1800_inference/runs/ghost_scene78_6bb2154f_d4_aeb_only/summary.json	ghost_scene78_6bb2154f_d4_aeb_only	False
True	False	mind	72	new60	4.0	True	True	6.931925987994384	False	False	main650	78	425	实验记录/20260606_new90_le3_1800_inference/runs/ghost_scene78_6bb2154f_d4_mind/summary.json	ghost_scene78_6bb2154f_d4_mind	False
True	False	ours	72	new60	4.0	True	True	3.5259203448702667	False	False	main650	78	501	实验记录/20260606_new90_le3_1800_inference/runs/ghost_scene78_6bb2154f_d4_ours/summary.json	ghost_scene78_6bb2154f_d4_ours	False
True	False	aeb_only	72	new60	4.5	True	True	6.131702166050715	False	False	main650	78	421	实验记录/20260606_new90_le3_1800_inference/runs/ghost_scene78_6bb2154f_d4p5_aeb_only/summary.json	ghost_scene78_6bb2154f_d4p5_aeb_only	False
True	False	mind	72	new60	4.5	True	True	6.931925987994384	False	False	main650	78	421	实验记录/20260606_new90_le3_1800_inference/runs/ghost_scene78_6bb2154f_d4p5_mind/summary.json	ghost_scene78_6bb2154f_d4p5_mind	False
True	False	ours	72	new60	4.5	True	True	2.3491064173772367	True	False	main650	78	495	实验记录/20260606_new90_le3_1800_inference/runs/ghost_scene78_6bb2154f_d4p5_ours/summary.json	ghost_scene78_6bb2154f_d4p5_ours	False
True	False	aeb_only	72	new60	5.0	True	True	5.653595438799944	False	False	main650	78	418	实验记录/20260606_new90_le3_1800_inference/runs/ghost_scene78_6bb2154f_d5_aeb_only/summary.json	ghost_scene78_6bb2154f_d5_aeb_only	False
True	False	mind	72	new60	5.0	True	True	6.928999788837872	False	False	main650	78	418	实验记录/20260606_new90_le3_1800_inference/runs/ghost_scene78_6bb2154f_d5_mind/summary.json	ghost_scene78_6bb2154f_d5_mind	False
True	False	ours	72	new60	5.0	True	True	1.4744663855356341	True	False	main650	78	490	实验记录/20260606_new90_le3_1800_inference/runs/ghost_scene78_6bb2154f_d5_ours/summary.json	ghost_scene78_6bb2154f_d5_ours	False
True	False	aeb_only	72	new60	5.5	True	True	5.177934833319858	False	False	main650	78	414	实验记录/20260606_new90_le3_1800_inference/runs/ghost_scene78_6bb2154f_d5p5_aeb_only/summary.json	ghost_scene78_6bb2154f_d5p5_aeb_only	False
True	False	mind	72	new60	5.5	True	True	6.931946421455498	False	False	main650	78	414	实验记录/20260606_new90_le3_1800_inference/runs/ghost_scene78_6bb2154f_d5p5_mind/summary.json	ghost_scene78_6bb2154f_d5p5_mind	False
True	True	ours	72	new60	5.5	False	True		False	False	main650	78	484	实验记录/20260606_new90_le3_1800_inference/runs/ghost_scene78_6bb2154f_d5p5_ours/summary.json	ghost_scene78_6bb2154f_d5p5_ours	False
True	False	aeb_only	73	new60	3.0	True	True	7.359673222930443	False	False	main650	79	406	实验记录/20260606_new90_le3_1800_inference/runs/ghost_scene79_d4030c16_d3_aeb_only/summary.json	ghost_scene79_d4030c16_d3_aeb_only	False
True	False	mind	73	new60	3.0	True	True	7.359673222930443	False	False	main650	79	406	实验记录/20260606_new90_le3_1800_inference/runs/ghost_scene79_d4030c16_d3_mind/summary.json	ghost_scene79_d4030c16_d3_mind	False
True	False	ours	73	new60	3.0	True	True	4.284786473992557	False	False	main650	79	531	实验记录/20260606_new90_le3_1800_inference/runs/ghost_scene79_d4030c16_d3_ours/summary.json	ghost_scene79_d4030c16_d3_ours	False
True	False	aeb_only	73	new60	3.5	True	True	7.060006516206041	False	False	main650	79	403	实验记录/20260606_new90_le3_1800_inference/runs/ghost_scene79_d4030c16_d3p5_aeb_only/summary.json	ghost_scene79_d4030c16_d3p5_aeb_only	False
True	False	mind	73	new60	3.5	True	True	7.359645299958014	False	False	main650	79	403	实验记录/20260606_new90_le3_1800_inference/runs/ghost_scene79_d4030c16_d3p5_mind/summary.json	ghost_scene79_d4030c16_d3p5_mind	False
True	False	ours	73	new60	3.5	True	True	3.402979501302821	False	False	main650	79	525	实验记录/20260606_new90_le3_1800_inference/runs/ghost_scene79_d4030c16_d3p5_ours/summary.json	ghost_scene79_d4030c16_d3p5_ours	False
True	False	aeb_only	73	new60	4.0	True	True	6.689944352790129	False	False	main650	79	400	实验记录/20260606_new90_le3_1800_inference/runs/ghost_scene79_d4030c16_d4_aeb_only/summary.json	ghost_scene79_d4030c16_d4_aeb_only	False
True	False	mind	73	new60	4.0	True	True	7.29183871835614	False	False	main650	79	400	实验记录/20260606_new90_le3_1800_inference/runs/ghost_scene79_d4030c16_d4_mind/summary.json	ghost_scene79_d4030c16_d4_mind	False
True	False	ours	73	new60	4.0	True	True	2.8429292905100034	True	False	main650	79	519	实验记录/20260606_new90_le3_1800_inference/runs/ghost_scene79_d4030c16_d4_ours/summary.json	ghost_scene79_d4030c16_d4_ours	False
True	False	aeb_only	73	new60	4.5	True	True	6.689944352790129	False	False	main650	79	396	实验记录/20260606_new90_le3_1800_inference/runs/ghost_scene79_d4030c16_d4p5_aeb_only/summary.json	ghost_scene79_d4030c16_d4p5_aeb_only	False
True	False	mind	73	new60	4.5	True	True	7.29183871835614	False	False	main650	79	396	实验记录/20260606_new90_le3_1800_inference/runs/ghost_scene79_d4030c16_d4p5_mind/summary.json	ghost_scene79_d4030c16_d4p5_mind	False
True	False	ours	73	new60	4.5	True	True	2.203248802742448	True	False	main650	79	514	实验记录/20260606_new90_le3_1800_inference/runs/ghost_scene79_d4030c16_d4p5_ours/summary.json	ghost_scene79_d4030c16_d4p5_ours	False
True	False	aeb_only	73	new60	5.0	True	True	6.243772763885453	False	False	main650	79	393	实验记录/20260606_new90_le3_1800_inference/runs/ghost_scene79_d4030c16_d5_aeb_only/summary.json	ghost_scene79_d4030c16_d5_aeb_only	False
True	False	mind	73	new60	5.0	True	True	7.327022312718953	False	False	main650	79	393	实验记录/20260606_new90_le3_1800_inference/runs/ghost_scene79_d4030c16_d5_mind/summary.json	ghost_scene79_d4030c16_d5_mind	False
True	False	ours	73	new60	5.0	True	True	1.1632315449982888	True	False	main650	79	508	实验记录/20260606_new90_le3_1800_inference/runs/ghost_scene79_d4030c16_d5_ours/summary.json	ghost_scene79_d4030c16_d5_ours	False
True	False	aeb_only	73	new60	5.5	True	True	5.820533339806699	False	False	main650	79	390	实验记录/20260606_new90_le3_1800_inference/runs/ghost_scene79_d4030c16_d5p5_aeb_only/summary.json	ghost_scene79_d4030c16_d5p5_aeb_only	False
True	False	mind	73	new60	5.5	True	True	7.358034436680965	False	False	main650	79	390	实验记录/20260606_new90_le3_1800_inference/runs/ghost_scene79_d4030c16_d5p5_mind/summary.json	ghost_scene79_d4030c16_d5p5_mind	False
False	False	ours	73	new60	5.5	False	True		True	True	main650	79	502	实验记录/20260606_new90_le3_1800_inference/runs/ghost_scene79_d4030c16_d5p5_ours/summary.json	ghost_scene79_d4030c16_d5p5_ours	True
True	False	aeb_only	74	new60	3.0	True	True	6.575438674023286	False	False	main650	80	409	实验记录/20260606_new90_le3_1800_inference/runs/ghost_scene80_758f7517_d3_aeb_only/summary.json	ghost_scene80_758f7517_d3_aeb_only	False
True	False	mind	74	new60	3.0	True	True	6.747726141368832	False	False	main650	80	409	实验记录/20260606_new90_le3_1800_inference/runs/ghost_scene80_758f7517_d3_mind/summary.json	ghost_scene80_758f7517_d3_mind	False
True	False	ours	74	new60	3.0	True	True	2.861844490860641	True	False	main650	80	484	实验记录/20260606_new90_le3_1800_inference/runs/ghost_scene80_758f7517_d3_ours/summary.json	ghost_scene80_758f7517_d3_ours	False
True	False	aeb_only	74	new60	3.5	True	True	6.575438674023286	False	False	main650	80	406	实验记录/20260606_new90_le3_1800_inference/runs/ghost_scene80_758f7517_d3p5_aeb_only/summary.json	ghost_scene80_758f7517_d3p5_aeb_only	False
True	False	mind	74	new60	3.5	True	True	6.747726141368832	False	False	main650	80	406	实验记录/20260606_new90_le3_1800_inference/runs/ghost_scene80_758f7517_d3p5_mind/summary.json	ghost_scene80_758f7517_d3p5_mind	False
True	False	ours	74	new60	3.5	True	True	2.3848489077554236	True	False	main650	80	476	实验记录/20260606_new90_le3_1800_inference/runs/ghost_scene80_758f7517_d3p5_ours/summary.json	ghost_scene80_758f7517_d3p5_ours	False
True	False	aeb_only	74	new60	4.0	True	True	6.1517035914361795	False	False	main650	80	402	实验记录/20260606_new90_le3_1800_inference/runs/ghost_scene80_758f7517_d4_aeb_only/summary.json	ghost_scene80_758f7517_d4_aeb_only	False
True	False	mind	74	new60	4.0	True	True	6.749218332342414	False	False	main650	80	402	实验记录/20260606_new90_le3_1800_inference/runs/ghost_scene80_758f7517_d4_mind/summary.json	ghost_scene80_758f7517_d4_mind	False
True	False	ours	74	new60	4.0	True	True	0.9653566511275137	True	False	main650	80	469	实验记录/20260606_new90_le3_1800_inference/runs/ghost_scene80_758f7517_d4_ours/summary.json	ghost_scene80_758f7517_d4_ours	False
True	False	aeb_only	74	new60	4.5	True	True	5.649340609839921	False	False	main650	80	398	实验记录/20260606_new90_le3_1800_inference/runs/ghost_scene80_758f7517_d4p5_aeb_only/summary.json	ghost_scene80_758f7517_d4p5_aeb_only	False
True	False	mind	74	new60	4.5	True	True	6.741198234657212	False	False	main650	80	398	实验记录/20260606_new90_le3_1800_inference/runs/ghost_scene80_758f7517_d4p5_mind/summary.json	ghost_scene80_758f7517_d4p5_mind	False
False	False	ours	74	new60	4.5	False	True		True	True	main650	80	461	实验记录/20260606_new90_le3_1800_inference/runs/ghost_scene80_758f7517_d4p5_ours/summary.json	ghost_scene80_758f7517_d4p5_ours	True
True	False	aeb_only	74	new60	5.0	True	True	5.148998183713078	False	False	main650	80	395	实验记录/20260606_new90_le3_1800_inference/runs/ghost_scene80_758f7517_d5_aeb_only/summary.json	ghost_scene80_758f7517_d5_aeb_only	False
True	False	mind	74	new60	5.0	True	True	6.741684631744085	False	False	main650	80	395	实验记录/20260606_new90_le3_1800_inference/runs/ghost_scene80_758f7517_d5_mind/summary.json	ghost_scene80_758f7517_d5_mind	False
False	False	ours	74	new60	5.0	False	True		True	True	main650	80	454	实验记录/20260606_new90_le3_1800_inference/runs/ghost_scene80_758f7517_d5_ours/summary.json	ghost_scene80_758f7517_d5_ours	True
True	False	aeb_only	74	new60	5.5	True	True	5.148998183713078	False	False	main650	80	391	实验记录/20260606_new90_le3_1800_inference/runs/ghost_scene80_758f7517_d5p5_aeb_only/summary.json	ghost_scene80_758f7517_d5p5_aeb_only	False
True	False	mind	74	new60	5.5	True	True	6.741684631744085	False	False	main650	80	391	实验记录/20260606_new90_le3_1800_inference/runs/ghost_scene80_758f7517_d5p5_mind/summary.json	ghost_scene80_758f7517_d5p5_mind	False
True	False	ours	74	new60	5.5	True	True	1.5213413383030683	True	False	main650	80	446	实验记录/20260606_new90_le3_1800_inference/runs/ghost_scene80_758f7517_d5p5_ours/summary.json	ghost_scene80_758f7517_d5p5_ours	False
True	False	aeb_only	75	new60	3.0	True	True	3.657866409191043	False	False	main650	81	501	实验记录/20260606_new90_le3_1800_inference/runs/ghost_scene81_8195475c_d3_aeb_only/summary.json	ghost_scene81_8195475c_d3_aeb_only	False
True	False	mind	75	new60	3.0	True	True	3.7285307708554574	False	False	main650	81	501	实验记录/20260606_new90_le3_1800_inference/runs/ghost_scene81_8195475c_d3_mind/summary.json	ghost_scene81_8195475c_d3_mind	False
True	False	ours	75	new60	3.0	True	True	3.056545564002338	False	False	main650	81	564	实验记录/20260606_new90_le3_1800_inference/runs/ghost_scene81_8195475c_d3_ours/summary.json	ghost_scene81_8195475c_d3_ours	False
True	False	aeb_only	75	new60	3.5	True	True	2.9443921354727967	True	False	main650	81	495	实验记录/20260606_new90_le3_1800_inference/runs/ghost_scene81_8195475c_d3p5_aeb_only/summary.json	ghost_scene81_8195475c_d3p5_aeb_only	False
True	False	mind	75	new60	3.5	True	True	3.8042792393417404	False	False	main650	81	495	实验记录/20260606_new90_le3_1800_inference/runs/ghost_scene81_8195475c_d3p5_mind/summary.json	ghost_scene81_8195475c_d3p5_mind	False
True	False	ours	75	new60	3.5	True	True	2.637823125908703	True	False	main650	81	557	实验记录/20260606_new90_le3_1800_inference/runs/ghost_scene81_8195475c_d3p5_ours/summary.json	ghost_scene81_8195475c_d3p5_ours	False
True	False	aeb_only	75	new60	4.0	True	True	2.4714890046921014	True	False	main650	81	488	实验记录/20260606_new90_le3_1800_inference/runs/ghost_scene81_8195475c_d4_aeb_only/summary.json	ghost_scene81_8195475c_d4_aeb_only	False
True	False	mind	75	new60	4.0	True	True	3.850957459225742	False	False	main650	81	488	实验记录/20260606_new90_le3_1800_inference/runs/ghost_scene81_8195475c_d4_mind/summary.json	ghost_scene81_8195475c_d4_mind	False
True	False	ours	75	new60	4.0	True	True	1.5515494512749255	True	False	main650	81	550	实验记录/20260606_new90_le3_1800_inference/runs/ghost_scene81_8195475c_d4_ours/summary.json	ghost_scene81_8195475c_d4_ours	False
True	False	aeb_only	75	new60	4.5	True	True	1.921647391347526	True	False	main650	81	482	实验记录/20260606_new90_le3_1800_inference/runs/ghost_scene81_8195475c_d4p5_aeb_only/summary.json	ghost_scene81_8195475c_d4p5_aeb_only	False
True	False	mind	75	new60	4.5	True	True	4.018047255471125	False	False	main650	81	482	实验记录/20260606_new90_le3_1800_inference/runs/ghost_scene81_8195475c_d4p5_mind/summary.json	ghost_scene81_8195475c_d4p5_mind	False
True	False	ours	75	new60	4.5	True	True	0.3880355138508281	True	False	main650	81	543	实验记录/20260606_new90_le3_1800_inference/runs/ghost_scene81_8195475c_d4p5_ours/summary.json	ghost_scene81_8195475c_d4p5_ours	False
True	False	aeb_only	75	new60	5.0	True	True	1.2153229045149203	True	False	main650	81	476	实验记录/20260606_new90_le3_1800_inference/runs/ghost_scene81_8195475c_d5_aeb_only/summary.json	ghost_scene81_8195475c_d5_aeb_only	False
True	False	mind	75	new60	5.0	True	True	3.942246444946836	False	False	main650	81	476	实验记录/20260606_new90_le3_1800_inference/runs/ghost_scene81_8195475c_d5_mind/summary.json	ghost_scene81_8195475c_d5_mind	False
False	False	ours	75	new60	5.0	False	True		True	True	main650	81	537	实验记录/20260606_new90_le3_1800_inference/runs/ghost_scene81_8195475c_d5_ours/summary.json	ghost_scene81_8195475c_d5_ours	True
True	False	aeb_only	75	new60	5.5	True	True	0.3736575070808247	True	False	main650	81	471	实验记录/20260606_new90_le3_1800_inference/runs/ghost_scene81_8195475c_d5p5_aeb_only/summary.json	ghost_scene81_8195475c_d5p5_aeb_only	False
True	False	mind	75	new60	5.5	True	True	4.111370260434187	False	False	main650	81	471	实验记录/20260606_new90_le3_1800_inference/runs/ghost_scene81_8195475c_d5p5_mind/summary.json	ghost_scene81_8195475c_d5p5_mind	False
False	False	ours	75	new60	5.5	False	True		True	True	main650	81	530	实验记录/20260606_new90_le3_1800_inference/runs/ghost_scene81_8195475c_d5p5_ours/summary.json	ghost_scene81_8195475c_d5p5_ours	True
True	False	aeb_only	76	new60	3.0	True	True	1.2017326595385263	True	False	main650	82	330	实验记录/20260606_new90_le3_1800_inference/runs/ghost_scene82_9658c5ea_d3_aeb_only/summary.json	ghost_scene82_9658c5ea_d3_aeb_only	False
True	False	mind	76	new60	3.0	True	True	2.2357157477940777	True	False	main650	82	330	实验记录/20260606_new90_le3_1800_inference/runs/ghost_scene82_9658c5ea_d3_mind/summary.json	ghost_scene82_9658c5ea_d3_mind	False
True	False	ours	76	new60	3.0	True	True	1.6722817743532281	True	False	main650	82	341	实验记录/20260606_new90_le3_1800_inference/runs/ghost_scene82_9658c5ea_d3_ours/summary.json	ghost_scene82_9658c5ea_d3_ours	False
True	False	aeb_only	76	new60	3.5	True	True	0.040678674652607466	True	False	main650	82	318	实验记录/20260606_new90_le3_1800_inference/runs/ghost_scene82_9658c5ea_d3p5_aeb_only/summary.json	ghost_scene82_9658c5ea_d3p5_aeb_only	False
True	False	mind	76	new60	3.5	True	True	2.308616356744404	True	False	main650	82	318	实验记录/20260606_new90_le3_1800_inference/runs/ghost_scene82_9658c5ea_d3p5_mind/summary.json	ghost_scene82_9658c5ea_d3p5_mind	False
True	False	ours	76	new60	3.5	True	True	1.5805864081322378	True	False	main650	82	324	实验记录/20260606_new90_le3_1800_inference/runs/ghost_scene82_9658c5ea_d3p5_ours/summary.json	ghost_scene82_9658c5ea_d3p5_ours	False
True	False	aeb_only	76	new60	4.0	True	True	0.12889577113963918	True	False	main650	82	303	实验记录/20260606_new90_le3_1800_inference/runs/ghost_scene82_9658c5ea_d4_aeb_only/summary.json	ghost_scene82_9658c5ea_d4_aeb_only	False
True	False	mind	76	new60	4.0	True	True	2.3968359934694012	True	False	main650	82	303	实验记录/20260606_new90_le3_1800_inference/runs/ghost_scene82_9658c5ea_d4_mind/summary.json	ghost_scene82_9658c5ea_d4_mind	False
True	False	ours	76	new60	4.0	True	True	0.9663295142306466	True	False	main650	82	306	实验记录/20260606_new90_le3_1800_inference/runs/ghost_scene82_9658c5ea_d4_ours/summary.json	ghost_scene82_9658c5ea_d4_ours	False
True	False	aeb_only	76	new60	4.5	True	True	0.8835621376277076	True	False	main650	82	284	实验记录/20260606_new90_le3_1800_inference/runs/ghost_scene82_9658c5ea_d4p5_aeb_only/summary.json	ghost_scene82_9658c5ea_d4p5_aeb_only	False
True	False	mind	76	new60	4.5	True	True	2.226206494220811	True	False	main650	82	284	实验记录/20260606_new90_le3_1800_inference/runs/ghost_scene82_9658c5ea_d4p5_mind/summary.json	ghost_scene82_9658c5ea_d4p5_mind	False
True	False	ours	76	new60	4.5	True	True	0.802304218452555	True	False	main650	82	285	实验记录/20260606_new90_le3_1800_inference/runs/ghost_scene82_9658c5ea_d4p5_ours/summary.json	ghost_scene82_9658c5ea_d4p5_ours	False
True	False	aeb_only	76	new60	5.0	True	True	1.1795981258797112	True	False	main650	82	254	实验记录/20260606_new90_le3_1800_inference/runs/ghost_scene82_9658c5ea_d5_aeb_only/summary.json	ghost_scene82_9658c5ea_d5_aeb_only	False
True	False	mind	76	new60	5.0	True	True	1.0295387204616187	True	False	main650	82	254	实验记录/20260606_new90_le3_1800_inference/runs/ghost_scene82_9658c5ea_d5_mind/summary.json	ghost_scene82_9658c5ea_d5_mind	False
True	False	ours	76	new60	5.0	True	True	0.22966030252174868	True	False	main650	82	254	实验记录/20260606_new90_le3_1800_inference/runs/ghost_scene82_9658c5ea_d5_ours/summary.json	ghost_scene82_9658c5ea_d5_ours	False
True	False	aeb_only	76	new60	5.5	True	True	1.7003589676233732	True	False	main650	82	216	实验记录/20260606_new90_le3_1800_inference/runs/ghost_scene82_9658c5ea_d5p5_aeb_only/summary.json	ghost_scene82_9658c5ea_d5p5_aeb_only	False
True	False	mind	76	new60	5.5	True	True	1.8988915033071063	True	False	main650	82	216	实验记录/20260606_new90_le3_1800_inference/runs/ghost_scene82_9658c5ea_d5p5_mind/summary.json	ghost_scene82_9658c5ea_d5p5_mind	False
True	False	ours	76	new60	5.5	True	True	1.716923103530638	True	False	main650	82	216	实验记录/20260606_new90_le3_1800_inference/runs/ghost_scene82_9658c5ea_d5p5_ours/summary.json	ghost_scene82_9658c5ea_d5p5_ours	False
True	False	aeb_only	77	new60	3.0	True	True	6.335719363144366	False	False	main650	83	508	实验记录/20260606_new90_le3_1800_inference/runs/ghost_scene83_61f018bc_d3_aeb_only/summary.json	ghost_scene83_61f018bc_d3_aeb_only	False
True	False	mind	77	new60	3.0	True	True	6.4009605927629805	False	False	main650	83	508	实验记录/20260606_new90_le3_1800_inference/runs/ghost_scene83_61f018bc_d3_mind/summary.json	ghost_scene83_61f018bc_d3_mind	False
True	False	ours	77	new60	3.0	True	True	3.3654221965652837	False	False	h800	83	660	实验记录/20260607_new90_clean70_h800_late_or_unspawned_30workers/runs/ghost_scene83_61f018bc_d3_ours/summary.json	ghost_scene83_61f018bc_d3_ours	False
True	False	aeb_only	77	new60	3.5	True	True	6.004615543521928	False	False	main650	83	504	实验记录/20260606_new90_le3_1800_inference/runs/ghost_scene83_61f018bc_d3p5_aeb_only/summary.json	ghost_scene83_61f018bc_d3p5_aeb_only	False
True	False	mind	77	new60	3.5	True	True	6.394855970694057	False	False	main650	83	504	实验记录/20260606_new90_le3_1800_inference/runs/ghost_scene83_61f018bc_d3p5_mind/summary.json	ghost_scene83_61f018bc_d3p5_mind	False
True	False	ours	77	new60	3.5	True	True	2.856062811269646	True	False	h800	83	653	实验记录/20260607_new90_clean70_h800_late_or_unspawned_30workers/runs/ghost_scene83_61f018bc_d3p5_ours/summary.json	ghost_scene83_61f018bc_d3p5_ours	False
True	False	aeb_only	77	new60	4.0	True	True	5.680105747863521	False	False	main650	83	500	实验记录/20260606_new90_le3_1800_inference/runs/ghost_scene83_61f018bc_d4_aeb_only/summary.json	ghost_scene83_61f018bc_d4_aeb_only	False
True	False	mind	77	new60	4.0	True	True	6.415780473276104	False	False	main650	83	500	实验记录/20260606_new90_le3_1800_inference/runs/ghost_scene83_61f018bc_d4_mind/summary.json	ghost_scene83_61f018bc_d4_mind	False
True	False	ours	77	new60	4.0	True	True	2.271835149242187	True	False	h800	83	646	实验记录/20260607_new90_clean70_h800_late_or_unspawned_30workers/runs/ghost_scene83_61f018bc_d4_ours/summary.json	ghost_scene83_61f018bc_d4_ours	False
True	False	aeb_only	77	new60	4.5	True	True	5.680105747863521	False	False	main650	83	497	实验记录/20260606_new90_le3_1800_inference/runs/ghost_scene83_61f018bc_d4p5_aeb_only/summary.json	ghost_scene83_61f018bc_d4p5_aeb_only	False
True	False	mind	77	new60	4.5	True	True	6.415780473276104	False	False	main650	83	497	实验记录/20260606_new90_le3_1800_inference/runs/ghost_scene83_61f018bc_d4p5_mind/summary.json	ghost_scene83_61f018bc_d4p5_mind	False
True	False	ours	77	new60	4.5	True	True	0.030105232345564465	True	False	h800	83	639	实验记录/20260607_new90_clean70_h800_late_or_unspawned_30workers/runs/ghost_scene83_61f018bc_d4p5_ours/summary.json	ghost_scene83_61f018bc_d4p5_ours	False
True	False	aeb_only	77	new60	5.0	True	True	5.2882682672788	False	False	main650	83	493	实验记录/20260606_new90_le3_1800_inference/runs/ghost_scene83_61f018bc_d5_aeb_only/summary.json	ghost_scene83_61f018bc_d5_aeb_only	False
True	False	mind	77	new60	5.0	True	True	6.3845960919072615	False	False	main650	83	493	实验记录/20260606_new90_le3_1800_inference/runs/ghost_scene83_61f018bc_d5_mind/summary.json	ghost_scene83_61f018bc_d5_mind	False
False	False	ours	77	new60	5.0	False	True		True	True	h800	83	633	实验记录/20260607_new90_clean70_h800_late_or_unspawned_30workers/runs/ghost_scene83_61f018bc_d5_ours/summary.json	ghost_scene83_61f018bc_d5_ours	True
True	False	aeb_only	77	new60	5.5	True	True	4.892030451307773	False	False	main650	83	489	实验记录/20260606_new90_le3_1800_inference/runs/ghost_scene83_61f018bc_d5p5_aeb_only/summary.json	ghost_scene83_61f018bc_d5p5_aeb_only	False
True	False	mind	77	new60	5.5	True	True	6.4171893750940106	False	False	main650	83	489	实验记录/20260606_new90_le3_1800_inference/runs/ghost_scene83_61f018bc_d5p5_mind/summary.json	ghost_scene83_61f018bc_d5p5_mind	False
False	False	ours	77	new60	5.5	False	True		True	True	h800	83	626	实验记录/20260607_new90_clean70_h800_late_or_unspawned_30workers/runs/ghost_scene83_61f018bc_d5p5_ours/summary.json	ghost_scene83_61f018bc_d5p5_ours	True
True	False	aeb_only	78	new60	3.0	True	True	7.066311036663486	False	False	main650	85	547	实验记录/20260606_new90_le3_1800_inference/runs/ghost_scene85_91b87407_d3_aeb_only/summary.json	ghost_scene85_91b87407_d3_aeb_only	False
True	False	mind	78	new60	3.0	True	True	7.066311036663486	False	False	main650	85	547	实验记录/20260606_new90_le3_1800_inference/runs/ghost_scene85_91b87407_d3_mind/summary.json	ghost_scene85_91b87407_d3_mind	False
True	False	ours	78	new60	3.0	True	True	3.887368002385341	False	False	h800	85	740	实验记录/20260607_new90_clean70_h800_late_or_unspawned_30workers/runs/ghost_scene85_91b87407_d3_ours/summary.json	ghost_scene85_91b87407_d3_ours	False
True	False	aeb_only	78	new60	3.5	True	True	6.728681730338071	False	False	main650	85	543	实验记录/20260606_new90_le3_1800_inference/runs/ghost_scene85_91b87407_d3p5_aeb_only/summary.json	ghost_scene85_91b87407_d3p5_aeb_only	False
True	False	mind	78	new60	3.5	True	True	7.070289833378207	False	False	main650	85	543	实验记录/20260606_new90_le3_1800_inference/runs/ghost_scene85_91b87407_d3p5_mind/summary.json	ghost_scene85_91b87407_d3p5_mind	False
True	False	ours	78	new60	3.5	True	True	3.4094372937023625	False	False	h800	85	734	实验记录/20260607_new90_clean70_h800_late_or_unspawned_30workers/runs/ghost_scene85_91b87407_d3p5_ours/summary.json	ghost_scene85_91b87407_d3p5_ours	False
True	False	aeb_only	78	new60	4.0	True	True	6.393020006093804	False	False	main650	85	540	实验记录/20260606_new90_le3_1800_inference/runs/ghost_scene85_91b87407_d4_aeb_only/summary.json	ghost_scene85_91b87407_d4_aeb_only	False
True	False	mind	78	new60	4.0	True	True	7.082895810213121	False	False	main650	85	540	实验记录/20260606_new90_le3_1800_inference/runs/ghost_scene85_91b87407_d4_mind/summary.json	ghost_scene85_91b87407_d4_mind	False
True	False	ours	78	new60	4.0	True	True	2.934516450890297	True	False	h800	85	729	实验记录/20260607_new90_clean70_h800_late_or_unspawned_30workers/runs/ghost_scene85_91b87407_d4_ours/summary.json	ghost_scene85_91b87407_d4_ours	False
True	False	aeb_only	78	new60	4.5	True	True	6.393020006093804	False	False	main650	85	537	实验记录/20260606_new90_le3_1800_inference/runs/ghost_scene85_91b87407_d4p5_aeb_only/summary.json	ghost_scene85_91b87407_d4p5_aeb_only	False
True	False	mind	78	new60	4.5	True	True	7.082895810213121	False	False	main650	85	537	实验记录/20260606_new90_le3_1800_inference/runs/ghost_scene85_91b87407_d4p5_mind/summary.json	ghost_scene85_91b87407_d4p5_mind	False
True	False	ours	78	new60	4.5	True	True	2.3021395159651297	True	False	h800	85	723	实验记录/20260607_new90_clean70_h800_late_or_unspawned_30workers/runs/ghost_scene85_91b87407_d4p5_ours/summary.json	ghost_scene85_91b87407_d4p5_ours	False
True	False	aeb_only	78	new60	5.0	True	True	5.978907533234339	False	False	main650	85	533	实验记录/20260606_new90_le3_1800_inference/runs/ghost_scene85_91b87407_d5_aeb_only/summary.json	ghost_scene85_91b87407_d5_aeb_only	False
True	False	mind	78	new60	5.0	True	True	7.0969095200624865	False	False	main650	85	533	实验记录/20260606_new90_le3_1800_inference/runs/ghost_scene85_91b87407_d5_mind/summary.json	ghost_scene85_91b87407_d5_mind	False
True	False	ours	78	new60	5.0	True	True	1.4333567042400457	True	False	h800	85	717	实验记录/20260607_new90_clean70_h800_late_or_unspawned_30workers/runs/ghost_scene85_91b87407_d5_ours/summary.json	ghost_scene85_91b87407_d5_ours	False
True	False	aeb_only	78	new60	5.5	True	True	5.569231031391166	False	False	main650	85	530	实验记录/20260606_new90_le3_1800_inference/runs/ghost_scene85_91b87407_d5p5_aeb_only/summary.json	ghost_scene85_91b87407_d5p5_aeb_only	False
True	False	mind	78	new60	5.5	True	True	7.163285929800283	False	False	main650	85	530	实验记录/20260606_new90_le3_1800_inference/runs/ghost_scene85_91b87407_d5p5_mind/summary.json	ghost_scene85_91b87407_d5p5_mind	False
False	False	ours	78	new60	5.5	False	True		True	True	h800	85	711	实验记录/20260607_new90_clean70_h800_late_or_unspawned_30workers/runs/ghost_scene85_91b87407_d5p5_ours/summary.json	ghost_scene85_91b87407_d5p5_ours	True
True	False	aeb_only	79	new60	3.0	True	True	7.103435142183222	False	False	main650	86	437	实验记录/20260606_new90_le3_1800_inference/runs/ghost_scene86_8e76ea99_d3_aeb_only/summary.json	ghost_scene86_8e76ea99_d3_aeb_only	False
True	False	mind	79	new60	3.0	True	True	7.103435142183222	False	False	main650	86	437	实验记录/20260606_new90_le3_1800_inference/runs/ghost_scene86_8e76ea99_d3_mind/summary.json	ghost_scene86_8e76ea99_d3_mind	False
True	False	ours	79	new60	3.0	True	True	2.912838754941658	True	False	main650	86	601	实验记录/20260606_new90_le3_1800_inference/runs/ghost_scene86_8e76ea99_d3_ours/summary.json	ghost_scene86_8e76ea99_d3_ours	False
True	False	aeb_only	79	new60	3.5	True	True	6.780945420663059	False	False	main650	86	434	实验记录/20260606_new90_le3_1800_inference/runs/ghost_scene86_8e76ea99_d3p5_aeb_only/summary.json	ghost_scene86_8e76ea99_d3p5_aeb_only	False
True	False	mind	79	new60	3.5	True	True	7.098394528007304	False	False	main650	86	434	实验记录/20260606_new90_le3_1800_inference/runs/ghost_scene86_8e76ea99_d3p5_mind/summary.json	ghost_scene86_8e76ea99_d3p5_mind	False
True	False	ours	79	new60	3.5	True	True	1.9526953119351087	True	False	main650	86	593	实验记录/20260606_new90_le3_1800_inference/runs/ghost_scene86_8e76ea99_d3p5_ours/summary.json	ghost_scene86_8e76ea99_d3p5_ours	False
True	False	aeb_only	79	new60	4.0	True	True	6.780945420663059	False	False	main650	86	431	实验记录/20260606_new90_le3_1800_inference/runs/ghost_scene86_8e76ea99_d4_aeb_only/summary.json	ghost_scene86_8e76ea99_d4_aeb_only	False
True	False	mind	79	new60	4.0	True	True	7.098394528007304	False	False	main650	86	431	实验记录/20260606_new90_le3_1800_inference/runs/ghost_scene86_8e76ea99_d4_mind/summary.json	ghost_scene86_8e76ea99_d4_mind	False
True	False	ours	79	new60	4.0	True	True	1.3504224437472967	True	False	main650	86	586	实验记录/20260606_new90_le3_1800_inference/runs/ghost_scene86_8e76ea99_d4_ours/summary.json	ghost_scene86_8e76ea99_d4_ours	False
True	False	aeb_only	79	new60	4.5	True	True	6.4571816479798425	False	False	main650	86	427	实验记录/20260606_new90_le3_1800_inference/runs/ghost_scene86_8e76ea99_d4p5_aeb_only/summary.json	ghost_scene86_8e76ea99_d4p5_aeb_only	False
True	False	mind	79	new60	4.5	True	True	7.117840431855794	False	False	main650	86	427	实验记录/20260606_new90_le3_1800_inference/runs/ghost_scene86_8e76ea99_d4p5_mind/summary.json	ghost_scene86_8e76ea99_d4p5_mind	False
False	False	ours	79	new60	4.5	False	True		True	True	h800	86	578	实验记录/20260607_new90_clean70_h800_late_or_unspawned_30workers/runs/ghost_scene86_8e76ea99_d4p5_ours/summary.json	ghost_scene86_8e76ea99_d4p5_ours	True
True	False	aeb_only	79	new60	5.0	True	True	6.045042960197021	False	False	main650	86	424	实验记录/20260606_new90_le3_1800_inference/runs/ghost_scene86_8e76ea99_d5_aeb_only/summary.json	ghost_scene86_8e76ea99_d5_aeb_only	False
True	False	mind	79	new60	5.0	True	True	7.20600418255611	False	False	main650	86	424	实验记录/20260606_new90_le3_1800_inference/runs/ghost_scene86_8e76ea99_d5_mind/summary.json	ghost_scene86_8e76ea99_d5_mind	False
False	False	ours	79	new60	5.0	False	True		True	True	main650	86	570	实验记录/20260606_new90_le3_1800_inference/runs/ghost_scene86_8e76ea99_d5_ours/summary.json	ghost_scene86_8e76ea99_d5_ours	True
True	False	aeb_only	79	new60	5.5	True	True	5.618320733038945	False	False	main650	86	420	实验记录/20260606_new90_le3_1800_inference/runs/ghost_scene86_8e76ea99_d5p5_aeb_only/summary.json	ghost_scene86_8e76ea99_d5p5_aeb_only	False
True	False	mind	79	new60	5.5	True	True	7.217395252558957	False	False	main650	86	420	实验记录/20260606_new90_le3_1800_inference/runs/ghost_scene86_8e76ea99_d5p5_mind/summary.json	ghost_scene86_8e76ea99_d5p5_mind	False
False	False	ours	79	new60	5.5	False	True		True	True	main650	86	563	实验记录/20260606_new90_le3_1800_inference/runs/ghost_scene86_8e76ea99_d5p5_ours/summary.json	ghost_scene86_8e76ea99_d5p5_ours	True
True	False	aeb_only	80	new60	3.0	True	True	7.01170281318696	False	False	main650	88	590	实验记录/20260606_new90_le3_1800_inference/runs/ghost_scene88_de079416_d3_aeb_only/summary.json	ghost_scene88_de079416_d3_aeb_only	False
True	False	mind	80	new60	3.0	True	True	7.256876561577234	False	False	main650	88	590	实验记录/20260606_new90_le3_1800_inference/runs/ghost_scene88_de079416_d3_mind/summary.json	ghost_scene88_de079416_d3_mind	False
True	False	ours	80	new60	3.0	True	True	4.58132685404973	False	False	h800	88	751	实验记录/20260607_new90_clean70_h800_late_or_unspawned_30workers/runs/ghost_scene88_de079416_d3_ours/summary.json	ghost_scene88_de079416_d3_ours	False
True	False	aeb_only	80	new60	3.5	True	True	7.01170281318696	False	False	main650	88	587	实验记录/20260606_new90_le3_1800_inference/runs/ghost_scene88_de079416_d3p5_aeb_only/summary.json	ghost_scene88_de079416_d3p5_aeb_only	False
True	False	mind	80	new60	3.5	True	True	7.256876561577234	False	False	main650	88	587	实验记录/20260606_new90_le3_1800_inference/runs/ghost_scene88_de079416_d3p5_mind/summary.json	ghost_scene88_de079416_d3p5_mind	False
True	False	ours	80	new60	3.5	True	True	3.732356633672203	False	False	h800	88	745	实验记录/20260607_new90_clean70_h800_late_or_unspawned_30workers/runs/ghost_scene88_de079416_d3p5_ours/summary.json	ghost_scene88_de079416_d3p5_ours	False
True	False	aeb_only	80	new60	4.0	True	True	6.602863811065152	False	False	main650	88	583	实验记录/20260606_new90_le3_1800_inference/runs/ghost_scene88_de079416_d4_aeb_only/summary.json	ghost_scene88_de079416_d4_aeb_only	False
True	False	mind	80	new60	4.0	True	True	7.253814066562002	False	False	main650	88	583	实验记录/20260606_new90_le3_1800_inference/runs/ghost_scene88_de079416_d4_mind/summary.json	ghost_scene88_de079416_d4_mind	False
True	False	ours	80	new60	4.0	True	True	3.257611870273072	False	False	h800	88	740	实验记录/20260607_new90_clean70_h800_late_or_unspawned_30workers/runs/ghost_scene88_de079416_d4_ours/summary.json	ghost_scene88_de079416_d4_ours	False
True	False	aeb_only	80	new60	4.5	True	True	6.112510305003356	False	False	main650	88	580	实验记录/20260606_new90_le3_1800_inference/runs/ghost_scene88_de079416_d4p5_aeb_only/summary.json	ghost_scene88_de079416_d4p5_aeb_only	False
True	False	mind	80	new60	4.5	True	True	7.256415442072091	False	False	main650	88	580	实验记录/20260606_new90_le3_1800_inference/runs/ghost_scene88_de079416_d4p5_mind/summary.json	ghost_scene88_de079416_d4p5_mind	False
True	False	ours	80	new60	4.5	True	True	2.6306997197514486	True	False	h800	88	735	实验记录/20260607_new90_clean70_h800_late_or_unspawned_30workers/runs/ghost_scene88_de079416_d4p5_ours/summary.json	ghost_scene88_de079416_d4p5_ours	False
True	False	aeb_only	80	new60	5.0	True	True	6.112510305003356	False	False	main650	88	576	实验记录/20260606_new90_le3_1800_inference/runs/ghost_scene88_de079416_d5_aeb_only/summary.json	ghost_scene88_de079416_d5_aeb_only	False
True	False	mind	80	new60	5.0	True	True	7.256415442072091	False	False	main650	88	576	实验记录/20260606_new90_le3_1800_inference/runs/ghost_scene88_de079416_d5_mind/summary.json	ghost_scene88_de079416_d5_mind	False
True	False	ours	80	new60	5.0	True	True	1.9179619232612248	True	False	h800	88	729	实验记录/20260607_new90_clean70_h800_late_or_unspawned_30workers/runs/ghost_scene88_de079416_d5_ours/summary.json	ghost_scene88_de079416_d5_ours	False
True	False	aeb_only	80	new60	5.5	True	True	5.623428596230962	False	False	main650	88	573	实验记录/20260606_new90_le3_1800_inference/runs/ghost_scene88_de079416_d5p5_aeb_only/summary.json	ghost_scene88_de079416_d5p5_aeb_only	False
True	False	mind	80	new60	5.5	True	True	7.25854435312419	False	False	main650	88	573	实验记录/20260606_new90_le3_1800_inference/runs/ghost_scene88_de079416_d5p5_mind/summary.json	ghost_scene88_de079416_d5p5_mind	False
True	False	ours	80	new60	5.5	True	True	0.44698519369243517	True	False	h800	88	724	实验记录/20260607_new90_clean70_h800_late_or_unspawned_30workers/runs/ghost_scene88_de079416_d5p5_ours/summary.json	ghost_scene88_de079416_d5p5_ours	False
True	False	aeb_only	81	new60	3.0	True	True	5.306610099824473	False	False	main650	89	498	实验记录/20260606_new90_le3_1800_inference/runs/ghost_scene89_851786ad_d3_aeb_only/summary.json	ghost_scene89_851786ad_d3_aeb_only	False
True	False	mind	81	new60	3.0	True	True	5.378921392463976	False	False	main650	89	498	实验记录/20260606_new90_le3_1800_inference/runs/ghost_scene89_851786ad_d3_mind/summary.json	ghost_scene89_851786ad_d3_mind	False
True	False	ours	81	new60	3.0	True	True	3.986652953986238	False	False	main650	89	562	实验记录/20260606_new90_le3_1800_inference/runs/ghost_scene89_851786ad_d3_ours/summary.json	ghost_scene89_851786ad_d3_ours	False
True	False	aeb_only	81	new60	3.5	True	True	4.955479565563327	False	False	main650	89	493	实验记录/20260606_new90_le3_1800_inference/runs/ghost_scene89_851786ad_d3p5_aeb_only/summary.json	ghost_scene89_851786ad_d3p5_aeb_only	False
True	False	mind	81	new60	3.5	True	True	5.378384393869175	False	False	main650	89	493	实验记录/20260606_new90_le3_1800_inference/runs/ghost_scene89_851786ad_d3p5_mind/summary.json	ghost_scene89_851786ad_d3p5_mind	False
True	False	ours	81	new60	3.5	True	True	3.528195688421089	False	False	main650	89	556	实验记录/20260606_new90_le3_1800_inference/runs/ghost_scene89_851786ad_d3p5_ours/summary.json	ghost_scene89_851786ad_d3p5_ours	False
True	False	aeb_only	81	new60	4.0	True	True	4.517014225519455	False	False	main650	89	488	实验记录/20260606_new90_le3_1800_inference/runs/ghost_scene89_851786ad_d4_aeb_only/summary.json	ghost_scene89_851786ad_d4_aeb_only	False
True	False	mind	81	new60	4.0	True	True	5.403122386999687	False	False	main650	89	488	实验记录/20260606_new90_le3_1800_inference/runs/ghost_scene89_851786ad_d4_mind/summary.json	ghost_scene89_851786ad_d4_mind	False
True	False	ours	81	new60	4.0	True	True	2.5208367843216735	True	False	main650	89	550	实验记录/20260606_new90_le3_1800_inference/runs/ghost_scene89_851786ad_d4_ours/summary.json	ghost_scene89_851786ad_d4_ours	False
True	False	aeb_only	81	new60	4.5	True	True	4.0777557506327895	False	False	main650	89	484	实验记录/20260606_new90_le3_1800_inference/runs/ghost_scene89_851786ad_d4p5_aeb_only/summary.json	ghost_scene89_851786ad_d4p5_aeb_only	False
True	False	mind	81	new60	4.5	True	True	5.384806946163187	False	False	main650	89	484	实验记录/20260606_new90_le3_1800_inference/runs/ghost_scene89_851786ad_d4p5_mind/summary.json	ghost_scene89_851786ad_d4p5_mind	False
True	False	ours	81	new60	4.5	True	True	1.8163365371374036	True	False	main650	89	544	实验记录/20260606_new90_le3_1800_inference/runs/ghost_scene89_851786ad_d4p5_ours/summary.json	ghost_scene89_851786ad_d4p5_ours	False
True	False	aeb_only	81	new60	5.0	True	True	3.5601680098285122	False	False	main650	89	479	实验记录/20260606_new90_le3_1800_inference/runs/ghost_scene89_851786ad_d5_aeb_only/summary.json	ghost_scene89_851786ad_d5_aeb_only	False
True	False	mind	81	new60	5.0	True	True	5.415645618367478	False	False	main650	89	479	实验记录/20260606_new90_le3_1800_inference/runs/ghost_scene89_851786ad_d5_mind/summary.json	ghost_scene89_851786ad_d5_mind	False
True	False	ours	81	new60	5.0	True	True	0.6314829808046808	True	False	main650	89	538	实验记录/20260606_new90_le3_1800_inference/runs/ghost_scene89_851786ad_d5_ours/summary.json	ghost_scene89_851786ad_d5_ours	False
True	False	aeb_only	81	new60	5.5	True	True	2.966019647967319	True	False	main650	89	475	实验记录/20260606_new90_le3_1800_inference/runs/ghost_scene89_851786ad_d5p5_aeb_only/summary.json	ghost_scene89_851786ad_d5p5_aeb_only	False
True	False	mind	81	new60	5.5	True	True	5.401004278160628	False	False	main650	89	475	实验记录/20260606_new90_le3_1800_inference/runs/ghost_scene89_851786ad_d5p5_mind/summary.json	ghost_scene89_851786ad_d5p5_mind	False
False	False	ours	81	new60	5.5	False	True		True	True	main650	89	532	实验记录/20260606_new90_le3_1800_inference/runs/ghost_scene89_851786ad_d5p5_ours/summary.json	ghost_scene89_851786ad_d5p5_ours	True
